mouse,human
Aldh1l1,ALDH1L1
Sry,SRY
Sox12,SOX12
Fry,FRY
Rpe65,RPE65
Ywhae,YWHAE
Camkv,CAMKV
Tst,TST
Mpst,MPST
Hs3st1,HS3ST1
Hs3st2,HS3ST2
Hs3st3b1,HS3ST3B1
Hs3st3a1,HS3ST3A1
Hs3st4,HS3ST4
Rps11,RPS11
Tnfrsf9,TNFRSF9
Ticrr,TICRR
Bsg,BSG
Gm6525,RPL36AL
Rpl36a-ps1,RPL36A
Rpl6,RPL6
Hs6st1,HS6ST1
Hs6st3,HS6ST3
Kdsr,KDSR
Map9,MAP9
Tnfaip3,TNFAIP3
Adora2a,ADORA2A
Rbfox1,RBFOX1
Mug1,PZP
Adora3,ADORA3
H2-Oa,HLA-DOA
Hba-x,HBZ
Hbq1a,HBQ1
Cryaa,CRYAA
Prxl2c,PRXL2C
Aak1,AAK1
Aanat,AANAT
Aars1,AARS1
Rpl9-ps6,RPL9
Abca1,ABCA1
Abca17,ABCA17P
Abca15,ABCA15P
Abca3,ABCA3
Abcb5,ABCB5
Abcb4,ABCB4
Abcb1a,ABCB1
Tap1,TAP1
Tap2,TAP2
Abcb6,ABCB6
Abcc6,ABCC6
Cftr,CFTR
Abcg4,ABCG4
Abhd10,ABHD10
Abhd17a,ABHD17A
Abhd2,ABHD2
Ephx4,EPHX4
Abhd8,ABHD8
Abi1,ABI1
Abi3bp,ABI3BP
Aoc1l1,AOC1
Abra,ABRA
Abraxas1,ABRAXAS1
Abraxas2,ABRAXAS2
Adcy5,ADCY5
Acap2,ACAP2
Soat2,SOAT2
Atp2a1,ATP2A1
Acaca,ACACA
Asic2,ASIC2
Asic3,ASIC3
Asic1,ASIC1
Asic4,ASIC4
Fgf8,FGF8
Furin,FURIN
A1cf,A1CF
Macf1,MACF1
Larp6,LARP6
Chrna1,CHRNA1
Chrnb1,CHRNB1
Chrne,CHRNE
Chrng,CHRNG
Pgm5,PGM5
Acin1,ACIN1
Tnk1,TNK1
Tnk2,TNK2
Acly,ACLY
Sdhaf3,SDHAF3
Acot11,ACOT11
Baat,BAAT
Acot9,ACOT9
Acp5,ACP5
Pxylp1,PXYLP1
Adipoq,ADIPOQ
Acsl1,ACSL1
Acsl3,ACSL3
Acsl4,ACSL4
Acss1,ACSS1
Traf3ip2,TRAF3IP2
Actc1,ACTC1
Inhba,INHBA
Inhbb,INHBB
Acta1,ACTA1
Acte1,ACTE1P
Pomc,POMC
Actg1,ACTG1
Actb,ACTB
Actn2,ACTN2
Actn3,ACTN3
Actr1b,ACTR1B
Actr1a,ACTR1A
Actr2,ACTR2
Acvr2a,ACVR2A
Acvr2b,ACVR2B
Acvr1,ACVR1
Acvr1b,ACVR1B
Noc3l,NOC3L
Ada,ADA
Mapda,MAPDA
Adam10,ADAM10
Adam12,ADAM12
Adam17,ADAM17
Adam8,ADAM8
Adam9,ADAM9
Adamts15,ADAMTS15
Adamts2,ADAMTS2
Adamts8,ADAMTS8
Adamtsl2,ADAMTSL2
Thsd4,THSD4
Adarb1,ADARB1
Coq8a,COQ8A
Coq8b,COQ8B
Adcy8,ADCY8
Adcy3,ADCY3
Adcy7,ADCY7
Adcy6,ADCY6
Adcy9,ADCY9
Adcyap1,ADCYAP1
Adcyap1r1,ADCYAP1R1
Add3,ADD3
Plin2,PLIN2
Adgra1,ADGRA1
Adgrg7,ADGRG7
Adgrl2,ADGRL2
Adh5,ADH5
Adipor1,ADIPOR1
Adissp,ADISSP
Adk,ADK
Adm2,ADM2
Ackr5,ACKR5
Adnp,ADNP
Adnp2,ADNP2
Adprs,ADPRS
Adprm,ADPRM
Parp2,PARP2
Sars1,SARS1
Adra1a,ADRA1A
Adrm1,ADRM1
Adss2,ADSS2
Adss1,ADSS1
Ap1g1,AP1G1
Slc4a1,SLC4A1
Slc4a2,SLC4A2
Slc4a3,SLC4A3
Aebp1,AEBP1
Ctnna1,CTNNA1
Dll1,DLL1
Lgmn,LGMN
Tle5,TLE5
Cfp,CFP
Has3,HAS3
Hnf1a,HNF1A
Gfap,GFAP
Afap1l1,AFAP1L1
Aff1,AFF1
Parvb,PARVB
Apoa2,APOA2
Agr3,AGR3
Gatm,GATM
Acan,ACAN
Agfg1,AGFG1
Agl,AGL
Igfbp7,IGFBP7
Ago1,AGO1
Ago2,AGO2
Ago3,AGO3
Ago4,AGO4
Gpat4,GPAT4
Gpat3,GPAT3
Agrn,AGRN
Agrp,AGRP
Agtr1b,AGTR1
Aplnr,APLNR
Agxt,AGXT
Etnppl,ETNPPL
Ahcyl2,AHCYL2
Ahr,AHR
Ahrr,AHRR
Ahsa1,AHSA1
Ahsa2,AHSA2P
Ahsg,AHSG
Tgfb1,TGFB1
Naxe,NAXE
Yjefn3,YJEFN3
Aicda,AICDA
Aifm1,AIFM1
Aif1l,AIF1L
Slc45a2,SLC45A2
Crybg1,CRYBG1
Crybg2,CRYBG2
Aimp1,AIMP1
Aipl1,AIPL1
Wdr75,WDR75
Wdr55,WDR55
Ak7,AK7
Akap1,AKAP1
Akap12,AKAP12
Akap13,AKAP13
Ak9,AK9
Akr1a1,AKR1A1
Akr1b1,AKR1B1
Efna5,EFNA5
Alas2,ALAS2
Alas1,ALAS1
Alcam,ALCAM
Aldh1b1,ALDH1B1
Aldh2,ALDH2
Aldh3a2,ALDH3A2
Aldh3a1,ALDH3A1
Aldh3b2,ALDH3B2
Aldh3b1,ALDH3B1
Aldh9a1,ALDH9A1
Aldoa,ALDOA
Aldoc,ALDOC
Kcnk5,KCNK5
Rnf121,RNF121
Cops2,COPS2
Acvrl1,ACVRL1
Bmpr1a,BMPR1A
Tgfbr1,TGFBR1
Bmpr1b,BMPR1B
Paf1,PAF1
Lmx1b,LMX1B
Alox15,ALOX15
Alox12,ALOX12
Alox12b,ALOX12B
Alox8,ALOX15B
Aloxe3,ALOXE3
Alox5,ALOX5
Alpl,ALPL
Pdlim3,PDLIM3
Gbgt1,GBGT1
Col1a1,COL1A1
Col1a2,COL1A2
Sptan1,SPTAN1
H2-Ea,HLA-DRA
Chn1,CHN1
Napa,NAPA
Gfer,GFER
Als2,ALS2
Tmem237,TMEM237
Carf,CARF
Vsx2,VSX2
Alx4,ALX4
Vwa2,VWA2
Ambp,AMBP
Amfr,AMFR
Myh6,MYH6
Runx1,RUNX1
Amotl2,AMOTL2
Ampd2,AMPD2
Ampd3,AMPD3
Prkaa1,PRKAA1
Prkaa2,PRKAA2
Dcaf7,DCAF7
Wdhd1,WDHD1
Nppa,NPPA
Hesx1,HESX1
Sapcd2,SAPCD2
Angpt1,ANGPT1
Angpt2,ANGPT2
Vps51,VPS51
Angptl1,ANGPTL1
Angptl2,ANGPTL2
Ank1,ANK1
Ank2,ANK2
Ank3,ANK3
Ankfn1,ANKFN1
Ank,ANKH
Ankib1,ANKIB1
Ankmy2,ANKMY2
Ankrd10,ANKRD10
Ankrd13a,ANKRD13A
Kank1,KANK1
Aard,AARD
Ankrd28,ANKRD28
Ankrd33,ANKRD33
Ankrd33b,ANKRD33B
Sowaha,SOWAHA
Ankrd46,ANKRD46
Ankrd52,ANKRD52
Sowahd,SOWAHD
Ankef1,ANKEF1
Ankrd6,ANKRD6
Nusap1,NUSAP1
Ano1,ANO1
Ano10,ANO10
Ano2,ANO2
Anpep,ANPEP
Serpinc1,SERPINC1
Lefty2,LEFTY2
Lefty1,LEFTY1
Antxr1,ANTXR1
Zfand4,ZFAND4
Anxa5,ANXA5
Anxa3,ANXA3
Kdm1a,KDM1A
Aox3,AOX3P
Aox1,AOX1
Aox2,AOX2P
Tfap2a,TFAP2A
Tfap2b,TFAP2B
Ap2m1,AP2M1
Ap3b1,AP3B1
Ap4b1,AP4B1
Apba1,APBA1
Apba2,APBA2
Apbb2,APBB2
Speg,SPEG
Atg3,ATG3
Atg4b,ATG4B
Atg4c,ATG4C
Atg5,ATG5
Api5,API5
Prkci,PRKCI
Aplp1,APLP1
Apobec2,APOBEC2
Apoa1,APOA1
Apoa4,APOA4
Apob,APOB
Apod,APOD
Apoe,APOE
Lrp8,LRP8
Apoo,APOO
Coa8,COA8
Pycard,PYCARD
App,APP
Nae1,NAE1
Tnfsf13,TNFSF13
Mip,MIP
Aqp11,AQP11
Aqp1,AQP1
Aqp3,AQP3
Aqp8,AQP8
Aqp9,AQP9
Cyp19a1,CYP19A1
Ar,AR
Rnf14,RNF14
Slc25a12,SLC25A12
Arcn1,ARCN1
Naa10,NAA10
Naa11,NAA11
Arf1,ARF1
Arf2,ARF2P
Arf3,ARF3
Arf6,ARF6
Pparg,PPARG
Avp,AVP
Arglu1,ARGLU1
Sorbs2,SORBS2
Rhoa,RHOA
Rnd3,RND3
Arhgap12,ARHGAP12
Arhgap22,ARHGAP22
Arhgap23,ARHGAP23
Arhgap29,ARHGAP29
Arhgap35,ARHGAP35
Arhgap44,ARHGAP44
Arhgap45,ARHGAP45
Arhgap36,ARHGAP36
Arhgap6,ARHGAP6
Arhgef1,ARHGEF1
Arhgef2,ARHGEF2
Arhgef10l,ARHGEF10L
Arhgef15,ARHGEF15
Arhgef18,ARHGEF18
Arhgef28,ARHGEF28
Arhgef37,ARHGEF37
Arhgef7,ARHGEF7
Arhgef9,ARHGEF9
Rnd2,RND2
Rnd1,RND1
Tomm20,TOMM20
Arid5a,ARID5A
Phox2a,PHOX2A
Arl8b,ARL8B
Arl15,ARL15
Arl13b,ARL13B
Arl3,ARL3
Arl4a,ARL4A
Arl6ip1,ARL6IP1
Atl2,ATL2
Arl6ip5,ARL6IP5
Arl5b,ARL5B
Odad2,ODAD2
Dcph1,DCPH1
Arnt,ARNT
Arnt2,ARNT2
Bmal1,BMAL1
Bmal2,BMAL2
Ddc,DDC
Arpc5,ARPC5
Arpc5l,ARPC5L
Arpp19,ARPP19
Arr3,ARR3
Arrb2,ARRB2
Arrdc1,ARRDC1
Arrb1,ARRB1
Arrdc3,ARRDC3
Sag,SAG
Srrt,SRRT
Arsi,ARSI
Arx,ARX
Asah1,ASAH1
Asap1,ASAP1
Asb12,ASB12
Asb13,ASB13
Asb14,ASB14
Asf1b,ASF1B
Asf1a,ASF1A
Asb2,ASB2
Asb5,ASB5
Slc10a2,SLC10A2
Clec10a,CLEC10A
Asgr1,ASGR1
Asgr2,ASGR2
Ascl1,ASCL1
Pard3,PARD3
a,ASIP
Map3k5,MAP3K5
Lhfpl5,LHFPL5
Get3,GET3
Aspn,ASPN
Trp53bp2,TP53BP2
Ass1,ASS1
Robo2,ROBO2
Aste1,ASTE1
Slc17a8,SLC17A8
Ints13,INTS13
Atad1,ATAD1
Prr15l,PRR15L
Ubqln4,UBQLN4
Dtd2,DTD2
Atf2,ATF2
Atf4,ATF4
Pnpla2,PNPLA2
Atoh1,ATOH1
Atoh7,ATOH7
Pgghg,PGGHG
Dtna,DTNA
Neurod6,NEUROD6
Neurog3,NEUROG3
Atp1a1,ATP1A1
Atp1b2,ATP1B2
Atp1b3,ATP1B3
Atp2a2,ATP2A2
Atp2b3,ATP2B3
Atp5f1a,ATP5F1A
Atp5f1b,ATP5F1B
Atp5f1c,ATP5F1C
Atp5f1d,ATP5F1D
Atp5pb,ATP5PB
Atp5mc3,ATP5MC3
Atp5mc1,ATP5MC1
Atp5pd,ATP5PD
Atp5me,ATP5ME
Atp5pf,ATP5PF
Atp5mf,ATP5MF
Atp5mj,ATP5MJ
Atp5po,ATP5PO
Dmac2l,DMAC2L
mt-Atp6,ATP6
Atp6ap1,ATP6AP1
Atp6ap1l,ATP6AP1L
Atp6v1e2,ATP6V1E2
Atp6v1e1,ATP6V1E1
Atp6v0c,ATP6V0C
Atp6v0a1,ATP6V0A1
Atp6v0e,ATP6V0E1
Atp6v1a,ATP6V1A
Atp6v1b2,ATP6V1B2
Atp6v1c1,ATP6V1C1
Atp1a2,ATP1A2
Atp1a3,ATP1A3
Gpn2,GPN2
Gpn3,GPN3
Dph6,DPH6
Atp5if1,ATP5IF1
Antkmt,ANTKMT
Aldh7a1,ALDH7A1
Antxr2,ANTXR2
Atrnl1,ATRNL1
Fbxo32,FBXO32
Rere,RERE
Enpp2,ENPP2
Atxn1,ATXN1
Atxn7l2,ATXN7L2
Atxn7l3,ATXN7L3
Alkal2,ALKAL2
Alkal1,ALKAL1
Thrsp,THRSP
Aurkc,AURKC
Aurkb,AURKB
Auts2,AUTS2
Dnajc6,DNAJC6
Avpr1a,AVPR1A
Avpr2,AVPR2
Zfand6,ZFAND6
Foxa2,FOXA2
Axin2,AXIN2
Marchf7,MARCHF7
Csrnp1,CSRNP1
Lpcat1,LPCAT1
Glra1,GLRA1
Glra4,GLRA4
Cep131,CEP131
Azin1,AZIN1
Oaz1,OAZ1
Oaz2,OAZ2
B3galt1,B3GALT1
B3glct,B3GLCT
B3gat1,B3GAT1
B4gat1,B4GAT1
B3gnt3,B3GNT3
B3gnt5,B3GNT5
Qtgal,QTGAL
B4galnt2,B4GALNT2
Hbb-y,HBE1
Baalc,BAALC
Bace2,BACE2
Bach1,BACH1
Bach2,BACH2
Otop1,OTOP1
Bad,BAD
Itga3,ITGA3
Smarcc2,SMARCC2
Actl6a,ACTL6A
Smarce1,SMARCE1
Smarcd1,SMARCD1
Tnfsf13b,TNFSF13B
Bahcc1,BAHCC1
Adgrb1,ADGRB1
Adgrb2,ADGRB2
Adgrb3,ADGRB3
Magi1,MAGI1
Baiap2l1,BAIAP2L1
Baiap2l2,BAIAP2L2
Chat,CHAT
Lama1,LAMA1
Bambi,BAMBI
Stom,STOM
Glrb,GLRB
Cse1l,CSE1L
Heatr1,HEATR1
Nkx3-2,NKX3-2
Ubiad1,UBIAD1
Barhl1,BARHL1
Cel,CEL
Ddx39b,DDX39B
Bag6,BAG6
Abhd16b,ABHD16B
Abhd16a,ABHD16A
Ehmt2,EHMT2
Bax,BAX
Gapdhrt2,GAPDH
Rpl7,RPL7
Bbip1,BBIP1
Bbof1,BBOF1
Mapkapk2,MAPKAPK2
Trim32,TRIM32
Arl6,ARL6
Mkks,MKKS
Ttc8,TTC8
Blcap,BLCAP
Chmp2a,CHMP2A
Phb2,PHB2
Mepce,MEPCE
Bco1,BCO1
Bco2,BCO2
Ckb,CKB
Bcl11a,BCL11A
Bcl11b,BCL11B
Bcl2,BCL2
Bcl2l1,BCL2L1
Bcl6,BCL6
Bcl7b,BCL7B
Bcl9l,BCL9L
Bdkrb1,BDKRB1
Dll3,DLL3
Itga5,ITGA5
Lhx2,LHX2
Psmb6,PSMB6
Itgb1,ITGB1
Psmb9,PSMB9
Psmb7,PSMB7
Psmb10,PSMB10
Neurod1,NEUROD1
Bhlhe22,BHLHE22
Bhlhe23,BHLHE23
Psmb5,PSMB5
Psmb8,PSMB8
Psmb11,PSMB11
H2-Ob,HLA-DOB
Napb,NAPB
Cfb,CFB
Foxg1,FOXG1
Fabp7,FABP7
Adgrg6,ADGRG6
Bgn,BGN
Bhlhe40,BHLHE40
Bhlhe41,BHLHE41
Bhlha15,BHLHA15
Tmbim6,TMBIM6
Cdh2,CDH2
Bicdl1,BICDL1
Bicc1,BICC1
Bicd2,BICD2
Bid,BID
Tgfbi,TGFBI
Klf17,KLF17
Bcl2l11,BCL2L11
Bin1,BIN1
Bin2,BIN2
Zbtb22,ZBTB22
Wdr46,WDR46
Hspa5,HSPA5
Slc12a7,SLC12A7
Birc3,BIRC3
Birc2,BIRC2
Frem2,FREM2
Slc37a2,SLC37A2
Prdm1,PRDM1
Ptch1,PTCH1
Ptch2,PTCH2
Ltb4r1,LTB4R
Ltb4r2,LTB4R2
Blk,BLK
Slc17a6,SLC17A6
Kat6a,KAT6A
Bmp10,BMP10
Gdf11,GDF11
Gdf7,GDF7
Gdf6,GDF6
Gdf5,GDF5
Bmp2,BMP2
Gdf10,GDF10
Bmp4,BMP4
Bmp5,BMP5
Bmp7,BMP7
Gdf2,GDF2
Bms1,BMS1
Samtor,SAMTOR
Mybl2,MYBL2
Bnip3l,BNIP3L
Atcay,ATCAY
Bnc2,BNC2
Nppb,NPPB
Bok,BOK
Mixl1,MIXL1
Ifitm5,IFITM5
Bcl2l10,BCL2L10
Extl3,EXTL3
Dst,DST
T,TBXT
Smarca4,SMARCA4
Zmynd11,ZMYND11
Uqcc6,UQCC6
Ptbp1,PTBP1
Brd1,BRD1
Brd2,BRD2
Brd8,BRD8
Kcnh6,KCNH6
Babam2,BABAM2
Brf1,BRF1
Brinp3,BRINP3
Brms1l,BRMS1L
Pou3f3,POU3F3
Pou3f2,POU3F2
Pou4f1,POU4F1
Pou4f3,POU4F3
Pou4f2,POU4F2
Tbc1d32,TBC1D32
Vwc2,VWC2
Vwc2l,VWC2L
Hgh1,HGH1
Mpc2,MPC2
Trp53,TP53
Brpf3,BRPF3
Mpped2,MPPED2
Celf1,CELF1
Celf5,CELF5
Apmap,APMAP
Abcb11,ABCB11
Bsn,BSN
Sptb,SPTB
Slx4,SLX4
Btbd2,BTBD2
Btbd3,BTBD3
Btbd6,BTBD6
Klf9,KLF9
Btg1,BTG1
Btg2,BTG2
Dtnb,DTNB
Trim65,TRIM65
Trim29,TRIM29
Fbxw11,FBXW11
Sp5,SP5
Prkd2,PRKD2
Dctn1,DCTN1
Sec24d,SEC24D
Popdc1,POPDC1
B2m,B2M
Phlda3,PHLDA3
Rpf2,RPF2
Rpf1,RPF1
Hoxb9,HOXB9
Hoxc9,HOXC9
Tspo2,TSPO2
Tspo,TSPO
Bzw1,BZW1
Cfap298,CFAP298
Lrmda,LRMDA
Mcmbp,MCMBP
Ado,ADO
Cdc123,CDC123
Tmem258,TMEM258
Tmem9b,TMEM9B
Aamdc,AAMDC
Myrf,MYRF
Rassf8,RASSF8
Tigar,TIGAR
C9orf72,C9orf72
Uspl1,USPL1
Gm614,CXorf65
Nrde2,NRDE2
Eapp,EAPP
Dglucy,DGLUCY
Rsl24d1,RSL24D1
Pagr1a,PAGR1
Cfap161,CFAP161
Vps9d1,VPS9D1
Miso1,MISO1
Airim,AIRIM
1600014C10Rik,C19orf12
Swsap1,SWSAP1
C1galt1,C1GALT1
Serping1,SERPING1
Odr4,ODR4
Ildr2,ILDR2
Ciart,CIART
Caprin2,CAPRIN2
C1qtnf12,C1QTNF12
C1ql3,C1QL3
C1ql1,C1QL1
C1qtnf6,C1QTNF6
Amacr,AMACR
C1qtnf4,C1QTNF4
Slc22a5,SLC22A5
Slc22a4,SLC22A4
Cfap206,CFAP206
Gid8,GID8
Mtcl2,MTCL2
Fitm2,FITM2
Ppdpf,PPDPF
Mrgbp,MRGBP
Prelid3b,PRELID3B
C2cd4d,C2CD4D
C2cd4a,C2CD4A
C2cd4b,C2CD4B
Gcnt4,GCNT4
Cnppd1,CNPPD1
Dcaf17,DCAF17
Pcare,PCARE
C3,C3
Hhatl,HHATL
Dipk2a,DIPK2A
Eogt,EOGT
2510009E07Rik,C3orf70
D3Ertd751e,C4orf33
Trappc11,TRAPPC11
Nop14,NOP14
Chst11,CHST11
Chst12,CHST12
Mtrfr,MTRFR
C6,C6
Abracl,ABRACL
Nkapl,NKAPL
Nkap,NKAP
Vta1,VTA1
Sft2d1,SFT2D1
Ltv1,LTV1
C7,C7
1700066M21Rik,C2orf69
Rpp25l,RPP25L
Ptprz1,PTPRZ1
Ca2,CA2
Ca3,CA3
Ca13,CA13
Ca1,CA1
Ca4,CA4
Ca5b,CA5B
Ca5a,CA5A
Cacnb2,CACNB2
Cacnb3,CACNB3
Cacnb4,CACNB4
Cabp1,CABP1
Cabp4,CABP4
Cabp7,CABP7
Caln1,CALN1
Cacna1a,CACNA1A
Cacna1b,CACNA1B
Cacna1d,CACNA1D
Cacna1f,CACNA1F
Cacna1i,CACNA1I
Cacna1s,CACNA1S
Cacna2d2,CACNA2D2
Cacna2d4,CACNA2D4
Cacng1,CACNG1
Cacng2,CACNG2
Cacng3,CACNG3
Cacng4,CACNG4
Dffb,DFFB
Cald1,CALD1
Cdx4,CDX4
Cdh23,CDH23
Cdh5,CDH5
Cadps,CADPS
Lama2,LAMA2
Chaf1b,CHAF1B
Pdia4,PDIA4
Atp7a,ATP7A
Calb2,CALB2
Calcb,CALCB
Calca,CALCA
Calcoco1,CALCOCO1
Calcrl,CALCRL
Calhm1,CALHM1
Calhm2,CALHM2
Calhm4,CALHM4
Rnpc3,RNPC3
Calm2,CALM2
Calm1,CALM1
Calm3,CALM3
Calml4,CALML4
Calr,CALR
Calr3,CALR3
Calu,CALU
Chl1,CHL1
Nat8b-ps,NAT8
Gch1,GCH1
Camk1d,CAMK1D
Camk1g,CAMK1G
Camk2a,CAMK2A
Camk2b,CAMK2B
Camk2d,CAMK2D
Camk2g,CAMK2G
Camk2n1,CAMK2N1
Camk2n2,CAMK2N2
Camkk1,CAMKK1
Ppm1f,PPM1F
Ppm1e,PPM1E
Camsap1,CAMSAP1
Camsap2,CAMSAP2
Camta1,CAMTA1
Cnpy3,CNPY3
Cant1,CANT1
Clgn,CLGN
Ncapd2,NCAPD2
Capg,CAPG
Capn11,CAPN11
Capn1,CAPN1
Capn3,CAPN3
Capns2,CAPNS2
Capns1,CAPNS1
Nos1ap,NOS1AP
Caprin1,CAPRIN1
Tcf21,TCF21
Capza1,CAPZA1
Capza2,CAPZA2
Cpa1,CPA1
Cpa5,CPA5
Nlrp12,NLRP12
Nlrp4e,NLRP4
Nlrp14,NLRP14
Nlrp3,NLRP3
Nod2,NOD2
Mylk3,MYLK3
Gbp10,GBP6
Cdkn2aip,CDKN2AIP
Naxd,NAXD
Carmil1,CARMIL1
Carmil2,CARMIL2
Carmil3,CARMIL3
Ca8,CA8
Cars1,CARS1
Cartpt,CARTPT
Dnai7,DNAI7
Golm2,GOLM2
Knl1,KNL1
Cask,CASK
Caskin2,CASKIN2
Casp12,CASP12
Casp1,CASP1
Casp3,CASP3
Casp6,CASP6
Casp7,CASP7
Casp8,CASP8
Cntnap1,CNTNAP1
Casr,CASR
Stil,STIL
Cdx2,CDX2
Cdx1,CDX1
Cavin4,CAVIN4
Cox5a,COX5A
Cnr1,CNR1
Pepd,PEPD
Dock2,DOCK2
Lima1,LIMA1
Hipk2,HIPK2
Chac1,CHAC1
Scarb1,SCARB1
Aco2,ACO2
Abcc4,ABCC4
Clptm1,CLPTM1
Etfa,ETFA
Nmrk2,NMRK2
Mcm4,MCM4
Smox,SMOX
Enpp6,ENPP6
Pkm,PKM
Snx8,SNX8
Cltc,CLTC
Mmp13,MMP13
Trp53inp1,TP53INP1
Cpn1,CPN1
Fhl1,FHL1
Slc20a1,SLC20A1
Ctps1,CTPS1
Fa2h,FA2H
Rabl6,RABL6
Gclc,GCLC
Tulp2,TULP2
Ivns1abp,IVNS1ABP
Pde7a,PDE7A
Mtfr1,MTFR1
Hadha,HADHA
Pdxk,PDXK
Flt4,FLT4
Tpx2,TPX2
H1f10,H1-10
Cebpa,CEBPA
Blvrb,BLVRB
Fos,FOS
Gmppb,GMPPB
Pim2,PIM2
Gsn,GSN
Cebpe,CEBPE
Rspo1,RSPO1
Homez,HOMEZ
Dnmt1,DNMT1
Myo5b,MYO5B
Ahcy,AHCY
Id1,ID1
Sgk1,SGK1
Cpvl,CPVL
Trim33,TRIM33
Spi1,SPI1
Ip6k2,IP6K2
Spag1,SPAG1
Aatf,AATF
Coro1b,CORO1B
Rrm2,RRM2
Krt12,KRT12
Krt15,KRT15
Krt14,KRT14
Krt16,KRT16
Krt17,KRT17
Krt13,KRT13
Krt19,KRT19
Foxb1,FOXB1
Slc38a2,SLC38A2
Cgn,CGN
Pabpc4,PABPC4
Tbx6,TBX6
Klf2,KLF2
Snu13,SNU13
Hes1,HES1
Nifk,NIFK
Atp1b1,ATP1B1
Rfx2,RFX2
Map3k4,MAP3K4
Ccng1,CCNG1
Atad5,ATAD5
Ftl2-ps,FTL
Clic4,CLIC4
Cts3,CTSL
Snai2,SNAI2
Dtl,DTL
Kif20b,KIF20B
Hspb1,HSPB1
Ddx18,DDX18
Slbp,SLBP
Rtca,RTCA
Pcna,PCNA
Ccnd1,CCND1
Elob,ELOB
Nop2,NOP2
Ccne2,CCNE2
Ppm1g,PPM1G
Sox15,SOX15
Tpi1,TPI1
Noxo1,NOXO1
Ppl,PPL
Pard6g,PARD6G
Crtac1,CRTAC1
Krt74,KRT74
Krt77,KRT77
Krt73,KRT73
Krt90,KRT90P
Krt71,KRT71
Krt2,KRT2
Krt84,KRT84
Krt1,KRT1
Krt4,KRT4
Krt72,KRT72
Krt7,KRT7
Krt79,KRT79
Krt75,KRT75
Krt76,KRT76
Krt8,KRT8
Dcun1d2,DCUN1D2
Ptgds,PTGDS
Yap1,YAP1
Glul,GLUL
Gadd45b,GADD45B
Pou5f2,POU5F2
Zfp36l1,ZFP36L1
Flot1,FLOT1
Myh2,MYH2
Myh4,MYH4
Myh8,MYH8
Myh1,MYH1
Yars1,YARS1
Trim71,TRIM71
Il17rd,IL17RD
Prc1,PRC1
Ktn1,KTN1
Cldn4,CLDN4
Serpinh1,SERPINH1
Dnase1l1,DNASE1L1
Phc2,PHC2
Col27a1,COL27A1
Tagln2,TAGLN2
Meis1,MEIS1
H13,HM13
Slc25a22,SLC25A22
Fgfr1,FGFR1
Bckdk,BCKDK
Sox2,SOX2
Sox11,SOX11
Desi2,DESI2
Cyp26a1,CYP26A1
Pgp,PGP
Angptl6,ANGPTL6
Jag1,JAG1
Ell2,ELL2
Lcp1,LCP1
Epha4,EPHA4
Sestd1,SESTD1
Hoxb1,HOXB1
Tecr,TECR
Shcbp1,SHCBP1
Thumpd3,THUMPD3
Tacc2,TACC2
Neurog1,NEUROG1
Sesn3,SESN3
Kdm5b,KDM5B
Zfp36,ZFP36
Ccnb1,CCNB1
Rrp36,RRP36
Dusp1,DUSP1
Igdcc4,IGDCC4
Sec13,SEC13
Abl2,ABL2
Mbp,MBP
Rfc3,RFC3
Vim,VIM
Pax6,PAX6
Copa,COPA
Tram1l1,TRAM1L1
Tram1,TRAM1
Selenof,SELENOF
Des,DES
Frzb,FRZB
Npc2,NPC2
Paics,PAICS
Cnmd,CNMD
Cnr2,CNR2
Egfl6,EGFL6
Hmcn2,HMCN2
Serpina3i,SERPINA3
Serpina1e,SERPINA1
Bcas2,BCAS2
Fcho2,FCHO2
Cited4,CITED4
Mki67,MKI67
Gap43,GAP43
Trappc13,TRAPPC13
Sidt2,SIDT2
Id2,ID2
Mthfd1,MTHFD1
Msh6,MSH6
Tnnt2,TNNT2
Prrx1,PRRX1
Cxadr,CXADR
Hoxa3,HOXA3
Neo1,NEO1
Trim34b,TRIM34
Trim75,TRIM75
Trim61,TRIM61
Trim30c,TRIM5
Trim39,TRIM39
Trim40,TRIM40
Trim6,TRIM6
Trim60,TRIM60
Rybp,RYBP
Col9a1,COL9A1
Hoxc8,HOXC8
Pinx1,PINX1
Col9a2,COL9A2
Qki,QKI
Cercam,CERCAM
Six3,SIX3
Gapdhs,GAPDHS
Abca12,ABCA12
Sec31a,SEC31A
Gstp1,GSTP1
Mbd3,MBD3
Uchl1,UCHL1
Pigq,PIGQ
Mybph,MYBPH
Rrbp1,RRBP1
Kmo,KMO
Eef2k,EEF2K
Acbd3,ACBD3
Col9a3,COL9A3
Dapl1,DAPL1
Hkdc1,HKDC1
Col18a1,COL18A1
Sall4,SALL4
Cdca8,CDCA8
Fibin,FIBIN
Ppp1r13b,PPP1R13B
Colec12,COLEC12
Pax2,PAX2
Cebpb,CEBPB
Tomm22,TOMM22
Col14a1,COL14A1
Fzd2,FZD2
Mmp14,MMP14
Rspo3,RSPO3
Cldn7,CLDN7
Slc38a7,SLC38A7
Slc44a2,SLC44A2
Unc45b,UNC45B
St8sia2,ST8SIA2
Rrm1,RRM1
Pmel,PMEL
Tenm3,TENM3
Sccpdh,SCCPDH
Lama5,LAMA5
Cxcr4,CXCR4
Esrp2,ESRP2
Mad2l1,MAD2L1
Depdc1a,DEPDC1
Ftsj3,FTSJ3
Sec61a1,SEC61A1
Kdm7a,KDM7A
Evx1,EVX1
Ephb4,EPHB4
Nav3,NAV3
Ctsf,CTSF
Pak2,PAK2
Trip11,TRIP11
Ptprk,PTPRK
Slc11a2,SLC11A2
Slc11a1,SLC11A1
Egr2,EGR2
Farsb,FARSB
Rrp1b,RRP1B
Ap3m1,AP3M1
Crabp2,CRABP2
Msx1,MSX1
Rgs4,RGS4
Stt3a,STT3A
Ccng2,CCNG2
Tnnt3,TNNT3
Sdc2,SDC2
Cbs,CBS
Ccnf,CCNF
Ppp1r3c,PPP1R3C
Arf5,ARF5
Fst,FST
Grwd1,GRWD1
Slc26a10,SLC26A10P
Pdcd4,PDCD4
Rab40c,RAB40C
Jph2,JPH2
Epb41l3,EPB41L3
Cad,CAD
Ranbp9,RANBP9
Sp8,SP8
Mylpf,MYL11
Lysmd3,LYSMD3
Sod2,SOD2
Crabp1,CRABP1
Grhl3,GRHL3
Ywhag,YWHAG
Pwp2,PWP2
Arpp21,ARPP21
Ypel3,YPEL3
Plod3,PLOD3
Mybbp1a,MYBBP1A
Smoc2,SMOC2
Col15a1,COL15A1
Trpm7,TRPM7
Grm6,GRM6
Cluh,CLUH
Apeh,APEH
Tacc3,TACC3
Rdh8,RDH8
Robo3,ROBO3
Clybl,CLYBL
Cdon,CDON
Ckm,CKM
Spry4,SPRY4
Mob1b,MOB1B
Zfp703,ZNF703
Ptma,PTMA
Ets1,ETS1
Slc16a1,SLC16A1
Mdk,MDK
Klhl41,KLHL41
Llgl2,LLGL2
Ephx2,EPHX2
Lmo1,LMO1
Plk1,PLK1
Tbc1d4,TBC1D4
Kars1,KARS1
Noc4l,NOC4L
Cpox,CPOX
Tgfbr2,TGFBR2
Klf6,KLF6
Ugcg,UGCG
Ccnjl,CCNJL
B3gnt7,B3GNT7
Capn9,CAPN9
Id4,ID4
Cntfr,CNTFR
Gata3,GATA3
Myog,MYOG
Glo1,GLO1
Gdf3,GDF3
Gdf1,GDF1
Zfp513,ZNF513
Gpx4,GPX4
Ezr,EZR
Dclk2,DCLK2
Marcksl1,MARCKSL1
Trim80,TRIM80P
Prdx2,PRDX2
Npm3,NPM3
Lmbr1l,LMBR1L
Bcl7a,BCL7A
Ahcyl1,AHCYL1
Hdlbp,HDLBP
Fbp1,FBP1
Dlst,DLST
Sipa1l1,SIPA1L1
Gata6,GATA6
Nfkbib,NFKBIB
Elovl6,ELOVL6
Gbx1,GBX1
Plaa,PLAA
Suclg2,SUCLG2
Pmm2,PMM2
Slc39a1,SLC39A1
Slc39a2,SLC39A2
Gmps,GMPS
Dnmt3b,DNMT3B
Gata5,GATA5
Impdh2,IMPDH2
Nucb2,NUCB2
Rock2,ROCK2
Myf5,MYF5
Snai1,SNAI1
Dlgap5,DLGAP5
Hells,HELLS
Coro1c,CORO1C
Igfbp1,IGFBP1
Higd1a,HIGD1A
Higd1c,HIGD1C
Dmd,DMD
Lars1,LARS1
Ccna2,CCNA2
Kbtbd8,KBTBD8
Tpm3,TPM3
Msi1,MSI1
Pola1,POLA1
Pbdc1,PBDC1
Pdcd11,PDCD11
Txnrd3,TXNRD3
Dio2,DIO2
Dio1,DIO1
Selenon,SELENON
Msrb1,MSRB1
Selenop,SELENOP
Gpx1,GPX1
Selenom,SELENOM
Selenow,SELENOW
Mien1,MIEN1
Selenoh,SELENOH
Selenot,SELENOT
Sephs2,SEPHS2
Nap1l1,NAP1L1
Tg,TG
Prdx3,PRDX3
Atic,ATIC
Foxi2,FOXI2
Foxi1,FOXI1
Nanos3,NANOS3
Hif1an,HIF1AN
Rab14,RAB14
Cetn4,CETN4P
E2f5,E2F5
Dnd1,DND1
Kif23,KIF23
Ucp2,UCP2
Hspa9,HSPA9
Dynll2,DYNLL2
Gorasp1,GORASP1
Uox,UOX
Msi2,MSI2
Wnt11,WNT11
Rab2a,RAB2A
Eif4ebp3,EIF4EBP3
Ggcx,GGCX
Anxa11,ANXA11
Ssr1,SSR1
Psap,PSAP
Gstm5,GSTM3
Gstm7,GSTM2
Gstm4,GSTM4
Pak1,PAK1
Rab13,RAB13
Gys2,GYS2
Tjp3,TJP3
Kdelr2,KDELR2
Otx1,OTX1
Ca9,CA9
Pip4k2c,PIP4K2C
Mvp,MVP
Dnaja4,DNAJA4
Ndrg1,NDRG1
Ica1l,ICA1L
Add1,ADD1
Smc4,SMC4
Csrp1,CSRP1
Aktip,AKTIP
Jup,JUP
Mcm6,MCM6
Rdh10,RDH10
Ptpn2,PTPN2
Zic3,ZIC3
H1f8,H1-8
Tjp1,TJP1
G6pc1,G6PC1
Tbx20,TBX20
Crx,CRX
Krt18,KRT18
Mtr,MTR
Sh3gl1,SH3GL1
Tpm2,TPM2
Mpzl2,MPZL2
Aldh18a1,ALDH18A1
Ddx27,DDX27
Efhc2,EFHC2
Aldh6a1,ALDH6A1
Zic2,ZIC2
Gpd2,GPD2
Fli1,FLI1
Pck1,PCK1
Gtpbp1,GTPBP1
Dstn,DSTN
Tktl2,TKTL2
Tkt,TKT
Tktl1,TKTL1
Ehd1,EHD1
Hspd1,HSPD1
Tsc22d2,TSC22D2
Ppib,PPIB
Gstt1,GSTT1
Gstt4,GSTT4
Gstt3,GSTT3P
Arpc1b,ARPC1B
Tfe3,TFE3
Gnai1,GNAI1
Lhx8,LHX8
Idh1,IDH1
Pah,PAH
Fen1,FEN1
Dnttip2,DNTTIP2
Abat,ABAT
Tead3,TEAD3
Eno3,ENO3
Prickle2,PRICKLE2
Fabp3,FABP3
Ufsp2,UFSP2
Lrrc15,LRRC15
Nherf1,NHERF1
Sall1,SALL1
D630003M21Rik,KIAA1755
Spout1,SPOUT1
Stap2,STAP2
Cdh17,CDH17
Celf2,CELF2
Anp32b,ANP32B
Mgll,MGLL
Nap1l4,NAP1L4
Ctsc,CTSC
Rab32,RAB32
Xbp1,XBP1
Gemin5,GEMIN5
Btg3,BTG3
Pif1,PIF1
Slc43a2,SLC43A2
Pald1,PALD1
Copg1,COPG1
Copg2,COPG2
Tuba1b,TUBA1B
Tuba1c,TUBA1C
Lmna,LMNA
Lamb1,LAMB1
mt-Nd2,ND2
Dmxl2,DMXL2
Dnajb11,DNAJB11
Cyp11a1,CYP11A1
Rgs12,RGS12
Stmn1,STMN1
Prps1l3,PRPS1
Prps1l1,PRPS1L1
Ddx21,DDX21
Cdkn1c,CDKN1C
Apc,APC
Flnb,FLNB
Cd99l2,CD99L2
Cd99,CD99
Uba5,UBA5
Aopep,AOPEP
Otp,OTP
Tent5b,TENT5B
Ptprm,PTPRM
Stk40,STK40
Shbg,SHBG
Lrig1,LRIG1
Dnajc5,DNAJC5
Mpp1,MPP1
Septin9,SEPTIN9
Ces2h,CES2
Ces3a,CES3
Ces4a,CES4A
Ces1a,CES1
Ces5a,CES5A
Cbln2,CBLN2
Crebbp,CREBBP
Cbx1,CBX1
Cbx3,CBX3
Cbx8,CBX8
Dipk2b,DIPK2B
Kyat1,KYAT1
Kyat3,KYAT3
Dixdc1,DIXDC1
Sgf29,SGF29
Dnaaf19,DNAAF19
Cfap36,CFAP36
Tektl1,TEKTL1
Ccdc106,CCDC106
Mcu,MCU
Cfap53,CFAP53
Cfap263,CFAP263
Odad1,ODAD1
Ccdc63,CCDC63
Vma22,VMA22
Ccdc120,CCDC120
Cep89,CEP89
Ccdc127,CCDC127
Itprid1,ITPRID1
Yju2b,YJU2B
Vps50,VPS50
Cfap58,CFAP58
Ccdc149,CCDC149
Odad3,ODAD3
Drc12,DRC12
Drc1,DRC1
Cfap210,CFAP210
Cfap119,CFAP119
Cfap45,CFAP45
Svbp,SVBP
Ccdc3,CCDC3
Cfap100,CFAP100
Cep83,CEP83
Ccdc42,CCDC42
Cfap73,CFAP73
Cwc25,CWC25
Ccdc50,CCDC50
Spice1,SPICE1
Washc3,WASHC3
Nsrp1,NSRP1
Coa3,COA3
Mix23,MIX23
Ccdc6,CCDC6
Bicdl2,BICDL2
Drc2,DRC2
Gpatch11,GPATCH11
Trmt13,TRMT13
Terb1,TERB1
Cenatac,CENATAC
Ccdc85c,CCDC85C
Yju2,YJU2
Cfap184,CFAP184
Cck,CCK
Cckbr,CCKBR
Ccl19,CCL19
Ccl20,CCL20
Ccl21e,CCL21
Ccl25,CCL25
Ccl5,CCL5
Ccl8,CCL8
Ccl2,CCL2
Ccl7,CCL7
Ccl24,CCL24
Ccl27a,CCL27
Ccl28,CCL28
Krit1,KRIT1
Pdcd10,PDCD10
Ccm2l,CCM2L
Ccn5,CCN5
Ccnd2,CCND2
Ccne1,CCNE1
Ccnl1,CCNL1
Ccnt2,CCNT2
Agtpbp1,AGTPBP1
Agbl2,AGBL2
Agbl5,AGBL5
Agbl4,AGBL4
Ccr3,CCR3
Ccr4,CCR4
Ccr1,CCR1
Ccr5,CCR5
Ccr2,CCR2
Ccr8,CCR8
Cx3cr1,CX3CR1
Ccr9,CCR9
Cdk20,CDK20
Ackr4,ACKR4
Noct,NOCT
Ccser2,CCSER2
Tcp1,TCP1
Itgad,ITGAD
Itgax,ITGAX
Itgam,ITGAM
Mcam,MCAM
Cd40lg,CD40LG
Cd63,CD63
Cd209e,CD209
Cd36,CD36
Cd2ap,CD2AP
Pecam1,PECAM1
Scarb2,SCARB2
Entpd5,ENTPD5
Polr1g,POLR1G
Cd247,CD247
Cd4,CD4
Itga2b,ITGA2B
Cd44,CD44
Ptprc,PTPRC
Itga2,ITGA2
Cd59b,CD59
Tfrc,TFRC
Cd74,CD74
Cd81,CD81
Cd82,CD82
Adgre1,ADGRE1
Cda,CDA
Cdc14a,CDC14A
Cdk1,CDK1
Cdk13,CDK13
Cdk19,CDK19
Cnot1,CNOT1
Cdc42,CDC42
Cdc42ep5,CDC42EP5
Cdc42ep4,CDC42EP4
Cdc45,CDC45
Vcp,VCP
Cdca7,CDCA7
Cdca7l,CDCA7L
Cdh10,CDH10
Cdh9,CDH9
Cdh12,CDH12
Cdh18,CDH18
Cdh26,CDH26
Cdh7,CDH7
Cdhr1,CDHR1
Cdh11,CDH11
Cdk5r1,CDK5R1
Cdk5r2,CDK5R2
Cdkn1b,CDKN1B
Xtbd1,XTBD1
Cdkn2a,CDKN2A
Cdk5rap3,CDK5RAP3
M6pr,M6PR
Espl1,ESPL1
Ift81,IFT81
Slc44a1,SLC44A1
Sass6,SASS6
Cebpd,CEBPD
Cebpg,CEBPG
Hdhd5,HDHD5
Tmem121b,TMEM121B
Get4,GET4
Celf3,CELF3
Cnbp,CNBP
Zcchc13,ZCCHC13
Celsr1,CELSR1
Celsr2,CELSR2
Odf2,ODF2
Cpap,CPAP
Cep170,CEP170
Cep170b,CEP170B
Cdk5rap2,CDK5RAP2
Cep55,CEP55
Cpeb1,CPEB1
Cept1,CEPT1
Cp,CP
Thra,THRA
Cers3,CERS3
Tbl3,TBL3
Cfd,CFD
F13b,F13B
Cfl1,CFL1
Cflar,CFLAR
Rflna,RFLNA
Csf1r,CSF1R
Cxxc1,CXXC1
Mib1,MIB1
Cgas,CGAS
Tmed5,TMED5
Vit,VIT
Elfn2,ELFN2
Samd3,SAMD3
Nhsl1,NHSL1
Crtc1,CRTC1
L3mbtl3,L3MBTL3
Ch25h,CH25H
Hes5,HES5
Epb41,EPB41
Cer1,CER1
Dand5,DAND5
Vps13a,VPS13A
Disp1,DISP1
Synpo2l,SYNPO2L
Cct2,CCT2
Cct3,CCT3
Cct7,CCT7
Churc1,CHURC1
Chchd10,CHCHD10
Chchd3,CHCHD3
Chchd4,CHCHD4
Lypd6b,LYPD6B
Chrd,CHRD
Chit1,CHIT1
Chil4,CHIA
Ovgp1,OVGP1
Stub1,STUB1
Rax,RAX
Chek1,CHEK1
Chek2,CHEK2
Chrdl2,CHRDL2
Chmp2b,CHMP2B
Chmp5,CHMP5
Chmp6,CHMP6
Meox1,MEOX1
Ddit3,DDIT3
Chordc1,CHORDC1
Slc6a8,SLC6A8
Chp1,CHP1
Mlxipl,MLXIPL
Mlxip,MLXIP
Chrm1,CHRM1
Chrm2,CHRM2
Chrm5,CHRM5
Chrna10,CHRNA10
Chrna2,CHRNA2
Chrna4,CHRNA4
Chrna9,CHRNA9
Chrnb2,CHRNB2
Chrnb4,CHRNB4
Chrnb3,CHRNB3
Chst15,CHST15
Tmem231,TMEM231
Nid2,NID2
U2af1,U2AF1
Ddx55,DDX55
Smo,SMO
Rpl35,RPL35
Sdad1,SDAD1
Med29,MED29
Utp25,UTP25
Copz1,COPZ1
Hnf1b,HNF1B
Smarca5,SMARCA5
Snrpd1,SNRPD1
Ppp1r10,PPP1R10
Pole2,POLE2
Taf7,TAF7
Taf7l,TAF7L
Atp6v1h,ATP6V1H
Uxs1,UXS1
Nodal,NODAL
Zcchc7,ZCCHC7
Csnk1a1,CSNK1A1
Rps18-ps6,RPS18
Sf3b4,SF3B4
Terf2,TERF2
Ttc27,TTC27
Rpl24,RPL24
Snrpc,SNRPC
Phf5a,PHF5A
Mcm7,MCM7
Ddx54,DDX54
Ddx19a,DDX19A
Ddx19b,DDX19B
Ints7,INTS7
Hdac1,HDAC1
Gpc4,GPC4
Odc1,ODC1
Mak16,MAK16
Tsr2,TSR2
Wnt5b,WNT5B
Vps18,VPS18
Slc25a5,SLC25A5
Rps5,RPS5
Atm,ATM
Slit1,SLIT1
Alk,ALK
Chsy1,CHSY1
Pierce1,PIERCE1
Cic,CIC
Igf2r,IGF2R
Sh3kbp1,SH3KBP1
Cdkn1a,CDKN1A
Cirsr,CIRSR
Rbm3,RBM3
Cirbp,CIRBP
Utp4,UTP4
Golga2,GOLGA2
Cish,CISH
Cit,CIT
Ciz1,CIZ1
Jun,JUN
Csnk2a2,CSNK2A2
Csnk2b,CSNK2B
Tbcb,TBCB
Krt5,KRT5
Plekho1,PLEKHO1
Kit,KIT
Ckmt2,CKMT2
Cldn10,CLDN10
Cldn6,CLDN6
Cldn9,CLDN9
Clcn2,CLCN2
Clcn5,CLCN5
Cldn11,CLDN11
Tmem47,TMEM47
Cldn15,CLDN15
Cldn8,CLDN8
Cldn1,CLDN1
Cldn23,CLDN23
Cldn5,CLDN5
Cldn17,CLDN17
Cldn3,CLDN3
Cstf3,CSTF3
Clec4f,CLEC4F
Crlf1,CRLF1
Crlf3,CRLF3
Clic5,CLIC5
Clic3,CLIC3
Pdlim1,PDLIM1
Clint1,CLINT1
Clip1,CLIP1
Clock,CLOCK
Clk4,CLK4
Clmn,CLMN
Tpp1,TPP1
Cln6,CLN6
Npas2,NPAS2
Pasd1,PASD1
Txndc17,TXNDC17
Clpx,CLPX
Sox10,SOX10
Clstn2,CLSTN2
Cacna1c,CACNA1C
Maf,MAF
Cmas,CMAS
Met,MET
Myl7,MYL7
Mos,MOS
Mpl,MPL
Sbf2,SBF2
Xirp1,XIRP1
Cmya5,CMYA5
Myb,MYB
Myc,MYC
Cnga1,CNGA1
Cnga2,CNGA2
Cnga3,CNGA3
Cngb3,CNGB3
Eml1,EML1
Cnih1,CNIH1
Plk3,PLK3
Cnksr2,CNKSR2
Cnn3,CNN3
Cnnm2,CNNM2
Bloc1s4,BLOC1S4
Cnot3,CNOT3
Cnot6,CNOT6
Nppc,NPPC
Cnp,CNP
Cnrip1,CNRIP1
Cnst,CNST
Cntn1,CNTN1
Cntn3,CNTN3
Cntnap2,CNTNAP2
Cntnap4,CNTNAP4
Cobll1,COBLL1
Nelfb,NELFB
Ebf2,EBF2
mt-Co1,COX1
mt-Co2,COX2
mt-Co3,COX3
Col10a1,COL10A1
Col11a2,COL11A2
Col5a3,COL5A3
Col11a1,COL11A1
Col12a1,COL12A1
Col17a1,COL17A1
Col28a1,COL28A1
Col2a1,COL2A1
Cert1,CERT1
Col5a2,COL5A2
Col6a5,COL6A5
Col6a6,COL6A6
Col7a1,COL7A1
Col8a1,COL8A1
Col22a1,COL22A1
Colgalt1,COLGALT1
Colgalt2,COLGALT2
Sftpd,SFTPD
Mbl1,MBL1P
Mbl2,MBL2
Gldn,GLDN
C1ql4,C1QL4
Clec14a,CLEC14A
Comtd1,COMTD1
Ogt,OGT
Rcor1,RCOR1
Coro2a,CORO2A
Coro2b,CORO2B
Cort,CORT
Kif7,KIF7
Nr2f6,NR2F6
Nr2f1,NR2F1
Nr2f2,NR2F2
Ptgs1,PTGS1
Ptgs2,PTGS2
Cox4i1,COX4I1
Cox4i2,COX4I2
Emc8,EMC8
Cox5b,COX5B
Cox7a2l,COX7A2L
Cox8a,COX8A
Cpd,CPD
Cadps2,CADPS2
Cpeb4,CPEB4
Nrn1,NRN1
Ptges3,PTGES3
Ppp1r14a,PPP1R14A
Pla2g4a,PLA2G4A
Cplx2,CPLX2
Cplx3,CPLX3
Hspe1,HSPE1
Cpne1,CPNE1
Cpne4,CPNE4
Cpne5,CPNE5
Ints11,INTS11
Nudt21,NUDT21
Cps1,CPS1
Cpt1a,CPT1A
Cpt1b,CPT1B
Cpt1c,CPT1C
Cbr1,CBR1
Fam131b,FAM131B
Clcn1,CLCN1
Cracdl,CRACDL
Raf1,RAF1
Rlbp1,RLBP1
Cramp1,CRAMP1
Crb2,CRB2
Rbp2,RBP2
Creb1,CREB1
Creb3l3,CREB3L3
Creb3,CREB3
Creb5,CREB5
Rel,REL
Ret,RET
Crh,CRH
Ifngr1,IFNGR1
Ifnar2,IFNAR2
Ifnlr1,IFNLR1
Il22ra1,IL22RA1
Il10rb,IL10RB
Ifnar1,IFNAR1
Ifngr2,IFNGR2
Il10ra,IL10RA
Il20ra,IL20RA
Il22ra2,IL22RA2
Crhbp,CRHBP
Crhr2,CRHR2
Crispld1,CRISPLD1
Crmp1,CRMP1
Dpysl2,DPYSL2
Dpysl4,DPYSL4
Dpysl3,DPYSL3
Dpysl5,DPYSL5
Ros1,ROS1
Bmper,BMPER
Crp,CRP
Apcs,APCS
Mptx1,MPTX1
Med24,MED24
Med14,MED14
Med23,MED23
Med27,MED27
Med17,MED17
Med7,MED7
Hapln1,HAPLN1
Sec23a,SEC23A
Cry1,CRY1
Cry2,CRY2
Cryab,CRYAB
Cryba1,CRYBA1
Cryga,CRYGA
Crygc,CRYGC
Cryge,CRYGD
Crygb,CRYGB
Crygs,CRYGS
Ercc8,ERCC8
Ccsap,CCSAP
Ercc6,ERCC6
Csdc2,CSDC2
Kcnip3,KCNIP3
Csf1,CSF1
Csf3,CSF3
Csgalnact1,CSGALNACT1
Csmd1,CSMD1
Csnk1d,CSNK1D
Csnk1g2,CSNK1G2
Vcan,VCAN
Ncan,NCAN
Cspg4b,CSPG4BP
Cspg5,CSPG5
Smc3,SMC3
Casq1,CASQ1
Kat14,KAT14
Csrp3,CSRP3
Cstb,CSTB
Stfa2,CSTA
Cstf2,CSTF2
Ctbp1,CTBP1
Ctbp2,CTBP2
Ctdnep1,CTDNEP1
Ctdspl2,CTDSPL2
Ccn2,CCN2
Ctla4,CTLA4
Tnnc1,TNNC1
Ctnnb1,CTNNB1
Ctnnd2,CTNND2
Atp6v0d1,ATP6V0D1
Ctps2,CTPS2
Calcr,CALCR
Slc31a1,SLC31A1
Ctrl,CTRL
Ctsb,CTSB
Ctse,CTSE
Ctss,CTSS
Cttnbp2nl,CTTNBP2NL
Atp11b,ATP11B
Cenpw,CENPW
Cul1,CUL1
Cul3,CUL3
Cul5,CUL5
Pkd2,PKD2
Ift57,IFT57
2210016L21Rik,C12orf43
Cux1,CUX1
Cux2,CUX2
Sod1,SOD1
Gje1,GJE1
Gjb1,GJB1
Gjb5,GJB5
Gjb2,GJB2
Gjb6,GJB6
Gjd2,GJD2
Gjb4,GJB4
Gjb3,GJB3
Gja4,GJA4
Gja1,GJA1
Gja5,GJA5
Gja3,GJA3
Gja8,GJA8
Gjd4,GJD4
Gjc2,GJC2
Gja10,GJA10
Gjc1,GJC1
Cxcl11,CXCL11
Cxcl9,CXCL9
Cxcl12,CXCL12
Ppbp,PPBP
Cxcr3,CXCR3
Ackr3,ACKR3
Radx,RADX
Cxxc5,CXXC5
Cyfip1,CYFIP1
Cyb561a3,CYB561A3
Cycs,CYCS
Cyct,CYCTP
Ppia,PPIA
Cygb,CYGB
Zftraf1,ZFTRAF1
Cyld,CYLD
Cyp17a1,CYP17A1
Cyp1a2,CYP1A2
Cyp1a1,CYP1A1
Cyp24a1,CYP24A1
Cyp26c1,CYP26C1
Cyp2j7,CYP2J2
Cyp3a57,CYP3A43
Cyp3a44,CYP3A5
Cyp46a1,CYP46A1
Cyp4f39,CYP4F22
Cyp4f13,CYP4F8
Cyp4f18,CYP4F3
Cyp4f15,CYP4F2
Cyp4v3,CYP4V2
Cyp7a1,CYP7A1
Cyp7b1,CYP7B1
Cyp8b1,CYP8B1
Ldb3,LDB3
Ccn1,CCN1
mt-Cytb,CYTB
Cyth1,CYTH1
Cyth3,CYTH3
Specc1l,SPECC1L
Drd1,DRD1
Drd5,DRD5
Snx1,SNX1
Dio3,DIO3
Chst14,CHST14
Daam1,DAAM1
Dab1,DAB1
Dab2ip,DAB2IP
Fbxw4,FBXW4
Dach2,DACH2
Dach1,DACH1
Ext2,EXT2
Dact2,DACT2
Fgf10,FGF10
Dag1,DAG1
Tkfc,TKFC
Hcst,HCST
Tyrobp,TYROBP
Dap,DAP
Dapk2,DAPK2
Dact1,DACT1
Dars1,DARS1
Asb11,ASB11
Slc6a3,SLC6A3
Dido1,DIDO1
Nr0b1,NR0B1
Fam50b,FAM50B
Fam50a,FAM50A
Eef1g,EEF1G
Hsd17b4,HSD17B4
Gc,GC
Dbp,DBP
Dcn,DCN
Dclk1,DCLK1
Dchs1,DCHS1
Eci1,ECI1
Asap3,ASAP3
Asap2,ASAP2
Ddhd1,DDHD1
Ints6l,INTS6L
Ints6,INTS6
Ddx3y,DDX3Y
Ddx3x,DDX3X
Ddx39a,DDX39A
Eif4a3l1,EIF4A3
Rigi,RIGI
Plcg1,PLCG1
Adat2,ADAT2
Nup93,NUP93
Ddx51,DDX51
Notch1,NOTCH1
Degs1l,DEGS1
Trp63,TP63
Dennd2d,DENND2D
Dennd6a,DENND6A
Ptprj,PTPRJ
Deptor,DEPTOR
Depdc7,DEPDC7
Twist2,TWIST2
Desi1,DESI1
Gli1,GLI1
Fgf20,FGF20
Kctd8,KCTD8
Gsdme,GSDME
Whrn,WHRN
Pjvk,PJVK
Has2,HAS2
Dgat1,DGAT1
Ess2,ESS2
Enpp1,ENPP1
Hand2,HAND2
Dnah11,DNAH11
Dhdh,DHDH
Qdpr,QDPR
Dhrs13,DHRS13
Dhrs2,DHRS2
Dhrs3,DHRS3
Dhrs7c,DHRS7C
Cyb5r1,CYB5R1
Atp5mk,ATP5MK
Diablo,DIABLO
Diaph2,DIAPH2
Dkk3,DKK3
Scn7a,SCN7A
Scn1a,SCN1A
Scn2a,SCN2A
Scn3a,SCN3A
Scn9a,SCN9A
Cacnb1,CACNB1
Dip2b,DIP2B
Dip2c,DIP2C
Diras1,DIRAS1
Slc49a4,SLC49A4
Park7,PARK7
Cenpl,CENPL
Pax4,PAX4
Nek1,NEK1
Adgb,ADGB
Armc2,ARMC2
Itsn2,ITSN2
Ncoa1,NCOA1
Sytl3,SYTL3
Scml4,SCML4
Sh2b3,SH2B3
Noc2l,NOC2L
Rbm48,RBM48
Dkk1,DKK1
Tnfsf10,TNFSF10
Dlg1,DLG1
Mpp7,MPP7
Dlg4,DLG4
Dlg5,DLG5
Dlgap1,DLGAP1
Dlgap4,DLGAP4
Hjv,HJV
Dlx1,DLX1
Dlx2,DLX2
Dlx3,DLX3
Dlx5,DLX5
Dlx6,DLX6
Dlx4,DLX4
Plp1,PLP1
Gpm6a,GPM6A
Dmbx1,DMBX1
Gpm6b,GPM6B
Dmrt2,DMRT2
Dmrt3,DMRT3
Dmrta2,DMRTA2
Dnah9,DNAH9
Dnai1,DNAI1
Dnaja1,DNAJA1
Dnaja2,DNAJA2
Dnajc21,DNAJC21
Dnajb1,DNAJB1
Dnajb12,DNAJB12
Dnajb6,DNAJB6
Dnajc11,DNAJC11
Dnajc3,DNAJC3
Dnajc5g,DNAJC5G
Polb,POLB
Dnase1l3,DNASE1L3
Dnm2,DNM2
Dnm3,DNM3
Trdmt1,TRDMT1
Dnmt3a,DNMT3A
Dock9,DOCK9
Eya1,EYA1
Dok7,DOK7
Cyp26b1,CYP26B1
Copb2,COPB2
Dop1a,DOP1A
Dop1b,DOP1B
Cacna2d3,CACNA2D3
Cbarp,CBARP
Dnajc24,DNAJC24
Dpyd,DPYD
Or10j3b,OR10J3
Or4e2,OR4E2
Or4e1,OR4E1
Or52p1,OR52P1
Or51e1,OR51E1
Or52r1c,OR52R1
Or52b4,OR52B4
Or52n5,OR52N5
Or51b6b,OR51B6
Or52n4,OR52N4
Or52b2,OR52B2
Or4c115,OR4C15
Or4d10,OR4D10
Or10d4c,OR10D4P
Or52m1,OR52M1
Or52e3,OR52E2
Or51v14,OR51V1
Or51k7,OR51J1
Or51d1,OR51D1
Or56b2j,OR56B2
Or52a5,OR52A5
Or10k2,OR10K2
Or10j2,OR10J1
Or7g16,OR7G2
Or5ac19,OR5AC1
Or8g32,OR8G1
Or1r1,OR1R1
Or13g1,OR13G1
Or12d17,OR12D3
Or1p1,OR1P1
Or4c10b,OR4C46
Or4s2b,OR4S2
Or4b1,OR4B1
Or4k15,OR4K15
Or4p4,OR4P4
Or4x18,OR4X2
Or4c35,OR4C5
Or4a15,OR4A15
Or4k1,OR4K1
Or4c106,OR4C13
Or4c29,OR4C16
Or4k5,OR4K5
Or1b1,OR1B1
Or1f12,OR1F12P
Or6k6,OR6K6
Or5b108,OR5B3
Or4a71,OR4A16
Or8s2,OR8S1
Or4c127,OR4C45
Or4l1,OR4L1
Or2a25,OR2A25
Or1j1,OR1J1
Or4c102,OR4C6
Or4f6,OR4F6
Or7e178,OR7E24
Or4n5,OR4N5
Or1l8,OR1L8
Or2a5,OR2A5
Or2a54,OR2A14
Or1q1,OR1Q1
Or5b12b,OR5B12
Or2a52,OR2A2
Or5b21,OR5B21
Or4c3,OR4C3
Or7g29,OR7G1
Or2a12,OR2A12
Or5b99,OR5B2
Or51h1,OR51H1
Or51i2,OR51I2
Or51i1,OR51I1
Or1n1b,OR1N1
Or1n2,OR1N2
Or1m1,OR1M1
Or1i2,OR1I1
Or2at4,OR2AT4
Or1ad6,OR1C1
Or7d10,OR7D4
Or11g24,OR11G2
Or11h4b,OR11H4
Or11h6,OR11H6
Or11a4,OR11A1
Or13c7c,OR13C7
Or10b1,OR10T2
Or4p21,OR4K3
Or13f5,OR13F1
Or13d1,OR13D1
Or2y1c,OR2Y1
Or2w6,OR2W6P
Or14c44,OR14C36
Or2d36,OR2D3
Or14j1,OR14J1
Or2b2b,OR2B2
Or6k4,OR6K3
Or6k2,OR6K2
Tnfrsf21,TNFRSF21
Glb1l2,GLB1L2
Glb1l3,GLB1L3
Plvap,PLVAP
Fech,FECH
Adar,ADAR
Adpgk,ADPGK
Col4a5,COL4A5
Rgmb,RGMB
Dram2,DRAM2
Draxin,DRAXIN
Rbm45,RBM45
Drd2,DRD2
Drd4,DRD4
Fads2b,FADS2B
Fads3,FADS3
Fads2,FADS2
Fads1,FADS1
Sufu,SUFU
Mir140,MIR140
Mir142,MIR142
Mir146,MIR146A
Mir150,MIR150
Mir17,MIR17
Mir18,MIR18A
Mir451a,MIR451A
Mir499,MIR499A
Mir9-1,MIR9-1
Mir92-1,MIR92A1
Mir9-3,MIR9-3
Srf,SRF
Npy2r,NPY2R
Mpo,MPO
Lpo,LPO
Epx,EPX
Npvf,NPVF
Drgx,DRGX
Lgals1,LGALS1
Lgals2,LGALS2
Lgals3,LGALS3
Hk1,HK1
Hk2,HK2
Il4ra,IL4R
Chrm3,CHRM3
Chrm4,CHRM4
Fstl5,FSTL5
Ube2v2,UBE2V2
Bglap2,BGLAP
Drosha,DROSHA
Dnm1l,DNM1L
Pcdha4b,PCDHA4
Pcdha2,PCDHA2
Pcdha8,PCDHA9
Pcdha1,PCDHA1
Pcdha12,PCDHA13
Pcdha5,PCDHA5
Pcdha11,PCDHA11
Pcdha9,PCDHA10
Pcdha3,PCDHA3
Pcdhgb2,PCDHGB2
Pcdhgc3,PCDHGC3
Pcdhgb1,PCDHGB1
Pcdhgb4,PCDHGB4
Pcdhgb6,PCDHGB6
Pcdhgb5,PCDHGB5
Pcdhgb7,PCDHGB7
Pcdhga7,PCDHGA7
Pcdhga3,PCDHGA3
Pcdhga5,PCDHGA5
Pcdhga10,PCDHGA10
Pcdhga4,PCDHGA4
Pcdhga6,PCDHGA6
Pcdhga1,PCDHGA1
Pcdhga8,PCDHGA8
Pcdhga9,PCDHGA9
Pcdhga11,PCDHGA11
Pcdhga12,PCDHGA12
Pcdhga2,PCDHGA2
Pcdhgc4,PCDHGC4
Pcdhgc5,PCDHGC5
Plcd1,PLCD1
Plcd3,PLCD3
Plcd4,PLCD4
Rhcg,RHCG
Rhebl1,RHEBL1
Ang3,ANG
Rnase4,RNASE4
Rnase1,RNASE1
Tas2r139,TAS2R39
Havcr1,HAVCR1
Ube2v1,UBE2V1
Dsc2,DSC2
Dsc3,DSC3
Dsc1,DSC1
Dscam,DSCAM
Rcan1,RCAN1
Rcan3,RCAN3
Psmg1,PSMG1
Vps26c,VPS26C
Pigp,PIGP
Dsel,DSEL
Dsg2,DSG2
Dsg3,DSG3
Dsg4,DSG4
Dsg1a,DSG1
Optc,OPTC
Epyc,EPYC
Dtd1,DTD1
Tyro3,TYRO3
Dtnbp1,DTNBP1
Dtx4,DTX4
Dtx3l,DTX3L
Duox2,DUOX2
Duox1,DUOX1
Duoxa1,DUOXA1
Duoxa2,DUOXA2
Dusp29,DUSP29
Dus2,DUS2
Dusp19,DUSP19
Dusp15,DUSP15
Styxl2,STYXL2
Dusp3,DUSP3
Dvl3,DVL3
Igf2bp3,IGF2BP3
Ift70a1,IFT70A
Ift70b,IFT70B
Dync1i1,DYNC1I1
Dync1i2,DYNC1I2
Dync2i2,DYNC2I2
Dynll1,DYNLL1
Dyrk1a,DYRK1A
Dyrk3,DYRK3
Ppp1r27,PPP1R27
Dytn,DYTN
Dnaaf4,DNAAF4
Tcf3,TCF3
Nfil3,NFIL3
Gabpa,GABPA
Slc1a3,SLC1A3
Slc1a6,SLC1A6
Slc1a2,SLC1A2
Slc1a1,SLC1A1
Slc1a7,SLC1A7
Nr1d1,NR1D1
Sart3,SART3
Gfpt1,GFPT1
Ebf1,EBF1
Ebf3,EBF3
Gpr183,GPR183
Ebna1bp2,EBNA1BP2
Trpv6,TRPV6
Trpv5,TRPV5
Cdh1,CDH1
Cdh3,CDH3
Ece2,ECE2
Eef1akmt4,EEF1AKMT4
Ihh,IHH
Pde6c,PDE6C
Lect2,LECT2
Eda2r,EDA2R
Ubr5,UBR5
S1pr1,S1PR1
Lpar1,LPAR1
S1pr2,S1PR2
Edil3,EDIL3
Edn3,EDN3
Ednra,EDNRA
Ednrb,EDNRB
Eef1d,EEF1D
Eef2,EEF2
Elf1,ELF1
Elf4,ELF4
Elf2,ELF2
Clxn,CLXN
Efcab14,EFCAB14
Drc8,DRC8
Cracr2b,CRACR2B
Cracr2a,CRACR2A
Efemp2,EFEMP2
Micu2,MICU2
Micu3,MICU3
Efna1,EFNA1
Efna2,EFNA2
Efna3,EFNA3
Efnb2,EFNB2
Efnb3,EFNB3
Efl1,EFL1
Naa35,NAA35
Egfr,EGFR
Egln1,EGLN1
Ehd2,EHD2
Eif1a,EIF1AY
Eif1,EIF1
Eif2s1,EIF2S1
Eif3b,EIF3B
Eif3h,EIF3H
Eif3j1,EIF3J
Eif3i,EIF3I
Eif3g,EIF3G
Eif3e,EIF3E
Eif3d,EIF3D
Eif4a1,EIF4A1
Eif4b,EIF4B
Eif4e,EIF4E
Eif4e1b,EIF4E1B
Eif4e2,EIF4E2
Eif4g2,EIF4G2
Eif4g3,EIF4G3
Otog,OTOG
Ephb3,EPHB3
Apela,APELA
Ctrc,CTRC
Elavl3,ELAVL3
Elavl1,ELAVL1
Elavl4,ELAVL4
Elfn1,ELFN1
Ift54,IFT54
Kcnh3,KCNH3
Mideas,MIDEAS
Eln,ELN
Elovl7,ELOVL7
Elovl1,ELOVL1
Elovl4,ELOVL4
Adgrl4,ADGRL4
Ahctf1,AHCTF1
Emc7,EMC7
Emd,EMD
Fbxo5,FBXO5
Emilin2,EMILIN2
Mmrn2,MMRN2
Scfd1,SCFD1
Emp1,EMP1
Mcm3,MCM3
En1,EN1
En2,EN2
Opn3,OPN3
Cd164,CD164
Endou,ENDOU
Pdlim5,PDLIM5
Lrp4,LRP4
Pdlim7,PDLIM7
Eno1b,ENO1
Eno2,ENO2
Enpp7,ENPP7
Ensa,ENSA
Tepsin,TEPSIN
Entpd2,ENTPD2
Eomes,EOMES
Ptger1,PTGER1
Ptger2,PTGER2
Ep300,EP300
Ptger4,PTGER4
Epas1,EPAS1
Epb41l4a,EPB41L4A
Dmtn,DMTN
Epha2,EPHA2
Epha1,EPHA1
Epha3,EPHA3
Ephb2,EPHB2
Ephx1,EPHX1
Epn1,EPN1
Epo,EPO
Eprs1,EPRS1
Eps8,EPS8
Eps8l1,EPS8L1
Eps8l3,EPS8L3
Erh,ERH
Etv1,ETV1
Esr1,ESR1
Esr2,ESR2
Erbin,ERBIN
Erbb3,ERBB3
Erbb4,ERBB4
Etf1,ETF1
Erg,ERG
Ergic2,ERGIC2
Sting1,STING1
Mapk3,MAPK3
Mapk1,MAPK1
Mapk6,MAPK6
Mapk4,MAPK4
Mapk7,MAPK7
Mapk12,MAPK12
Mapk15,MAPK15
Ero1a,ERO1A
Ero1b,ERO1B
Pdia3,PDIA3
Esrra,ESRRA
Esrrb,ESRRB
Esrrg,ESRRG
Errfi1,ERRFI1
Gatd3a,GATD3
Esam,ESAM
Espnl,ESPNL
Mycbp2,MYCBP2
Hlcs,HLCS
Esyt1,ESYT1
Edn1,EDN1
Etaa1,ETAA1
Supt5,SUPT5H
Gsc,GSC
Rsu1,RSU1
Gli2,GLI2
Id3,ID3
Dusp6,DUSP6
Hic1,HIC1
P2rx4,P2RX4
Mtch2,MTCH2
Ctsd,CTSD
Six4,SIX4
Snap25,SNAP25
Nras,NRAS
Mapk14,MAPK14
Fzd10,FZD10
Wnt1,WNT1
Hoxc6,HOXC6
Rarg,RARG
Pdgfra,PDGFRA
Wnt10a,WNT10A
Rag1,RAG1
Tnc,TNC
Myod1,MYOD1
Wnt8a,WNT8A
Mid1ip1,MID1IP1
Rxra,RXRA
Rxrb,RXRB
Pcmt1,PCMT1
Hspa1a,HSPA1A
Hspa1b,HSPA1B
Hspa1l,HSPA1L
Hes7,HES7
Mxi1,MXI1
Gata1,GATA1
Pax9,PAX9
Mef2a,MEF2A
Mef2d,MEF2D
Pes1,PES1
Jak1,JAK1
Ina,INA
Fgfr4,FGFR4
Hoxc5,HOXC5
Hoxd4,HOXD4
Rara,RARA
Msx2,MSX2
Wnt2,WNT2
Mdm2,MDM2
Vsx1,VSX1
Tnn,TNN
Hoxb5,HOXB5
Itk,ITK
Pax3,PAX3
Ntn1,NTN1
Ngf,NGF
Hoxa2,HOXA2
Htt,HTT
Etv4,ETV4
Otx2,OTX2
Hoxb4,HOXB4
Spon2,SPON2
Egr1,EGR1
Vegfa,VEGFA
Lef1,LEF1
Tbx5,TBX5
Igf2,IGF2
Timp2,TIMP2
Ctsk,CTSK
Prkab1,PRKAB1
Acat2,ACAT2
Hcfc1,HCFC1
Tmpo,TMPO
Foxh1,FOXH1
Spns1,SPNS1
Cers2,CERS2
Parg,PARG
Mbip,MBIP
Cbfa2t3,CBFA2T3
Etv5,ETV5
Eif2s3y,EIF2S3
Chm,CHM
Chml,CHML
Eva1a,EVA1A
Mecom,MECOM
Evi5,EVI5
Evpl,EVPL
Rho,RHO
Exoc3l2,EXOC3L2
Exosc4,EXOSC4
Eny2,ENY2
Ezh2,EZH2
Ubald1,UBALD1
F11r,F11R
F13a1,F13A1
F2rl1,F2RL1
F9,F9
Idh3g,IDH3G
Banf1,BANF1
Picalm,PICALM
Tnrc6b,TNRC6B
Vps41,VPS41
Rilpl2,RILPL2
Kctd15,KCTD15
Seh1l,SEH1L
Ckap2l,CKAP2L
Psme3ip1,PSME3IP1
Sgcb,SGCB
Tubgcp5,TUBGCP5
Ccdc142,CCDC142
Tm9sf1,TM9SF1
Narf,NARF
Mfap2,MFAP2
Senp3,SENP3
Slmap,SLMAP
Map4k4,MAP4K4
Rbm7,RBM7
Tada3,TADA3
Sack1h,SACK1H
Ostm1,OSTM1
Hmgn3,HMGN3
Paxip1,PAXIP1
Med31,MED31
Tnfrsf19,TNFRSF19
Zdhhc6,ZDHHC6
Trpc4ap,TRPC4AP
Prpf38a,PRPF38A
Etfdh,ETFDH
Gm17067,ZNF670
Taf6l,TAF6L
Nol10,NOL10
Tgif1,TGIF1
AW209491,C7orf25
Arpc4,ARPC4
Haus8,HAUS8
Slc25a11,SLC25A11
Ptcd3,PTCD3
Trmt2a,TRMT2A
Prpf39,PRPF39
Accs,ACCS
Larp7,LARP7
Erlin1,ERLIN1
Pten,PTEN
Foxa3,FOXA3
Yif1a,YIF1A
Fam110a,FAM110A
Pacsin3,PACSIN3
Patl1,PATL1
Ap1b1,AP1B1
Tns1,TNS1
Pcid2,PCID2
Sh2d5,SH2D5
Slc6a11,SLC6A11
Taf15,TAF15
Nol11,NOL11
Fam76b,FAM76B
Wdr62,WDR62
Rapgef2,RAPGEF2
Ceacam20,CEACAM20
Tmod4,TMOD4
Cep350,CEP350
Prim1,PRIM1
Nucleolin,NUCLEOLIN
Zc3h7a,ZC3H7A
Zfp462,ZNF462
St8sia6,ST8SIA6
Atf7ip,ATF7IP
Srsf6,SRSF6
Pomp,POMP
Vdac1,VDAC1
Mrpl39,MRPL39
Ints1,INTS1
Notch3,NOTCH3
Ptpn11,PTPN11
S2bpcox16,SYNJ2BP
Med6,MED6
Zfp395,ZNF395
Myg1,MYG1
C1qbp,C1QBP
Eif3m,EIF3M
Boc,BOC
Ap2b1,AP2B1
Ptpn4,PTPN4
Mtus1,MTUS1
Haus2,HAUS2
Phb1,PHB1
2310022B05Rik,C1orf198
Khdrbs1,KHDRBS1
Hmgb3,HMGB3
Mrps34,MRPS34
Morc2b,MORC2
Rnf2,RNF2
Otub1,OTUB1
1110059G10Rik,KIAA1143
Sec61b,SEC61B
Bri3bp,BRI3BP
Sec23ip,SEC23IP
Virma,VIRMA
Rnf145,RNF145
Wee1,WEE1
Slc25a4,SLC25A4
Hmgn2,HMGN2
1810055G02Rik,C11orf24
Cpxm1,CPXM1
Polr1a,POLR1A
Meis2,MEIS2
Hlx,HLX
Fblim1,FBLIM1
Clp1,CLP1
Sae1,SAE1
Foxk2,FOXK2
Brd3,BRD3
Prr33,PRR33
Fmnl2,FMNL2
Exoc6b,EXOC6B
Ncs1,NCS1
Snx6,SNX6
Zp3,ZP3
Eif4ebp2,EIF4EBP2
Map2k2,MAP2K2
Dnase2a,DNASE2
Lamp1,LAMP1
Hagh,HAGH
Dlg3,DLG3
Dnajc4,DNAJC4
Eva1b,EVA1B
Pfn1,PFN1
Gm6133,RPL17
Dhx16,DHX16
Sdhc,SDHC
S100a6,S100A6
S100a4,S100A4
Tubb4b,TUBB4B
B4galnt3,B4GALNT3
Max,MAX
Flad1,FLAD1
Csde1,CSDE1
Rps14,RPS14
Arhgap32,ARHGAP32
Gfod2,GFOD2
Cox6b1,COX6B1
Mthfr,MTHFR
Extl1,EXTL1
Macroh2a1,MACROH2A1
Rpl10l,RPL10L
Rpl10,RPL10
Rpl30,RPL30
Rplp1rt,RPLP1
Psmd8,PSMD8
Rpl27a,RPL27A
Aoc3,AOC3
Aoc2,AOC2
Sumo3,SUMO3
Pgrmc1,PGRMC1
Napsa,NAPSA
Rnf38,RNF38
Parp12,PARP12
Rps12,RPS12
Cct6b,CCT6B
Cct6a,CCT6A
Fstl1,FSTL1
Ap2a1,AP2A1
Ctnnbip1,CTNNBIP1
Tomm7,TOMM7
Lin37,LIN37
Llph,LLPH
Timeless,TIMELESS
Plec,PLEC
Dmac1,DMAC1
Rgs2,RGS2
Scaf4,SCAF4
Prkdc,PRKDC
Rpl22l1,RPL22L1
Rpl4,RPL4
Atf7,ATF7
Exosc2,EXOSC2
Zdhhc4,ZDHHC4
Kazn,KAZN
Emc10,EMC10
Spcs1,SPCS1
Marchf6,MARCHF6
Rpl18,RPL18
Creb3l1,CREB3L1
Cemip2,CEMIP2
Mov10,MOV10
Nol7,NOL7
Coq10a,COQ10A
Il4i1,IL4I1
Tsc1,TSC1
Nbr1,NBR1
Postn,POSTN
Tcim,TCIM
Smg7,SMG7
Faah,FAAH
Ppard,PPARD
Hsd17b8,HSD17B8
Fabp1,FABP1
Fabp4,FABP4
Fabp12,FABP12
Fabp9,FABP9
F7,F7
Ptk2,PTK2
Ubald2,UBALD2
Rflnb,RFLNB
Eeig1,EEIG1
Eeig2,EEIG2
Yae1d1,YAE1
Otulinl,OTULINL
Otulin,OTULIN
Abhd17b,ABHD17B
Abhd17c,ABHD17C
Dennd6b,DENND6B
Fam117a,FAM117A
Siral2,SIRAL2
Sir2l1,SIRAL1
Pabir3,PABIR3
Pabir2,PABIR2
Pabir1,PABIR1
Amer2,AMER2
Amer1,AMER1
Mvb12b,MVB12B
Hycc1,HYCC1
Hycc2,HYCC2
Niban1,NIBAN1
Niban2,NIBAN2
Fam131a,FAM131A
Retreg2,RETREG2
Retreg1,RETREG1
Retreg3,RETREG3
Timcc,TIMCC
Saxo2,SAXO2
Nalf1,NALF1
Nalf2,NALF2
Emc9,EMC9
Fhip1a,FHIP1A
Fhip1b,FHIP1B
Fhip2a,FHIP2A
Fhip2b,FHIP2B
Fam163b,FAM163B
Zc2hc1a,ZC2HC1A
Zc2hc1b,ZC2HC1B
Zc2hc1c,ZC2HC1C
Cimip2b,CIMIP2B
Cimip2c,CIMIP2C
Fam171a2,FAM171A2
Arb2a,ARB2A
Eva1c,EVA1C
Fam177a,FAM177A1
Slf2,SLF2
Fam184a,FAM184A
Mindy3,MINDY3
Mindy4b-ps,MINDY4B
Mcrip1,MCRIP1
Insyn2a,INSYN2A
Gask1a,GASK1A
Gask1b,GASK1B
Tafa1,TAFA1
Tafa4,TAFA4
Tafa5,TAFA5
Abitram,ABITRAM
Slx9,SLX9
Tasor,TASOR
Tasor2,TASOR2
Fam20c,FAM20C
Mims1,MIMS1
Mims2,MIMS2
Lrrc75b,LRRC75B
Inka1,INKA1
Inka2,INKA2
Prxl2a,PRXL2A
Prxl2b,PRXL2B
Atosa,ATOSA
Atosb,ATOSB
Fam217b,FAM217B
Fam219a,FAM219A
Fam222a,FAM222A
Calhm5,CALHM5
Calhm6,CALHM6
Haus6,HAUS6
Fam32a,FAM32A
Piezo1,PIEZO1
Strip1,STRIP1
Strip2,STRIP2
Tent5a,TENT5A
Tent5c,TENT5C
Supt20,SUPT20H
Cyria,CYRIA
Cyrib,CYRIB
Mtfr1l,MTFR1L
Nxpe3,NXPE3
Tlcd3a,TLCD3A
Tlcd3b,TLCD3B
Ccnq,CCNQ
Garem1,GAREM1
Garem2,GAREM2
Brinp2,BRINP2
Sinhcaf,SINHCAF
Lsm14a,LSM14A
Esyt2,ESYT2
Esyt3,ESYT3
Mindy1,MINDY1
Mindy2,MINDY2
Ripor1,RIPOR1
Ripor2,RIPOR2
Ripor3,RIPOR3
Dipk1a,DIPK1A
Dipk1b,DIPK1B
Dipk1c,DIPK1C
Tmem255a,TMEM255A
Miga1,MIGA1
Miga2,MIGA2
Fam78a,FAM78A
Tprg1l,TPRG1L
Rmdn3,RMDN3
Sack1b,SACK1B
Sack1c,SACK1C
Sack1d,SACK1D
Sack1e,SACK1E
Sack1f,SACK1F
Sack1g,SACK1G
Lratd1,LRATD1
Lratd2,LRATD2
Fam8a1,FAM8A1
Cibar1,CIBAR1
Ciao2a,CIAO2A
Ciao2b,CIAO2B
Nsmaf,NSMAF
Brca2,BRCA2
Brip1,BRIP1
Palb2,PALB2
Rad51c,RAD51C
Ercc4,ERCC4
Ube2t,UBE2T
Farsa,FARSA
Fasn,FASN
Fasl,FASLG
Fat1,FAT1
Fat3,FAT3
Slc27a4,SLC27A4
Fau,FAU
Ier2,IER2
Tnpo2,TNPO2
Ssr3,SSR3
Setd3,SETD3
Rab20,RAB20
Prss23,PRSS23
Chid1,CHID1
Myl6b,MYL6B
Myl6,MYL6
Synj1,SYNJ1
Reep5,REEP5
Rps3a1,RPS3A
Klf12,KLF12
Unc5c,UNC5C
Ptx3,PTX3
Gale,GALE
Ggps1,GGPS1
Sod3,SOD3
Ten1,TEN1
Rpl23,RPL23
Vps29,VPS29
Fth1,FTH1
Ftmt,FTMT
Zfp148,ZNF148
Rps28,RPS28
Arhgef5,ARHGEF5
Prg4,PRG4
Chd9,CHD9
Lonrf2,LONRF2
Tmsb4x,TMSB4X
Fam162a,FAM162A
Vps37a,VPS37A
Lipi,LIPI
Liph,LIPH
Prkcd,PRKCD
Phax,PHAX
Eloc,ELOC
Rpl39l,RPL39L
Rpl39,RPL39
Fhl3,FHL3
Chmp1b2,CHMP1B2P
Chmp1b,CHMP1B
Gnpat,GNPAT
Riok3,RIOK3
Gab1,GAB1
Fdxacb1,FDXACB1
Pak1ip1,PAK1IP1
Pgls,PGLS
Uqcc3,UQCC3
Litaf,LITAF
Oprd1,OPRD1
Nup62cl,NUP62CL
Nup62,NUP62
Rps3,RPS3
Nr3c1,NR3C1
Cwc22rt7,CWC22
Upk1a,UPK1A
Lyg1,LYG1
Lyg2,LYG2
Coq3,COQ3
Rala,RALA
Spred1,SPRED1
Rps13,RPS13
Hadhb,HADHB
Ywhaz,YWHAZ
Htatip2,HTATIP2
Txndc9,TXNDC9
Txndc8,TXNDC8
Txndc2,TXNDC2
Txn1,TXN
Ist1,IST1
Ctdsp2,CTDSP2
Nfya,NFYA
Eif4g1,EIF4G1
Chtop,CHTOP
Ftsj1,FTSJ1
Ppp2cb,PPP2CB
Cdca5,CDCA5
Ppp1ca,PPP1CA
Sox9,SOX9
Mpdu1,MPDU1
Grb2,GRB2
Prpf19,PRPF19
Rhou,RHOU
Brd4,BRD4
Tmed2,TMED2
Myh7,MYH7
Prpf40a,PRPF40A
Hnrnph1,HNRNPH1
Hnrnpf,HNRNPF
Hnrnph2,HNRNPH2
Mtm1,MTM1
Pabpn1,PABPN1
Clk2,CLK2
Psmc6,PSMC6
Septin8,SEPTIN8
Txlnb,TXLNB
Rras,RRAS
H1f0,H1-0
Gldc,GLDC
Rbp4,RBP4
Fdps,FDPS
Rprd1b,RPRD1B
Dld,DLD
Hspa14,HSPA14
Pnisr,PNISR
Pnn,PNN
Prodh2,PRODH2
Wdr12,WDR12
Ogfr,OGFR
Sall2,SALL2
Aldob,ALDOB
Fam168b,FAM168B
Oxr1,OXR1
Amd1,AMD1
Drap1,DRAP1
Creb3l4,CREB3L4
Sptbn1,SPTBN1
Scnm1,SCNM1
Pkp1,PKP1
Uba1,UBA1
Atn1,ATN1
Mymk,MYMK
Ybey,YBEY
Nt5c3,NT5C3A
Hmgxb4,HMGXB4
Dohh,DOHH
Uqcrc2,UQCRC2
Sap30bp,SAP30BP
Ipo7,IPO7
Rtf1,RTF1
Ublcp1,UBLCP1
Gga1,GGA1
Ash2l,ASH2L
Fbxl14,FBXL14
Pttg1ip,PTTG1IP
Rbm8a,RBM8A
E2f6,E2F6
Wrap53,WRAP53
Cdc34,CDC34
Crk,CRK
Ube2d3,UBE2D3
Phf23,PHF23
Pcbp2,PCBP2
Pcbp1,PCBP1
Stip1,STIP1
Rbm22,RBM22
Tpm1,TPM1
Snw1,SNW1
Ift88,IFT88
Aurka,AURKA
Eif5,EIF5
Fbll1,FBLL1
Fbl,FBL
Pa2g4,PA2G4
Bcat2,BCAT2
Hnrnpa0,HNRNPA0
Phrf1,PHRF1
Phgdh,PHGDH
Cdin1,CDIN1
Fzd7,FZD7
Ttc33,TTC33
Ddx46,DDX46
Plxdc2,PLXDC2
Srsf7,SRSF7
Mrtfa,MRTFA
Gnb1,GNB1
Pgam5,PGAM5
Prmt1,PRMT1
Smad1,SMAD1
Nutf2,NUTF2
Rabl3,RABL3
E2f2,E2F2
Ewsr1,EWSR1
Nmt2,NMT2
Kctd5,KCTD5
Adra2b,ADRA2B
Kansl3,KANSL3
Galk2,GALK2
G3bp2,G3BP2
Numa1,NUMA1
Hpf1,HPF1
Tctn2,TCTN2
Zfp511,ZNF511
Flot2,FLOT2
Cdh15,CDH15
Tfap2c,TFAP2C
Sptbn2,SPTBN2
Bclaf3,BCLAF3
Ubxn1,UBXN1
Ythdf1,YTHDF1
Srsf5,SRSF5
Bacc1,BACC1
Foxo3,FOXO3
Nfs1,NFS1
Stx6,STX6
Cnih4,CNIH4
Irs1,IRS1
Ablim3,ABLIM3
Slc16a6,SLC16A6
Epn2,EPN2
Bsdc1,BSDC1
Hnrnpul1,HNRNPUL1
Acadvl,ACADVL
Cmpk1,CMPK1
Ap2s1,AP2S1
Ddah2,DDAH2
Spint2,SPINT2
Tmem203,TMEM203
Rab1a,RAB1A
Sf3b2,SF3B2
Acadm,ACADM
Hnrnpl,HNRNPL
Lztfl1,LZTFL1
Paip1,PAIP1
Rap2c,RAP2C
Ptp4a1,PTP4A1
Insig1,INSIG1
Rbm4,RBM4
Ppargc1b,PPARGC1B
Tmem177,TMEM177
Myh9,MYH9
Ccdc117,CCDC117
Thap12,THAP12
Mycn,MYCN
Nars1,NARS1
Sec62,SEC62
Gigyf2,GIGYF2
Atg16l1,ATG16L1
Slc51a,SLC51A
Hpd,HPD
Slc2a5,SLC2A5
Esd,ESD
Bkgd,BKGD
Hnf4a,HNF4A
Ddx20,DDX20
Acaa2,ACAA2
Fah,FAH
Mtif2,MTIF2
Prdx4,PRDX4
Hapstr1,HAPSTR1
Hapstr2,HAPSTR2
Frmd4b,FRMD4B
Abcd3,ABCD3
Yy1,YY1
Por,POR
Nop53,NOP53
Znfx1,ZNFX1
Angptl3,ANGPTL3
Fgg,FGG
Tdo2,TDO2
Ucp1,UCP1
Apom,APOM
Lpl,LPL
Slc38a10,SLC38A10
Cela1,CELA1
Mrps31,MRPS31
Snrnp200,SNRNP200
Uap1,UAP1
Rtn1,RTN1
Kng1,KNG1
Cuzd1,CUZD1
Zfyve21,ZFYVE21
Trabd,TRABD
Ifi44,IFI44
Smad5,SMAD5
Cxcl14,CXCL14
Cat,CAT
Hsd17b12,HSD17B12
Nprl3,NPRL3
Npepps,NPEPPS
Vac14,VAC14
Gsk3b,GSK3B
Plpbp,PLPBP
Stag1,STAG1
Mcl1,MCL1
Gtse1,GTSE1
Hsd17b14,HSD17B14
Skic2,SKIC2
Mrto4,MRTO4
Melk,MELK
Zfp654,ZNF654
Cc2d1b,CC2D1B
Aftph,AFTPH
Itpkc,ITPKC
Qpctl,QPCTL
Stxbp3,STXBP3
Hddc2,HDDC2
Tex261,TEX261
Hsf2bp,HSF2BP
Tm9sf5,TM9SF5P
Mbtps2,MBTPS2
Ubr3,UBR3
E2f4,E2F4
Nipa2,NIPA2
Rrm2b,RRM2B
Hp1bp3,HP1BP3
Nans,NANS
Morc3,MORC3
Zfp770,ZNF770
Tia1,TIA1
Slc26a5,SLC26A5
Map2k5,MAP2K5
Pde4dip,PDE4DIP
Lipf,LIPF
Lipa,LIPA
Zfp1010,ZNF625
Tmx2,TMX2
Ldlrad3,LDLRAD3
Ubr7,UBR7
Thop1,THOP1
Ttf1,TTF1
Mgat4c,MGAT4C
Mgat4f,MGAT4FP
Mgat4e,MGAT4EP
Fmnl3,FMNL3
Lin7c,LIN7C
Prom1,PROM1
Pex14,PEX14
Fkbp3,FKBP3
Ttll9,TTLL9
Cptp,CPTP
P3h4,P3H4
Tm9sf3,TM9SF3
Plxnc1,PLXNC1
Msl2,MSL2
Nanos1,NANOS1
Atg7,ATG7
Stx1b,STX1B
Tlk1,TLK1
Rexo1,REXO1
Ptx4,PTX4
Efs,EFS
Pbx4,PBX4
Nckap5l,NCKAP5L
Megf8,MEGF8
Eml5,EML5
Sp3,SP3
Slk,SLK
Cand1,CAND1
Pdap1,PDAP1
Cdca4,CDCA4
Clcn3,CLCN3
Zbtb40,ZBTB40
Acap3,ACAP3
AI597479,TSLIG2
Nedd1,NEDD1
Lgi1,LGI1
Lgi4,LGI4
Cabin1,CABIN1
Arid1a,ARID1A
Pank1,PANK1
Etl4,KIAA1217
Atp11c,ATP11C
Ccdc137,CCDC137
Bbs2,BBS2
Tm7sf3,TM7SF3
Ywhab,YWHAB
Srl,SRL
Ttc28,TTC28
Lrch1,LRCH1
Zmiz1,ZMIZ1
Grhpr,GRHPR
Hs6st2,HS6ST2
Itga6,ITGA6
Cyc1,CYC1
Phf14,PHF14
Pnrc2,PNRC2
Polr3a,POLR3A
Bend6,BEND6
Ak8,AK8
Tubgcp2,TUBGCP2
Ace,ACE
Cenpp,CENPP
Timm17a,TIMM17A
Tor1aip2,TOR1AIP2
Tor1aip1,TOR1AIP1
Cdc42bpa,CDC42BPA
Nde1,NDE1
Magi2,MAGI2
Fignl1,FIGNL1
Alpk2,ALPK2
Col13a1,COL13A1
Natd1,NATD1
Nt5dc2,NT5DC2
Pik3cb,PIK3CB
Tmem39a,TMEM39A
Smc2,SMC2
Filip1,FILIP1
Lasp1,LASP1
Pcca,PCCA
Gal3st4,GAL3ST4
Xpo1,XPO1
Wbp1l,WBP1L
Troap,TROAP
Mtfr2,MTFR2
Ywhah,YWHAH
Spred2,SPRED2
Plxnb1,PLXNB1
Flrt3,FLRT3
Dock7,DOCK7
Itm2b,ITM2B
Cep85,CEP85
Ifrd2,IFRD2
Sppl3,SPPL3
Tcaf1,TCAF1
Rpn2,RPN2
Prr36,PRR36
Klhdc4,KLHDC4
Zfp618,ZNF618
Tbc1d30,TBC1D30
Sin3a,SIN3A
Pum1,PUM1
Cd248,CD248
Igf2bp1,IGF2BP1
Ttc38,TTC38
Astl,ASTL
Glyr1,GLYR1
Hira,HIRA
Uhrf1,UHRF1
Setd2,SETD2
Sult1b1,SULT1B1
Sult1e1,SULT1E1
Flna,FLNA
Mphosph10,MPHOSPH10
Prickle1,PRICKLE1
Hip1,HIP1
Nfyc,NFYC
Lsg1,LSG1
P2rx3,P2RX3
Fbxo34,FBXO34
Ylpm1,YLPM1
Riok1,RIOK1
Mtg2,MTG2
Slc27a2,SLC27A2
Crtc2,CRTC2
Kifap3,KIFAP3
Fbln1,FBLN1
Fbn2,FBN2
Kdm2b,KDM2B
Fbxl2,FBXL2
Ecpas,ECPAS
Fbxo11,FBXO11
Fbxo30,FBXO30
Fbxo36,FBXO36
Fbxo44,FBXO44
Fbxo6,FBXO6
Tbx2,TBX2
Arl4c,ARL4C
Prodh,PRODH
Zfp280b,ZNF280B
Zfp280c,ZNF280C
Zfp280d,ZNF280D
Zdhhc15,ZDHHC15
Snx12,SNX12
Mtx2,MTX2
Grcc10,C12orf57
Vkorc1,VKORC1
Slc35c1,SLC35C1
Cc2d2a,CC2D2A
Arl4d,ARL4D
Chi3l1,CHI3L1
Lmo7,LMO7
Pik3r5,PIK3R5
Stard7,STARD7
Trim27,TRIM27
Trim7,TRIM7
Trim50,TRIM50
Utp23,UTP23
Jpt2,JPT2
Ndrg3,NDRG3
Eif4ebp1,EIF4EBP1
Hexb,HEXB
Zswim5,ZSWIM5
Zbtb2,ZBTB2
Vapb,VAPB
Ptp4a2,PTP4A2
Ndufaf3,NDUFAF3
Galnt1,GALNT1
Slc35e1,SLC35E1
Pdcl,PDCL
Dcaf15,DCAF15
Ndufaf8,NDUFAF8
Lmnb1,LMNB1
Tmem154,TMEM154
Scoc,SCOC
Ube2h,UBE2H
Zmym2,ZMYM2
Flvcr2,FLVCR2
Hspa4l,HSPA4L
Pou2f1,POU2F1
Ap1g2,AP1G2
Midn,MIDN
Senp7,SENP7
Rnf214,RNF214
Lmbrd1,LMBRD1
Dync1li2,DYNC1LI2
Top2a,TOP2A
Pgm3,PGM3
Slc35b4,SLC35B4
Myom2,MYOM2
Rnaseh2c,RNASEH2C
Dusp11,DUSP11
Atp8b2,ATP8B2
Hspb8,HSPB8
Gdi2,GDI2
Prdm16,PRDM16
Rnaset2a,RNASET2
Plekhg6,PLEKHG6
Rpp38,RPP38
Tfcp2,TFCP2
Khsrp,KHSRP
Slc27a1,SLC27A1
Akap10,AKAP10
Plcxd3,PLCXD3
Zfp217,ZNF217
Mboat1,MBOAT1
Dusp23,DUSP23
Gas2l3,GAS2L3
Poldip2,POLDIP2
Tgm2,TGM2
Nle1,NLE1
Nsd2,NSD2
Nipbl,NIPBL
Insm1,INSM1
Aspm,ASPM
Fignl2,FIGNL2
Lrpprc,LRPPRC
Gyg1,GYG1
Urb2,URB2
Pknox1,PKNOX1
Mex3b,MEX3B
3425401B19Rik,C10orf71
Atf5,ATF5
Stt3b,STT3B
Fmo2,FMO2
Fmo3,FMO3
Fmo4,FMO4
Fmo1,FMO1
Fmo6,FMO6P
Mtmr14,MTMR14
Wnk1,WNK1
Tns2,TNS2
Eloa,ELOA
Klc2,KLC2
Dbx1,DBX1
Lmnb2,LMNB2
Ap3m2,AP3M2
Gtf2a1,GTF2A1
Bin3,BIN3
Tsc2,TSC2
1700009N14Rik,RAN
Prdm14,PRDM14
Inpp5k,INPP5K
Mon2,MON2
Rnasek,RNASEK
Exo1,EXO1
Emilin1,EMILIN1
Tmem129,TMEM129
Bcar1,BCAR1
Ski,SKI
Zpr1,ZPR1
Stag2,STAG2
Tm2d3,TM2D3
Fbxo38,FBXO38
Adi1,ADI1
Dyrk2,DYRK2
Podxl,PODXL
Ppm1b,PPM1B
Tle2,TLE2
Sp1,SP1
Snrpa,SNRPA
Zfp384,ZNF384
Abcb7,ABCB7
Fuca2,FUCA2
Rfx7,RFX7
Myt1,MYT1
Iqgap2,IQGAP2
Tmem209,TMEM209
Ska1,SKA1
Puf60,PUF60
Txlna,TXLNA
Agpat4,AGPAT4
Apool,APOOL
Fanci,FANCI
Lpgat1,LPGAT1
Mtres1,MTRES1
Tmem263,TMEM263
Rasl11b,RASL11B
Ypel2,YPEL2
Nus1,NUS1
Chkb,CHKB
Ptpn3,PTPN3
Cdk16,CDK16
Sypl1,SYPL1
Sypl2,SYPL2
Suco,SUCO
Med16,MED16
Trim37,TRIM37
Cstf1,CSTF1
Far1,FAR1
Lrrc8c,LRRC8C
Rnf10,RNF10
Erf,ERF
Qser1,QSER1
Dennd2a,DENND2A
Klf10,KLF10
Galnt6,GALNT6
Ptpa,PTPA
Ska3,SKA3
Mllt11,MLLT11
Nog,NOG
Gmfb,GMFB
Psd2,PSD2
Slc37a4,SLC37A4
Bri3,BRI3
Agap3,AGAP3
Faf1,FAF1
Zfp609,ZNF609
Xpo4,XPO4
Lbx2,LBX2
Jph3,JPH3
Lpp,LPP
Slc6a6,SLC6A6
Chd1,CHD1
Rad54l2,RAD54L2
Hmox1,HMOX1
Kifc1,KIFC1
Nob1,NOB1
Pan2,PAN2
Fgfr3,FGFR3
Tbc1d8b,TBC1D8B
Ilf3,ILF3
Slc2a1,SLC2A1
Tpd52l2,TPD52L2
Mmachc,MMACHC
Eme1,EME1
Ddah1,DDAH1
Zmat2,ZMAT2
Bptf,BPTF
Nr2e1,NR2E1
Son,SON
Taf2,TAF2
Wdtc1,WDTC1
Ints10,INTS10
Phldb2,PHLDB2
Amt,AMT
Fam13a,FAM13A
Letm1,LETM1
Suz12,SUZ12
Cenpt,CENPT
Fermt1,FERMT1
Psip1,PSIP1
Sclt1,SCLT1
Cyb5r3,CYB5R3
Pprc1,PPRC1
Exosc3,EXOSC3
Megf10,MEGF10
Klhl20,KLHL20
Plekha1,PLEKHA1
Rasgef1b,RASGEF1B
Cdv3,CDV3
Psmd12,PSMD12
Marcks,MARCKS
Sox6,SOX6
Agpat5,AGPAT5
Renbp,RENBP
Nt5c2,NT5C2
Extl2,EXTL2
Hsd3b7,HSD3B7
Wdr81,WDR81
Cdt1,CDT1
Rif1,RIF1
Mphosph8,MPHOSPH8
Limch1,LIMCH1
Gdap2,GDAP2
Glrx,GLRX
Mre11a,MRE11
Coq10b,COQ10B
Colq,COLQ
Ubl3,UBL3
Mllt3,MLLT3
Dicer1,DICER1
Mbd1,MBD1
Hoxb7,HOXB7
Ttll13,TTLL13
Ttll6,TTLL6
Tnfrsf14,TNFRSF14
Ankrd27,ANKRD27
Reep3,REEP3
Bloc1s5,BLOC1S5
Ppp6r3,PPP6R3
2310057M21Rik,C10orf88
Ptprn,PTPRN
Mthfsd,MTHFSD
Tesc,TESC
Arid4a,ARID4A
Chfr,CHFR
E2f7,E2F7
Med13,MED13
Acads,ACADS
Ctsh,CTSH
Rccd1,RCCD1
Sec22a,SEC22A
Firrm,FIRRM
Slc22a23,SLC22A23
Lmo4,LMO4
Naa40,NAA40
Zcchc24,ZCCHC24
Fnip1,FNIP1
Swap70,SWAP70
Nedd9,NEDD9
Pofut2,POFUT2
Ciapin1,CIAPIN1
Tbl1xr1,TBL1XR1
Hacd4,HACD4
Sema7a,SEMA7A
Zfp503,ZNF503
Zfp281,ZNF281
Gpbp1l1,GPBP1L1
Usp7,USP7
Magt1,MAGT1
Adgrg5,ADGRG5
Adgrg1,ADGRG1
Tspan17,TSPAN17
Plpp5,PLPP5
Plpp4,PLPP4
Acod1,ACOD1
Dclre1a,DCLRE1A
Kin,KIN
Polh,POLH
Orc4,ORC4
Scaf8,SCAF8
Trim63,TRIM63
Paqr6,PAQR6
Gpalpp1,GPALPP1
Smarcb1,SMARCB1
Gas2l1,GAS2L1
Kifc3,KIFC3
Bnc1,BNC1
Hnrnpu,HNRNPU
Trub2,TRUB2
Epha7,EPHA7
Rps6kb1,RPS6KB1
Ptprn2,PTPRN2
Tsr1,TSR1
Tnik,TNIK
Cab39l,CAB39L
Ctr9,CTR9
Prr14,PRR14
Septin6,SEPTIN6
Faap20,FAAP20
Thoc5,THOC5
Mon1b,MON1B
Srfbp1,SRFBP1
Lman1,LMAN1
Trrap,TRRAP
Src,SRC
Rab11a,RAB11A
Mks1,MKS1
Mat2b,MAT2B
Pld6,PLD6
Utp15,UTP15
Ufd1,UFD1
Rbm20,RBM20
Kif3a,KIF3A
Sh3glb1,SH3GLB1
Pcdh10,PCDH10
Gtpbp6,GTPBP6
Napepld,NAPEPLD
Fgfr2,FGFR2
Mms22l,MMS22L
Phf12,PHF12
Sacm1l,SACM1L
Slc35a4,SLC35A4
Ankrd13c,ANKRD13C
Elapor2,ELAPOR2
Inppl1,INPPL1
Pde12,PDE12
Arhgap27,ARHGAP27
C1galt1c1,C1GALT1C1
Kifbp,KIFBP
Ankrd11,ANKRD11
Mkln1,MKLN1
Nabp1,NABP1
Ppp4r3a,PPP4R3A
Rph3a,RPH3A
Ddx31,DDX31
Rab18,RAB18
Map1s,MAP1S
Cbx5,CBX5
Greb1l,GREB1L
Tapt1,TAPT1
Slc3a2,SLC3A2
Rbm26,RBM26
Stard3,STARD3
Gm7324,RBMX
Rbmxl2,RBMXL2
Serbp1,SERBP1
Rnf8,RNF8
Efcab7,EFCAB7
Pde4c,PDE4C
Dhx57,DHX57
Pop5,POP5
Mob3a,MOB3A
Mettl26,METTL26
Acbd6,ACBD6
Scrt2,SCRT2
Ston2,STON2
Dync1li1,DYNC1LI1
Slc25a37,SLC25A37
Casp8ap2,CASP8AP2
Rasal2,RASAL2
Mark2,MARK2
Sptlc1,SPTLC1
Larp1b,LARP1B
Katnbl1,KATNBL1
R3hcc1l,R3HCC1L
Nrip1,NRIP1
Spsb3,SPSB3
Fyttd1,FYTTD1
Ube2a,UBE2A
Tmem260,TMEM260
Tagln3,TAGLN3
Vamp5,VAMP5
Cherp,CHERP
Shh,SHH
Pcdh19,PCDH19
Pars2,PARS2
Ppp5c,PPP5C
Senp6,SENP6
Metap1,METAP1
Snap29,SNAP29
Fryl,FRYL
Zswim7,ZSWIM7
Trap1,TRAP1
Hmg20b,HMG20B
Pcnt,PCNT
Tspear,TSPEAR
Dlat,DLAT
Pof1b,POF1B
Guf1,GUF1
Zfp598,ZNF598
Tmed4,TMED4
Dnal1,DNAL1
Fgf4,FGF4
Nrarp,NRARP
Wdr26,WDR26
Metrnl,METRNL
Cops4,COPS4
Tmem63b,TMEM63B
Ehbp1,EHBP1
Rnf169,RNF169
Nkx2-9,NKX2-8
Rpl27,RPL27
Rab4a,RAB4A
Slu7,SLU7
Rps2,RPS2
Ildr1,ILDR1
Plod1,PLOD1
Gfm1,GFM1
Serp1,SERP1
Ms4a8a,MS4A8
Ms4a18,MS4A18
Fktn,FKTN
Fcer1g,FCER1G
Pfas,PFAS
Lcor,LCOR
Pisd,PISD
Trp53rka,TP53RK
Rpl13a,RPL13A
Spryd7,SPRYD7
Nolc1,NOLC1
Slc66a3,SLC66A3
Zbtb48,ZBTB48
Ext1,EXT1
Arid1b,ARID1B
Zmynd19,ZMYND19
Hoxa9,HOXA9
Gbx2,GBX2
Snrnp48,SNRNP48
S100a16,S100A16
Selenoo,SELENOO
Msl1,MSL1
S1pr5,S1PR5
Tbc1d10a,TBC1D10A
Ece1,ECE1
Dhx37,DHX37
Zc3h7b,ZC3H7B
Mat2a,MAT2A
Mtif3,MTIF3
Sumo1,SUMO1
Lrrc4c,LRRC4C
Tlcd4,TLCD4
Nucks1,NUCKS1
Naf1,NAF1
Stc2,STC2
Gtf2f1,GTF2F1
Sar1a,SAR1A
Ecsit,ECSIT
Agpat3,AGPAT3
Herc2,HERC2
Traf2,TRAF2
Ccna1,CCNA1
Eif2b5,EIF2B5
Tfip11,TFIP11
Eif4enif1,EIF4ENIF1
Tmem51,TMEM51
Prss27,PRSS27
Prss30,PRSS30P
Tpsg1,TPSG1
Hrob,HROB
Gk5,GK5
Pcmtd1,PCMTD1
Top1,TOP1
Spg7,SPG7
Micall2,MICALL2
Ccdc18,CCDC18
Agps,AGPS
Rfng,RFNG
Acat1,ACAT1
Ppp6r2,PPP6R2
Tes3-ps,DCUN1D1
Bag4,BAG4
Cavin1,CAVIN1
Tbp,TBP
Nck2,NCK2
2310061I04Rik,C6orf136
Rnpepl1,RNPEPL1
Zfhx3,ZFHX3
Nup153,NUP153
Fkbp14,FKBP14
Cidec,CIDEC
Prom2,PROM2
Hnrnpab,HNRNPAB
Sis,SI
Mgam,MGAM
Mgam2-ps,MGAM2
Rimoc1,RIMOC1
Olfm5,OLFM5P
Olfm4,OLFM4
Slc13a5,SLC13A5
Hexim2,HEXIM2
Hexim1,HEXIM1
Timm13,TIMM13
Mfsd12,MFSD12
C1s1,C1S
Nupr1,NUPR1
Slc15a1,SLC15A1
Fbxo28,FBXO28
Chpt1,CHPT1
Tsku,TSKU
Rasa1,RASA1
Sgpp1,SGPP1
Slc41a1,SLC41A1
Slc2a9,SLC2A9
Rdh13,RDH13
Habp2,HABP2
Zc3hav1,ZC3HAV1
Sst,SST
Gsto1,GSTO1
Abcg2,ABCG2
Ifi44l,IFI44L
Cnot7,CNOT7
Hipk3,HIPK3
C130074G19Rik,C1orf115
Gramd4,GRAMD4
Sac3d1,SAC3D1
Laptm4b,LAPTM4B
Eci2,ECI2
Zfp518a,ZNF518A
Zxdc,ZXDC
Mier2,MIER2
Hhip,HHIP
Fdx2,FDX2
Slc14a2,SLC14A2
Slc14a1,SLC14A1
Yod1,YOD1
Alms1,ALMS1
Zdhhc24,ZDHHC24
Suv39h1,SUV39H1
Tnks,TNKS
Pxmp4,PXMP4
Blzf1,BLZF1
Nf1,NF1
Tmed10,TMED10
Ppp1cc,PPP1CC
Esf1,ESF1
Ppp4r2,PPP4R2
Pip4p1,PIP4P1
Gramd1c,GRAMD1C
Ing2,ING2
Rbm46,RBM46
Zfp839,ZNF839
Rbm12b2,RBM12B
Arhgap21,ARHGAP21
Eef1e1,EEF1E1
Malsu1,MALSU1
Rbms1,RBMS1
Mn1,MN1
Pacsin1,PACSIN1
Arl8a,ARL8A
Edc4,EDC4
Rpusd1,RPUSD1
Oga,OGA
Ola1,OLA1
Zfp740,ZNF740
Cby3,CBY3
Cby1,CBY1
Rpl31,RPL31
Decr1,DECR1
Gopc,GOPC
Nat9,NAT9
Hmg20a,HMG20A
Pnkp,PNKP
Ccnk,CCNK
Tmem106a,TMEM106A
C1qtnf2,C1QTNF2
Ier5l,IER5L
Lrrc47,LRRC47
Creb3l2,CREB3L2
Frmd3,FRMD3
Slc40a1,SLC40A1
Fezf2,FEZF2
Nr5a2,NR5A2
Nr5a1,NR5A1
Fgd4,FGD4
Fgd5,FGD5
Fgf1,FGF1
Fgf11,FGF11
Fgf12,FGF12
Fgf13,FGF13
Fgf17,FGF17
Fgf18,FGF18
Fgf6,FGF6
Fgfbp1,FGFBP1
Cep43,CEP43
Fgfrl1,FGFRL1
Fgl1,FGL1
Fgl2,FGL2
Aptx,APTX
Tmem178b,TMEM178B
Pgd,PGD
Rbm25,RBM25
Grip2,GRIP2
Zfp710,ZNF710
Rbm44,RBM44
Cars2,CARS2
Ice1,ICE1
Twnk,TWNK
Memo1,MEMO1
Dsp,DSP
Tuba8,TUBA8
Tubal3,TUBAL3
Cited1,CITED1
Irag2,IRAG2
Rrad,RRAD
Sybu,SYBU
Zpld2,ZPLD2P
Tufm,TUFM
Rnmt,RNMT
Mettl16,METTL16
Cntn5,CNTN5
Jade1,JADE1
Rmp64,RMP64
Slc12a8,SLC12A8
Rasa2,RASA2
Wiz,WIZ
F10,F10
Atf6,ATF6
Cracd,CRACD
Psat1,PSAT1
Usp37,USP37
Pdlim2,PDLIM2
Gabpb2,GABPB2
Traf6,TRAF6
Cfdp1,CFDP1
Usp42,USP42
Bub1b,BUB1B
Ankrd12,ANKRD12
Ccdc82,CCDC82
Kat7,KAT7
Hirip3,HIRIP3
Atad2,ATAD2
Rab3d,RAB3D
Sbsn,SBSN
Ppp1r3g,PPP1R3G
Grm4,GRM4
Prx,PRX
Il1rapl1,IL1RAPL1
Snapc4,SNAPC4
Mep1b,MEP1B
Tk1,TK1
Ints14,INTS14
Triobp,TRIOBP
Fem1al,FEM1A
Rsf1,RSF1
Pabpc1l,PABPC1L
Phf20l1,PHF20L1
Spns2,SPNS2
Kpna7,KPNA7
Zfp652,ZNF652
Mrps16,MRPS16
Gnai2,GNAI2
Osbpl5,OSBPL5
Zfp36l2,ZFP36L2
Zdhhc13,ZDHHC13
Cdc50a,CDC50A
Leng9,LENG9
Twsg1,TWSG1
Ginm1,GINM1
Slc20a2,SLC20A2
Ssh1,SSH1
Xpo6,XPO6
Smim12,SMIM12
Vwa1,VWA1
Rbm38,RBM38
Dtx3,DTX3
Brdt,BRDT
Mier1,MIER1
Il11ra3,IL11RA
Exoc3,EXOC3
Ahnak,AHNAK
Zfp438,ZNF438
Tle3,TLE3
Gtpbp4,GTPBP4
Proser3,PROSER3
Taf5l,TAF5L
Tbc1d16,TBC1D16
Pbx1,PBX1
Manea,MANEA
Rnf168,RNF168
Gdpd5,GDPD5
Naa15,NAA15
Myot,MYOT
Tmem39b,TMEM39B
Bcan,BCAN
AW554918,KIAA1328
Sash1,SASH1
Lrrc40,LRRC40
Ankrd54,ANKRD54
Igbp1b,IGBP1C
Ankle2,ANKLE2
Fam43a,FAM43A
Mknk2,MKNK2
Ash1l,ASH1L
Ror1,ROR1
Baz1a,BAZ1A
Hgs,HGS
Aldh8a1,ALDH8A1
Tmem131l,TMEM131L
Bmp15,BMP15
Spsb1,SPSB1
Acp2,ACP2
Napg,NAPG
Rnf34,RNF34
Prrc1,PRRC1
Zranb1,ZRANB1
Ppp1r12c,PPP1R12C
Mlst8,MLST8
Entpd3,ENTPD3
Sox1,SOX1
Elp4,ELP4
Agk,AGK
Nufip1,NUFIP1
Ccdc71,CCDC71
Fan1,FAN1
Arap1,ARAP1
Gpr137c,GPR137C
Mark3,MARK3
Fam174c,FAM174C
Zfp644,ZNF644
Ibtk,IBTK
Orc3,ORC3
Slc25a32,SLC25A32
Cip2a,CIP2A
Yars2,YARS2
Tpcn2,TPCN2
Adad1,ADAD1
Sh3rf1,SH3RF1
Lcorl,LCORL
Fam114a2,FAM114A2
Arid2,ARID2
Zmpste24,ZMPSTE24
Wrap73,WRAP73
Zdhhc18,ZDHHC18
Iars1,IARS1
Slc43a1,SLC43A1
Trp53i11,TP53I11
Bud13,BUD13
Nkx2-4,NKX2-4
Ugp2,UGP2
Adsl,ADSL
Baz1b,BAZ1B
Plch2,PLCH2
Tgm1,TGM1
Stau1,STAU1
Nobox,NOBOX
Zfp668,ZNF668
Exd2,EXD2
Prr14l,PRR14L
Ccnt1,CCNT1
Nelfa,NELFA
Vcam1,VCAM1
Med15,MED15
Gpr107,GPR107
Nfrkb,NFRKB
Lipt1,LIPT1
Angptl4,ANGPTL4
Fibcd1,FIBCD1
Fibp,FIBP
Figla,FIGLA
Fig4,FIG4
Vegfd,VEGFD
Edar,EDAR
Fip1l1,FIP1L1
Fitm1,FITM1
Spata20,SPATA20
Nmi,NMI
Rpl5,RPL5
Mak,MAK
Alg11,ALG11
Msln,MSLN
Mmp9,MMP9
Mdh1,MDH1
Pcsk7,PCSK7
H2bc21,H2BC11
H2bc22,H2BC13
H2bc9,H2BC5
H2bc3,H2BC3
H2bc18,H2BC18
H2bc26,H2BC26
H2bc27,H2BC27P
Eef1b2,EEF1B2
Cfap74,CFAP74
Shroom2,SHROOM2
Mpeg1,MPEG1
Socs3,SOCS3
Ccnc,CCNC
Mfap4,MFAP4
Rabggtb,RABGGTB
Grn,GRN
Zfp646,ZNF646
Cfap52,CFAP52
Nfkbia,NFKBIA
Ift38,IFT38
Plpp2,PLPP2
Pcolce,PCOLCE
Zfand3,ZFAND3
Parp3,PARP3
Lamtor4,LAMTOR4
Tnrc6c,TNRC6C
G3bp1,G3BP1
Efhd1,EFHD1
Cimap1b,CIMAP1B
Cimap1a,CIMAP1A
Pcdh18,PCDH18
Vsig10,VSIG10
Man1a2,MAN1A2
Tmc4,TMC4
Nrsn1,NRSN1
Pfkfb2,PFKFB2
Trak2,TRAK2
Tec,TEC
Krt83,KRT83
Krt78,KRT78
Krt81,KRT81
Krt86,KRT86
Krt82,KRT82
Krt85,KRT85
Tesk1,TESK1
Ptpn6,PTPN6
Ptprf,PTPRF
Thrb,THRB
Wdr83,WDR83
Cldnd1,CLDND1
Rgs5,RGS5
Rogdi,ROGDI
Oxt,OXT
Tubb4a,TUBB4A
Tmem50a,TMEM50A
Tmem50b,TMEM50B
Nme6,NME6
Hexd,HEXD
Ikbkg,IKBKG
Slain1,SLAIN1
Vps36,VPS36
Tbc1d10b,TBC1D10B
Uaca,UACA
Naa38,NAA38
Gas6,GAS6
Pianp,PIANP
Otof,OTOF
Tsc22d1,TSC22D1
Tspan3,TSPAN3
Chpf2,CHPF2
Ctxn2,CTXN2
Itm2c,ITM2C
Ggct,GGCT
Irf2bp2,IRF2BP2
Fam78b,FAM78B
Mapre3,MAPRE3
Arfip2,ARFIP2
Kidins220,KIDINS220
R3hdm1,R3HDM1
Prrt4,PRRT4
Emsy,EMSY
Htr6,HTR6
Zic4,ZIC4
Klf15,KLF15
Clpp,CLPP
Sema3e,SEMA3E
Septin5,SEPTIN5
Pdyn,PDYN
Npdc1,NPDC1
Osgep,OSGEP
Rab5a,RAB5A
Grm1,GRM1
Hpdl,HPDL
Cpne2,CPNE2
Mlf2,MLF2
Ppfia2,PPFIA2
Ap1s2,AP1S2
Cyp39a1,CYP39A1
Nicol1,NICOL1
Srd5a3,SRD5A3
Got2,GOT2
Sft2d3,SFT2D3
Lin7b,LIN7B
Gypc,GYPC
Ptpru,PTPRU
Il12b,IL12B
Psmd4,PSMD4
Rcbtb1,RCBTB1
Use1,USE1
Per2,PER2
Smad2,SMAD2
C2cd5,C2CD5
Slc6a1,SLC6A1
Stxbp1,STXBP1
Dpf3,DPF3
Lrrc4,LRRC4
Atl1,ATL1
Sema6a,SEMA6A
Sdhb,SDHB
Zfp219,ZNF219
AI593442,C11orf87
Ppp3ca,PPP3CA
Crebzf,CREBZF
Dnajc18,DNAJC18
Ndst1,NDST1
Plp2,PLP2
Nell2,NELL2
Snn,SNN
Insyn1,INSYN1
Cul2,CUL2
Trim9,TRIM9
Wdr41,WDR41
Ksr2,KSR2
Tcea1,TCEA1
Micos10,MICOS10
Neurod2,NEUROD2
Bnip3,BNIP3
Vgf,VGF
Cnot11,CNOT11
Ndufb4,NDUFB4
Madd,MADD
Arhgap42,ARHGAP42
Vstm2b,VSTM2B
Tarbp2,TARBP2
Hapln2,HAPLN2
Abcc5,ABCC5
Utp11,UTP11
Wdr37,WDR37
Npffr1,NPFFR1
Calb1,CALB1
Myl1,MYL1
Tlcd5,TLCD5
Mrpl40,MRPL40
Tpst1,TPST1
Cttnbp2,CTTNBP2
Kif2a,KIF2A
Mpnd,MPND
Ube2ql1,UBE2QL1
Nr2e3,NR2E3
Acsbg2,ACSBG2
Echs1,ECHS1
Rab3gap1,RAB3GAP1
Begain,BEGAIN
Ttyh3,TTYH3
Ncam1,NCAM1
Cdr2l,CDR2L
Dnajc7,DNAJC7
Rbl1,RBL1
Gphn,GPHN
Slc6a17,SLC6A17
Prkce,PRKCE
Psd3,PSD3
Gabrb2,GABRB2
Sos1,SOS1
Raph1,RAPH1
Sdk2,SDK2
Qrich1,QRICH1
Mylk,MYLK
Sez6,SEZ6
Smad7,SMAD7
Loxl3,LOXL3
Sel1l,SEL1L
Scg2,SCG2
Amer3,AMER3
Slc9a8,SLC9A8
Ino80c,INO80C
Slc48a1,SLC48A1
Mrpl3,MRPL3
Pop7,POP7
Syngr2,SYNGR2
Ttbk2,TTBK2
Hid1,HID1
Sin3b,SIN3B
Gpr88,GPR88
Rnf7,RNF7
Meaf6,MEAF6
Nt5dc1,NT5DC1
Gna13,GNA13
Sys1,SYS1
Lsm7,LSM7
Taf1c,TAF1C
Prmt2ip,PRMT2IP
Moxd1,MOXD1
Col4a1,COL4A1
Mxra8,MXRA8
Ajuba,AJUBA
Rrs1,RRS1
Bcat1,BCAT1
Ubac1,UBAC1
Septin7,SEPTIN7
Smg9,SMG9
Hoxb8,HOXB8
Slc22a7,SLC22A7
Foxj1,FOXJ1
Synrg,SYNRG
Zc3h3,ZC3H3
Cfap97,CFAP97
Nup35,NUP35
Rnf19a,RNF19A
Nrip2,NRIP2
Rcc1,RCC1
Stradb,STRADB
G6pdx,G6PD
Pus3,PUS3
Lnx1,LNX1
Pwwp3a,PWWP3A
Pwwp3b,PWWP3B
Pwwp4d,PWWP4
Sik1,SIK1
Stard8,STARD8
Slc19a1,SLC19A1
Lnpk,LNPK
Smug1,SMUG1
Myo1c,MYO1C
Sqor,SQOR
Mettl3,METTL3
Rgs7bp,RGS7BP
Ctdsp1,CTDSP1
Coro1a,CORO1A
Chac2,CHAC2
Lyve1,LYVE1
Fgr,FGR
Stat2,STAT2
Pspc1,PSPC1
Relb,RELB
Plcg2,PLCG2
Rhbg,RHBG
Mmp23,MMP23B
Arhgap10,ARHGAP10
Spr,SPR
Zfp292,ZNF292
Lztr1,LZTR1
Gse1,GSE1
Pde4b,PDE4B
Prr12,PRR12
Lrat,LRAT
Mbnl2,MBNL2
Lzts2,LZTS2
Ric8b,RIC8B
Yipf3,YIPF3
Eif2ak1,EIF2AK1
Glg1,GLG1
Zzz3,ZZZ3
Tdrd6,TDRD6
Phf21a,PHF21A
Musk,MUSK
Cap1,CAP1
Senp1,SENP1
Nectin3,NECTIN3
Zp1,ZP1
Smim8,SMIM8
Strada,STRADA
Mta3,MTA3
Arhgap1,ARHGAP1
Pitpnm3,PITPNM3
Fat2,FAT2
Sgta,SGTA
Arhgef25,ARHGEF25
Tollip,TOLLIP
Sdf2,SDF2
Nrdc,NRDC
Susd6,SUSD6
Perp,PERP
Stx2,STX2
Rin3,RIN3
Ndufaf1,NDUFAF1
Rrp8,RRP8
2310022A10Rik,C19orf47
S100a14,S100A14
S100a13,S100A13
Scyl1,SCYL1
Plxnb2,PLXNB2
Kctd4,KCTD4
Pex26,PEX26
Ficd,FICD
Smim7,SMIM7
Cox7b,COX7B
Cox7b2,COX7B2
Rdh14,RDH14
Med21,MED21
Ddx6,DDX6
Mthfd1l,MTHFD1L
Uqcr11,UQCR11
Hoxd11,HOXD11
Wdr48,WDR48
Fpgs,FPGS
Gtsf1,GTSF1
Aplp2,APLP2
Rprd2,RPRD2
Rcvrn,RCVRN
Tapbpl,TAPBPL
Arhgef17,ARHGEF17
Ptpn1,PTPN1
Lactbl1,LACTBL1
Gnat1,GNAT1
Plekhb1,PLEKHB1
Opa1,OPA1
Rapgef5,RAPGEF5
Qsox1,QSOX1
Fbn1,FBN1
Crem,CREM
Rpp30,RPP30
Rin2,RIN2
Emx2,EMX2
Dync1h1,DYNC1H1
B4galt4,B4GALT4
Serpinb6e,SERPINB6
Serpinb8,SERPINB8
Serpinb9c,SERPINB9
Ppme1,PPME1
Tanc2,TANC2
Heyl,HEYL
Prss29,PRSS29P
Slc38a5,SLC38A5
Satb1,SATB1
Rassf10,RASSF10
Arpc2,ARPC2
Pon3,PON3
Pon2,PON2
Lrp1,LRP1
Srgn,SRGN
Luzp1,LUZP1
Vav3,VAV3
Jdp2,JDP2
Slc12a9,SLC12A9
Mrpl46,MRPL46
Fam110b,FAM110B
Psme1,PSME1
Fbxl9,FBXL9P
Nup188,NUP188
Slc17a4,SLC17A4
Slc17a1,SLC17A1
Slc17a3,SLC17A3
Slc17a2,SLC17A2
Hcls1,HCLS1
Ppp1r1c,PPP1R1C
Lmbrd2,LMBRD2
Dedd,DEDD
Polr2e,POLR2E
Fkbp10,FKBP10
Foxd3,FOXD3
Foxa1,FOXA1
Foxd2,FOXD2
Taf12,TAF12
Itgb4,ITGB4
Plin3,PLIN3
Plin5,PLIN5
Sec23b,SEC23B
Gpr34,GPR34
Il17rc,IL17RC
Mkrn3,MKRN3
Map4k5,MAP4K5
Angel2,ANGEL2
Pold1,POLD1
Smyd1,SMYD1
Alox5ap,ALOX5AP
Noto,NOTO
Etv2,ETV2
Gnl3l,GNL3L
Ube2w,UBE2W
Mis18bp1,MIS18BP1
Wdr33,WDR33
Kri1,KRI1
Gins3,GINS3
Tmem35a,TMEM35A
Mfsd6,MFSD6
Harbi1,HARBI1
Flt1,FLT1
Clstn1,CLSTN1
Nrbf2,NRBF2
Sgk2,SGK2
Myh13,MYH13
Myh3,MYH3
Fnbp1,FNBP1
Fndc7,FNDC7
Zfp64,ZFP64
Ccbe1,CCBE1
Zfpm1,ZFPM1
Zfpm2,ZFPM2
Cep20,CEP20
Fosl1,FOSL1
Foxd1,FOXD1
Foxf2,FOXF2
Foxl2,FOXL2
Foxl3,FOXL3
Foxm1,FOXM1
Foxo1,FOXO1
Foxo6,FOXO6
Foxp1,FOXP1
Foxp3,FOXP3
Foxq1,FOXQ1
Foxr1,FOXR1
Foxr2,FOXR2
Ptgfr,PTGFR
Pdha1,PDHA1
Gli3,GLI3
Supt16,SUPT16H
Timm10b,TIMM10B
Pgap2,PGAP2
Mtor,MTOR
Bmp1,BMP1
Wdpcp,WDPCP
Frk,FRK
Frmd5,FRMD5
Frrs1,FRRS1
Pcp4,PCP4
Fscn1,FSCN1
Fscn2,FSCN2
Fshb,FSHB
Spon1,SPON1
Tnnc2,TNNC2
Cog1,COG1
Pknox2,PKNOX2
Mrm2,MRM2
Cmtr2,CMTR2
Cmtr1,CMTR1
Stk36,STK36
Fuca1,FUCA1
Pofut3,POFUT3
Pofut4,POFUT4
Fut8,FUT8
Grik1,GRIK1
Slc9a6,SLC9A6
Nr1h4,NR1H4
Nr1h5,NR1H5P
Fxyd1,FXYD1
Fyb1,FYB1
Fyn,FYN
Fzd4,FZD4
Fzd1,FZD1
Fzd9,FZD9
Fzd5,FZD5
Fzd3,FZD3
Fzd8,FZD8
Fzr1,FZR1
Bud31,BUD31
Gna11,GNA11
Kcna1,KCNA1
Isg15,ISG15
Xrcc6,XRCC6
Gng3,GNG3
Adgrf2,ADGRF2P
Adgrf4,ADGRF4
Adgrf1,ADGRF1
Adgrf5,ADGRF5
Hspa12b,HSPA12B
Gabbr1,GABBR1
Gpr156,GPR156
Gabra6,GABRA6
Gabarap,GABARAP
Gad1,GAD1
Gad2,GAD2
Gadd45a,GADD45A
Gadd45g,GADD45G
Gal3st1,GAL3ST1
Gpc2,GPC2
Gal,GAL
Galnt17,GALNT17
Galnt18,GALNT18
Gna12,GNA12
Gna15,GNA15
Gnai3,GNAI3
Gnao1,GNAO1
Gnal,GNAL
Gnaq,GNAQ
Gnas,GNAS
Gnat2,GNAT2
Gnaz,GNAZ
Galr1,GALR1
B4galt6,B4GALT6
Tac1,TAC1
Ganab,GANAB
Psmd10,PSMD10
Ralgapa1,RALGAPA1
Gars1,GARS1
Gas2,GAS2
Gas7,GAS7
Drc4,DRC4
Wfikkn2,WFIKKN2
Wfikkn1,WFIKKN1
Asz1,ASZ1
Gata2,GATA2
Gatad2a,GATAD2A
Castor1,CASTOR1
Gba1,GBA1
Cfi,CFI
Ldlrad4,LDLRAD4
Nipsnap2,NIPSNAP2
Prr13,PRR13
Nr0b2,NR0B2
Ndufaf6,NDUFAF6
Nopchap1,NOPCHAP1
Shtn1,SHTN1
Bbln,BBLN
Crebrf,CREBRF
Cep15,CEP15
Ncor2,NCOR2
Bicral,BICRAL
Tmsb10,TMSB10
Cemip,CEMIP
Gm527,DORIP1
Ap5z1,AP5Z1
Cfap92,CFAP92
Meiob,MEIOB
Tmem74b,TMEM74B
Smad4,SMAD4
Tmem94,TMEM94
Tti1,TTI1
Trir,TRIR
Fam222b,FAM222B
Focad,FOCAD
Trappc14,TRAPPC14
Tmem150c,TMEM150C
Pgr,PGR
Rora,RORA
Nr2c2,NR2C2
Vdr,VDR
Kat2a,KAT2A
Ncoa6,NCOA6
Ppargc1a,PPARGC1A
Slc17a9,SLC17A9
Prorp,PRORP
Cfap107,CFAP107
Nexmif,NEXMIF
Fam171a1,FAM171A1
Rpp25,RPP25
Washc4,WASHC4
2210408I21Rik,KIAA0825
Cipc,CIPC
Cep295,CEP295
Jcad,JCAD
Helz2,HELZ2
Faxc,FAXC
Lrrc73,LRRC73
Sanbr,SANBR
Cfap43,CFAP43
D7Ertd443e,C10orf90
Spidr,SPIDR
4930578I06Rik,C8orf74
Cfap68,CFAP68
2310011J03Rik,C19orf25
Peak1,PEAK1
Mosmo,MOSMO
Ccdc186,CCDC186
Gm525,C17orf67
Ric1,RIC1
Erg28,ERG28
Ccdc175,CCDC175
Edrf1,EDRF1
Grm2,GRM2
Gucy2f,GUCY2F
Gucy2e,GUCY2D
Lyset,LYSET
Guca1b,GUCA1B
Gcdh,GCDH
Gcg,GCG
Gcgr,GCGR
Ccndbp1,CCNDBP1
Gcm2,GCM2
Gcn1,GCN1
Nr6a1,NR6A1
Csf3r,CSF3R
Mstn,MSTN
Gdnf,GDNF
Gdpd3,GDPD3
Mmp2,MMP2
Nlrp9c,NLRP9
Nlrp5,NLRP5
Gtf3a,GTF3A
Gfi1,GFI1
Gfra2,GFRA2
Gfra4,GFRA4
Gfus,GFUS
Gga3,GGA3
Pggt1b,PGGT1B
Ggt5,GGT5
Ghdc,GHDC
Ghr,GHR
Ghrhr,GHRHR
Ghsr,GHSR
Golgb1,GOLGB1
Gigyf1,GIGYF1
Ifi30,IFI30
Tsc22d3,TSC22D3
Gipc2,GIPC2
Git2,GIT2
Tnfrsf18,TNFRSF18
Tnfsf18,TNFSF18
Ucma,UCMA
Glcci1,GLCCI1
Glce,GLCE
Gclm,GCLM
Gle1,GLE1
Hepacam,HEPACAM
Glmn,GLMN
Gls,GLS
Gls2,GLS2
Gxylt1,GXYLT1
Gxylt2,GXYLT2
Gltp,GLTP
Gltpd2,GLTPD2
Bicra,BICRA
Lgsn,LGSN
Gria1,GRIA1
Gria2,GRIA2
Gria3,GRIA3
Gria4,GRIA4
Grid2,GRID2
Slc2a10,SLC2A10
Slc2a2,SLC2A2
Slc2a6,SLC2A6
Glrx5,GLRX5
Slc6a9,SLC6A9
Slc6a5,SLC6A5
St3gal5,ST3GAL5
Gmppa,GMPPA
Rack1,RACK1
Gnb3,GNB3
Gnb4,GNB4
Gnb5,GNB5
Gngt1,GNGT1
Gng11,GNG11
Gng12,GNG12
Gng13,GNG13
Gngt2,GNGT2
Gnrhr,GNRHR
Gns,GNS
Mboat4,MBOAT4
Cdc26,CDC26
Slc24a5,SLC24A5
Golga7b,GOLGA7B
Golim4,GOLIM4
Golph3,GOLPH3
Golt1b,GOLT1B
Fshr,FSHR
Cga,CGA
Mbtps1,MBTPS1
Il6st,IL6ST
Lrp2,LRP2
Cybb,CYBB
Gpa33,GPA33
Gpc1,GPC1
Gpc6,GPC6
Gpd1,GPD1
Gper1,GPER1
Pigk,PIGK
Cmklr2,CMKLR2
Qrfprl,QRFPR
Adgrg4,ADGRG4
Adgrf3,ADGRF3
Adgra2,ADGRA2
Adgra3,ADGRA3
Stx7,STX7
Adgrd1,ADGRD1
Gpr137,GPR137
Gpr158,GPR158
Gpr161,GPR161
Tpra1,TPRA1
Gpr3,GPR3
Gpr22,GPR22
Mchr1,MCHR1
Adgrg2,ADGRG2
Npbwr1,NPBWR1
Npffr2,NPFFR2
Hcar1,HCAR1
Adgrg3,ADGRG3
Adgrv1,ADGRV1
Armc10,ARMC10
Gprc5b,GPRC5B
Gprin3,GPRIN3
Gpt,GPT
Gfral,GFRAL
Gramd2a,GRAMD2A
Tamalin,TAMALIN
Grb10,GRB10
Grem1,GREM1
Grem2,GREM2
Grhl2,GRHL2
Hey2,HEY2
Grik2,GRIK2
Grin2b,GRIN2B
Grin2c,GRIN2C
Grin3b,GRIN3B
Grina,GRINA
Ncoa2,NCOA2
Grk4,GRK4
Grm5,GRM5
Grm8,GRM8
Grtp1,GRTP1
Glrx2,GLRX2
Glrx3,GLRX3
Grxcr1,GRXCR1
Gsx1,GSX1
Gsx2,GSX2
Gsk3a,GSK3A
Gspt1,GSPT1
Pomgnt2,POMGNT2
Gtf2f2,GTF2F2
Lhcgr,LHCGR
Gtpbp2,GTPBP2
Mtg1,MTG1
Gucy1a1,GUCY1A1
Gucy1b1,GUCY1B1
Gucy2c,GUCY2C
Guk1,GUK1
Gulp1,GULP1
Large2,LARGE2
Dbx2,DBX2
H2ac21,H2AC21
H2ac25,H2AC25
H2ac20,H2AC20
Macroh2a2,MACROH2A2
H2az2,H2AZ2
H2az1,H2AZ1
H2ax,H2AX
H2ac10,H2AC7
H2aj,H2AJ
H2bc1,H2BC1
Zfp367,ZNF367
Slc5a7,SLC5A7
Hsd17b10,HSD17B10
Hadh,HADH
Plekha7,PLEKHA7
Spint1,SPINT1
Hamp,HAMP
Copb1,COPB1
Ush1c,USH1C
Mnx1,MNX1
Hbegf,HBEGF
Hpx,HPX
Lamtor5,LAMTOR5
Hccs,HCCS
Serpind1,SERPIND1
Hcn2,HCN2
Hcn4,HCN4
Hcrtr2,HCRTR2
Spats2l,SPATS2L
Spats2,SPATS2
Hdac7,HDAC7
Hdac9,HDAC9
Hdgfl2,HDGFL2
Hdgfl3,HDGFL3
Pudp,PUDP
Tcf7l1,TCF7L1
Dnaaf5,DNAAF5
Mroh1,MROH1
Hspa8,HSPA8
Ndc80,NDC80
Hecw1,HECW1
Hecw2,HECW2
Heg1,HEG1
Helq,HELQ
Henmt1,HENMT1
Hephl1,HEPHL1
Hes6,HES6
Herc6,HERC6
Myf6,MYF6
Rbpms2,RBPMS2
Hey1,HEY1
Hes2,HES2
Helt,HELT
Hhex,HHEX
Hgf,HGF
Slc72a1,SLC71A1
Slc71a2,SLC71A2
Hibadh,HIBADH
Hif1a,HIF1A
Hif3a,HIF3A
Egln2,EGLN2
Egln3,EGLN3
Asmt,ASMT
Zdhhc17,ZDHHC17
Ccdc62,CCDC62
Ube2k,UBE2K
Nfu1,NFU1
H1f2,H1-2
Hivep2,HIVEP2
Hmbox1,HMBOX1
Hmbs,HMBS
Hmga1b,HMGA1
Hmgb1,HMGB1
Hmgb2,HMGB2
Hmgcr,HMGCR
Nsg2,NSG2
Hmx3,HMX3
Ndufb5,NDUFB5
Sfpq,SFPQ
Syf2,SYF2
Dctn6,DCTN6
Sparc,SPARC
Chchd6,CHCHD6
Ddx17,DDX17
Sfrp2,SFRP2
Crat,CRAT
Srsf2,SRSF2
Rgs6,RGS6
Ybx1,YBX1
Pfn2,PFN2
Lims2,LIMS2
Rps27a,RPS27A
Kpna2,KPNA2
Tyrp1,TYRP1
Mpzl3,MPZL3
Dnajc8,DNAJC8
Lcn12,LCN12
Rps9,RPS9
Ranbp1,RANBP1
Mcfd2,MCFD2
Noazfp,NOAZFP
Ttn,TTN
Lrrfip1,LRRFIP1
Arfgef1,ARFGEF1
Prdx1,PRDX1
Tnni3,TNNI3
Tnni2,TNNI2
Hoxb2,HOXB2
Irx3,IRX3
Mybpc3,MYBPC3
Tradd,TRADD
Capn8,CAPN8
S100a10,S100A10
Timm44,TIMM44
Ccar1,CCAR1
Apex1,APEX1
Mrm3,MRM3
Bhmt,BHMT
Bhmt2,BHMT2
Vcl,VCL
Nsfl1c,NSFL1C
Jpt1,JPT1
Onecut1,ONECUT1
Chst10,CHST10
Hnrnpa3,HNRNPA3
Hnrnpdl,HNRNPDL
Hnrnpk,HNRNPK
Hnrnpr,HNRNPR
Rnf31,RNF31
Homer1,HOMER1
Homer3,HOMER3
Mef2c,MEF2C
Hopx,HOPX
Rem1,REM1
Tlx1,TLX1
Tlx2,TLX2
Hoxb6,HOXB6
Hoxa1,HOXA1
Hoxa10,HOXA10
Hoxa11,HOXA11
Hoxc11,HOXC11
Hoxa13,HOXA13
Hoxb3,HOXB3
Hoxc10,HOXC10
Hoxc4,HOXC4
Hoxd10,HOXD10
Hoxd12,HOXD12
Hoxd13,HOXD13
Hoxd3,HOXD3
Hoxd9,HOXD9
Hoxc13,HOXC13
Hoxa4,HOXA4
Prpf3,PRPF3
Bloc1s3,BLOC1S3
Rad23b,RAD23B
Hras,HRAS
Plaat1,PLAAT1
Hic2,HIC2
Hrh2,HRH2
Prmt2,PRMT2
Prmt3,PRMT3
Prmt8,PRMT8
Prmt6,PRMT6
Cdc73,CDC73
Rida,RIDA
Hs2st1,HS2ST1
Hsbp1,HSBP1
Hsd11b1,HSD11B1
Rdh5,RDH5
Hsf1,HSF1
Lipe,LIPE
Hsph1,HSPH1
Dnaja3,DNAJA3
Hspa4,HSPA4
Hspb6,HSPB6
Hspb9,HSPB9
Ier3ip1,IER3IP1
Wdr91,WDR91
Mkrn2,MKRN2
Kat5,KAT5
Htr1f,HTR1F
Htr1a,HTR1A
Htr1d,HTR1D
Htr2a,HTR2A
Htr5a,HTR5A
Htr7,HTR7
Htra1,HTRA1
Htra2,HTRA2
Hyal2,HYAL2
Fabp6,FABP6
Clns1a,CLNS1A
Mrpl58,MRPL58
Cxxc4,CXXC4
Echdc2,ECHDC2
Srpra,SRPRA
Mrpl47,MRPL47
Rps6ka1,RPS6KA1
Ssbp3,SSBP3
Hspbp1,HSPBP1
Wwp2,WWP2
Nova2,NOVA2
Exosc6,EXOSC6
Atpaf1,ATPAF1
Sult2a1,SULT2A1
Sult2b1,SULT2B1
Usp10,USP10
Strn3,STRN3
Prpf8,PRPF8
Bop1,BOP1
Rreb1,RREB1
Hprt1,HPRT1
Zfyve28,ZFYVE28
Myl10,MYL10
Btbd10,BTBD10
Rgma,RGMA
Cenpn,CENPN
Sox3,SOX3
Rbis,RBIS
Kansl2,KANSL2
Arfip1,ARFIP1
Vasn,VASN
Tmem161b,TMEM161B
Unc119b,UNC119B
Ncapd3,NCAPD3
Evl,EVL
Etv6,ETV6
Tfdp2,TFDP2
Slc4a4,SLC4A4
Foxp4,FOXP4
Lfng,LFNG
Pmp22,PMP22
Siah1b,SIAH1
Nrp2,NRP2
Papss2,PAPSS2
Ncapg2,NCAPG2
Enah,ENAH
Slc7a6,SLC7A6
Spdl1,SPDL1
Zfand5,ZFAND5
Nacc1,NACC1
Tsn,TSN
Gnl3,GNL3
Lnx2,LNX2
Helb,HELB
Zfp106,ZNF106
Mettl9,METTL9
Mab21l2,MAB21L2
Mast1,MAST1
Itgb1bp2,ITGB1BP2
Fgf3,FGF3
Xkr4,XKR4
Gas1,GAS1
Itih2,ITIH2
Tiam2,TIAM2
Impdh1,IMPDH1
Pbxip1,PBXIP1
Fxr2,FXR2
Acy3,ACY3
Bbs7,BBS7
Kif26a,KIF26A
Aff3,AFF3
Hyou1,HYOU1
Dph2,DPH2
Nid1,NID1
Sox5,SOX5
Nmnat1,NMNAT1
Foxc1,FOXC1
Fras1,FRAS1
Slc39a7,SLC39A7
Dennd5b,DENND5B
Greb1,GREB1
Nkx2-2,NKX2-2
Snx5,SNX5
Kat6b,KAT6B
Mars1,MARS1
Mllt10,MLLT10
Skp2,SKP2
Plekhg4,PLEKHG4
Mtss2,MTSS2
Pou2f2,POU2F2
Thrap3,THRAP3
Ttc7,TTC7A
Syne2,SYNE2
Pck2,PCK2
Ido2,IDO2
Ido1,IDO1
Fabp2,FABP2
Iffo1,IFFO1
Iffo2,IFFO2
Ifit2,IFIT2
Ifit3,IFIT3
Ifitm7,IFITM3
Ifnk,IFNK
Ifne,IFNE
Ifnb1,IFNB1
Ifng,IFNG
Il22,IL22
Igf1,IGF1
Igf2bp2,IGF2BP2
Igfbp2,IGFBP2
Igfbp3,IGFBP3
Igfbp5,IGFBP5
Igf1r,IGF1R
Igfn1,IGFN1
Ighm,IGHM
Ighmbp2,IGHMBP2
Igkv8-21,IGKV4-1
Igkv12-98,IGKV1-27
Igkv5-37,IGKV6D-41
Cadm2,CADM2
Igsf5,IGSF5
Dzip1,DZIP1
Elp1,ELP1
Ikzf1,IKZF1
Chuk,CHUK
Ikbkb,IKBKB
Ikbke,IKBKE
Mettl23,METTL23
Rsrc2,RSRC2
Rbpj,RBPJ
1700030K09Rik,C19orf44
Ugdh,UGDH
Sf3b3,SF3B3
Naca,NACA
Gng5c,GNG5B
Zdhhc3,ZDHHC3
Ppp1cb,PPP1CB
Nup88,NUP88
Rpa2,RPA2
Ppp2r1a,PPP2R1A
Ppp2r1b,PPP2R1B
Il12a,IL12A
Il12rb2,IL12RB2
Il13ra1,IL13RA1
Il13ra2,IL13RA2
Il1rapl2,IL1RAPL2
Il36g,IL36G
Il36a,IL36A
Il1rn,IL1RN
Il36b,IL36B
Il1rl1,IL33R
Il21r,IL21R
Ebi3,EBI3
Il2rg,IL2RG
Il20,IL20
Il19,IL19
Csf2rb,CSF2RB
Il13,IL13
Il4,IL4
Clec4a1,CLEC4A
Clec4e,CLEC4E
Clec4n,CLEC6A
Clec4d,CLEC4D
Nmt1,NMT1
Dhx15,DHX15
Phf2,PHF2
Cyb5r4,CYB5R4
Ccni,CCNI
Mff,MFF
Ctnna2,CTNNA2
Ctnna3,CTNNA3
Fkbp6,FKBP6
Mrc1,MRC1
Wee2,WEE2
Pak4,PAK4
S1pr4,S1PR4
Denr,DENR
Zbtb21,ZBTB21
Tmx4,TMX4
Ubb,UBB
St3gal3,ST3GAL3
Timmdc1,TIMMDC1
Ccdc9,CCDC9
Mrpl12,MRPL12
Praf2,PRAF2
Atpaf2,ATPAF2
Dclre1b,DCLRE1B
Cetn3,CETN3
Mrps35,MRPS35
Pex16,PEX16
Ppat,PPAT
Haus7,HAUS7
Ngly1,NGLY1
Nadk,NADK
Mfge8,MFGE8
Ppp2r3d,PPP2R3B
Pfdn2,PFDN2
Icmt,ICMT
Mrpl37,MRPL37
Cryl1,CRYL1
Maip1,MAIP1
Timm8a1,TIMM8A
Lrrc30,LRRC30
Plekhh1,PLEKHH1
Ndufb11,NDUFB11
Vps25,VPS25
Surf1,SURF1
Card19,CARD19
Taf10,TAF10
Pals2,PALS2
Vrk3,VRK3
Alkbh3,ALKBH3
Wdr4,WDR4
Nprl2,NPRL2
Cybrd1,CYBRD1
Ptk2b,PTK2B
Sncg,SNCG
Uqcrb,UQCRB
Nif3l1,NIF3L1
Trip13,TRIP13
Nudcd1,NUDCD1
Ggnbp2,GGNBP2
Tmem135,TMEM135
Mrpl34,MRPL34
Abcf3,ABCF3
Mrpl9,MRPL9
Siva1,SIVA1
Spc25,SPC25
Pigl,PIGL
Gpx7,GPX7
Spam1,SPAM1
Cav3,CAV3
Mipep,MIPEP
Rab9,RAB9A
Cyp2c55,CYP2C18
Cyp2b9,CYP2B6
Cyp2g1,CYP2G1P
Cyp2c66,CYP2C8
Cyp2c23,CYP2C23P
Ptgr2,PTGR2
Cinp,CINP
Tmem179b,TMEM179B
Aifm2,AIFM2
Pgpep1,PGPEP1
Cox11,COX11
Cyb5d2,CYB5D2
Atg101,ATG101
Neb,NEB
Abr,ABR
Tmem45a,TMEM45A
Ubfd1,UBFD1
Stk35,STK35
Fis1,FIS1
Snx22,SNX22
Dap3,DAP3
B9d1,B9D1
Zbtb3,ZBTB3
Rps16,RPS16
Pyurf,PYURF
Rad50,RAD50
Tmem167b,TMEM167B
Fbln2,FBLN2
Mrps30,MRPS30
Fdx1,FDX1
Lman2l,LMAN2L
Vps16,VPS16
Armc8,ARMC8
Mrpl2,MRPL2
Rpa3,RPA3
Cbr4,CBR4
Uchl3,UCHL3
Capn2,CAPN2
Snrpd2,SNRPD2
Exosc9,EXOSC9
Hmox2,HMOX2
Tmem33,TMEM33
Gps1,GPS1
Degs2,DEGS2
Ndrg2,NDRG2
Rsph1,RSPH1
Fnta,FNTA
Manf,MANF
Psmb4,PSMB4
Supt7l,SUPT7L
Tril,TRIL
Lyrm2,LYRM2
Psma3,PSMA3
Fmod,FMOD
Acp1,ACP1
Srpx,SRPX
Upp1,UPP1
Ppp1r37,PPP1R37
Mast3,MAST3
Rictor,RICTOR
Mrps10,MRPS10
Mrpl33,MRPL33
Cbx4,CBX4
Piga,PIGA
Nbn,NBN
Slc75a1,SLC75A1
Mylk4,MYLK4
Atl3,ATL3
Slc35g2,SLC35G2
Pdzd4,PDZD4
Kntc1,KNTC1
Xxylt1,XXYLT1
Pcf11,PCF11
Necab2,NECAB2
Neu3,NEU3
Itgb8,ITGB8
Eif5b,EIF5B
Ccdc87,CCDC87
Ppm1k,PPM1K
Spopl,SPOPL
Snx4,SNX4
Rev3l,REV3L
Ubc,UBC
Ogdh,OGDH
Prkar1a,PRKAR1A
Nampt,NAMPT
Ifrd1,IFRD1
Sorl1,SORL1
Gpatch1,GPATCH1
Txnrd2,TXNRD2
Dexi,DEXI
Polr2a,POLR2A
Ttc39a,TTC39A
Cobl,COBL
Loxl2,LOXL2
Ggt6,GGT6
Rai14,RAI14
Cplane2,CPLANE2
Marveld1,MARVELD1
Srrm4,SRRM4
Cep19,CEP19
Bsnd,BSND
Zfp346,ZNF346
Ppp1r7,PPP1R7
Map6,MAP6
Dok4,DOK4
Pogz,POGZ
Rab22a,RAB22A
Elapor1,ELAPOR1
Hars1,HARS1
Hars2,HARS2
Zmym4,ZMYM4
Efcab10,EFCAB10
Tet2,TET2
Rgl2,RGL2
Mapk13,MAPK13
Gtf3c3,GTF3C3
Casp9,CASP9
Vps33a,VPS33A
Myl4,MYL4
Thap7,THAP7
Tmem86a,TMEM86A
Marveld2,MARVELD2
Pfkm,PFKM
Tbc1d25,TBC1D25
Mybpc2,MYBPC2
Ube2c,UBE2C
Shisa9,SHISA9
L3mbtl2,L3MBTL2
Rgs3,RGS3
Zfyve27,ZFYVE27
Rfx1,RFX1
Rp9,RP9
Pakap,PALM2AKAP2
Tbcc,TBCC
Skida1,SKIDA1
Rbx1,RBX1
Matn4,MATN4
Sipa1l2,SIPA1L2
Xrcc5,XRCC5
Fndc3b,FNDC3B
Mettl5,METTL5
Txndc11,TXNDC11
Psmd5,PSMD5
Slc7a6os,SLC7A6OS
Gins4,GINS4
Mga,MGA
Rce1,RCE1
Ryr1,RYR1
St18,ST18
Ppip5k2,PPIP5K2
Hmces,HMCES
Grin2d,GRIN2D
Mrpl48,MRPL48
Srcap,SRCAP
Ptpmt1,PTPMT1
Cript,CRIPT
Smpdl3b,SMPDL3B
Cilp,CILP
Top2b,TOP2B
Lrba,LRBA
Rpp14,RPP14
Usp28,USP28
Sall3,SALL3
Cdc7,CDC7
Nbea,NBEA
Bricd5,BRICD5
Gtf3c4,GTF3C4
Nfatc3,NFATC3
Tbck,TBCK
Pnpo,PNPO
Zfp800,ZNF800
Npr3,NPR3
Igsf9,IGSF9
Ccdc51,CCDC51
Pkd1l2,PKD1L2
Gnb2,GNB2
Gpatch4,GPATCH4
Snapc5,SNAPC5
Themis,THEMIS
Itfg2,ITFG2
Gnpnat1,GNPNAT1
Cpn2,CPN2
Plbd1,PLBD1
Ptger3,PTGER3
Prkca,PRKCA
Lig3,LIG3
Fundc2b,FUNDC2
Lbx1,LBX1
Lrig2,LRIG2
Flnc,FLNC
Usp48,USP48
Cnot10,CNOT10
Rex1bd,REX1BD
9430015G10Rik,C1orf159
Mettl27,METTL27
Sirt4,SIRT4
Mfsd8,MFSD8
Spock3,SPOCK3
S100a5,S100A5
Iah1,IAH1
Usp4,USP4
Abt1,ABT1
Ier3,IER3
Cdc37l1,CDC37L1
Rbm15,RBM15
Mpi,MPI
Prep,PREP
Vbp1,VBP1
Spata18,SPATA18
Lrrc58,LRRC58
Pals1,PALS1
Rps6kc1,RPS6KC1
Atg4d,ATG4D
Fam135a,FAM135A
Lrrc8d,LRRC8D
Galnt2,GALNT2
Ska2,SKA2
Ppp1r14b,PPP1R14B
Cenpf,CENPF
Rab11fip5,RAB11FIP5
Pcsk6,PCSK6
Pgm2l1,PGM2L1
Ppp1r14c,PPP1R14C
Brwd1,BRWD1
Sgca,SGCA
Ube3a,UBE3A
Slc16a12,SLC16A12
Pip5k1a,PIP5K1A
Cul4b,CUL4B
Ssrp1,SSRP1
Sdha,SDHA
Tsen15,TSEN15
Aars2,AARS2
Nr1h3,NR1H3
Ecscr,ECSCR
Rbmx2,RBMX2
Nup210,NUP210
Tmco4,TMCO4
Tnip1,TNIP1
Acad9,ACAD9
Riox1,RIOX1
Dclre1c,DCLRE1C
Naa60,NAA60
Flii,FLII
Ttc9c,TTC9C
Xrcc3,XRCC3
Trmt1l,TRMT1L
Fgfbp3,FGFBP3
Efcab6,EFCAB6
Nsun3,NSUN3
Mcrip2,MCRIP2
Pold4,POLD4
Svil,SVIL
Kif13b,KIF13B
Commd9,COMMD9
Mal,MAL
Plpp7,PLPP7
Rrp12,RRP12
Rab24,RAB24
Ift56,IFT56
Rnf4,RNF4
Mocos,MOCOS
Snrpa1,SNRPA1
Cmtm7,CMTM7
Trip4,TRIP4
Cpm,CPM
Mapkap1,MAPKAP1
Setdb1,SETDB1
Thada,THADA
Ttc1,TTC1
Chd4,CHD4
Ckap5,CKAP5
Elmo3,ELMO3
Nuggc,NUGGC
Naa25,NAA25
Wapl,WAPL
Meltf,MELTF
Slc25a18,SLC25A18
Gemin4,GEMIN4
Inpp5f,INPP5F
Hps1,HPS1
Zfp236,ZNF236
Sft2d2,SFT2D2
Slc23a4,SLC23A4P
Hpse,HPSE
Tspan10,TSPAN10
Cryba2,CRYBA2
Nubp1,NUBP1
Ints9,INTS9
Paxx,PAXX
Nrxn3,NRXN3
Lrrcc1,LRRCC1
Snx33,SNX33
Pcgf6,PCGF6
Wdfy2,WDFY2
Zfp687,ZNF687
Bbs1,BBS1
Hemk1,HEMK1
Iftap,IFTAP
Elac2,ELAC2
Alg2,ALG2
Tonsl,TONSL
Lpcat3,LPCAT3
Dpp9,DPP9
Smarcal1,SMARCAL1
Trim55,TRIM55
Acsf2,ACSF2
Map7,MAP7
Cep290,CEP290
Cdc6,CDC6
Fermt2,FERMT2
Stoml1,STOML1
Zup1,ZUP1
Eif2a,EIF2A
Xdh,XDH
Smyd2,SMYD2
Mlx,MLX
Orai1,ORAI1
Marchf11,MARCHF11
Ambra1,AMBRA1
Mctp2,MCTP2
Mul1,MUL1
Aggf1,AGGF1
Pacs1,PACS1
Dpf2,DPF2
Kbtbd2,KBTBD2
Rlf,RLF
Uggt2,UGGT2
Phip,PHIP
Secisbp2,SECISBP2
Pik3c3,PIK3C3
Ehd4,EHD4
Dbt,DBT
Fastkd3,FASTKD3
Sec16b,SEC16B
Golga4,GOLGA4
Cyb5r2,CYB5R2
Atp13a2,ATP13A2
Pnkd,PNKD
Nptxr,NPTXR
Cfhr4,CFH
Ddias,DDIAS
Gid4,GID4
Zbtb33,ZBTB33
Ppcs,PPCS
Rnf17,RNF17
Acp6,ACP6
Cog3,COG3
Ttc22,TTC22
Col4a6,COL4A6
Ocstamp,OCSTAMP
Stard13,STARD13
Pyroxd2,PYROXD2
Faf2,FAF2
Ddx42,DDX42
Psmd11,PSMD11
Serpinb1b,SERPINB1
Pnpla7,PNPLA7
Adtrp,ADTRP
Afap1,AFAP1
Spen,SPEN
Kmt2a,KMT2A
Fhod1,FHOD1
Afmid,AFMID
Wdr76,WDR76
Rbm6,RBM6
Ankzf1,ANKZF1
Pik3r4,PIK3R4
Tbc1d15,TBC1D15
Snrpb2,SNRPB2
Bag1,BAG1
Entrep1,ENTREP1
Rufy3,RUFY3
Snx11,SNX11
Arfgap2,ARFGAP2
Tyw5,TYW5
Tbc1d9,TBC1D9
Sirt1,SIRT1
Npc1,NPC1
Mastl,MASTL
Unc13c,UNC13C
Traf7,TRAF7
Mief2,MIEF2
Spock2,SPOCK2
E2f8,E2F8
Rpap2,RPAP2
Trip12,TRIP12
Gpat2,GPAT2
Ncapg,NCAPG
Lsm11,LSM11
Acyp1,ACYP1
Tmem161a,TMEM161A
Ccdc40,CCDC40
Gdpd4,GDPD4
Slc60a1,SLC60A1
Pygm,PYGM
Trmt1,TRMT1
Pik3c2b,PIK3C2B
Lmf2,LMF2
Pih1d1,PIH1D1
Itlnb,ITLN1
Kcnk1,KCNK1
Mast2,MAST2
Gpt2,GPT2
Fam169a,FAM169A
Gatad1,GATAD1
Naa20,NAA20
Lap3,LAP3
2900026A02Rik,KIAA1671
Wfs1,WFS1
Pcdh15,PCDH15
St3gal4,ST3GAL4
Prr18,PRR18
Elmo1,ELMO1
Micos13,MICOS13
Prob1,PROB1
Mlip,MLIP
Nup98,NUP98
Ppif,PPIF
Stra6,STRA6
Edc3,EDC3
Sfxn4,SFXN4
Ciao3,CIAO3
Mybl1,MYBL1
Ggh,GGH
Pomgnt1,POMGNT1
Aldh16a1,ALDH16A1
Tfb1m,TFB1M
Glb1l,GLB1L
Zfp628,ZNF628
Me3,ME3
Ubxn8,UBXN8
Prkra,PRKRA
Serinc2,SERINC2
Map1a,MAP1A
Usp20,USP20
Kcnk6,KCNK6
Myo5a,MYO5A
Enpep,ENPEP
Mlf1,MLF1
Prune2,PRUNE2
Serpine3,SERPINE3
Mlh3,MLH3
Ctcf,CTCF
Wnk3,WNK3
Inpp5e,INPP5E
Fh1,FH
Fam120a,FAM120A
Tmem268,TMEM268
Iqgap1,IQGAP1
Sertad2,SERTAD2
Slc36a4,SLC36A4
Igsf9b,IGSF9B
Hunk,HUNK
Fbxl3,FBXL3
Pomt2,POMT2
Obsl1,OBSL1
Ireb2,IREB2
Ppp1r3a,PPP1R3A
Golga5,GOLGA5
Psmg3,PSMG3
Aar2,AAR2
Mysm1,MYSM1
Agxt2,AGXT2
Ptbp2,PTBP2
Dhx8,DHX8
Pard3b,PARD3B
Atg10,ATG10
Snx10,SNX10
Tmem42,TMEM42
Thoc7,THOC7
Fermt3,FERMT3
Mgme1,MGME1
Comp,COMP
Zfp143,ZNF143
Dock8,DOCK8
Mprip,MPRIP
Rassf6,RASSF6
C330018D20Rik,C5orf63
Tmem186,TMEM186
Mfhas1,MFHAS1
Adrb3,ADRB3
Tmem259,TMEM259
Hmx1,HMX1
Tspan15,TSPAN15
Rbm33,RBM33
Fam193a,FAM193A
Myo9a,MYO9A
Tdrd1,TDRD1
Epb41l1,EPB41L1
Sh3pxd2b,SH3PXD2B
Irf5,IRF5
Borcs5,BORCS5
Jam2,JAM2
Ccdc86,CCDC86
Npm2,NPM2
Amn,AMN
Clcn7,CLCN7
Nav2,NAV2
Setd1b,SETD1B
Mief1,MIEF1
Arid3a,ARID3A
Lmbr1,LMBR1
Susd2,SUSD2
Commd8,COMMD8
Btbd8,BTBD8
Gtf3c5,GTF3C5
Nxf1,NXF1
Vip,VIP
Rexo4,REXO4
Vstm4,VSTM4
Ehbp1l1,EHBP1L1
Pdp1,PDP1
Plk2,PLK2
Chst4,CHST4
Ano9,ANO9
Mcoln3,MCOLN3
Ubxn7,UBXN7
Pkmyt1,PKMYT1
Plpp1,PLPP1
Kmt2d,KMT2D
Mdfi,MDFI
Sdhaf1,SDHAF1
Exoc1l,EXOC1L
Synpo2,SYNPO2
Cmbl,CMBL
Tbr1,TBR1
Kdm5c,KDM5C
Ddr1,DDR1
Emc1,EMC1
Slco2b1,SLCO2B1
Tbc1d24,TBC1D24
Lemd3,LEMD3
Dcbld2,DCBLD2
Spock1,SPOCK1
Pcyt2,PCYT2
Rcn1,RCN1
Stx16,STX16
Ndufaf4,NDUFAF4
Smc1a,SMC1A
Polg2,POLG2
Zar1l,ZAR1L
Rbbp6,RBBP6
Fmn2,FMN2
Vcpkmt,VCPKMT
Utp20,UTP20
Pkd1l3,PKD1L3
Vsnl1,VSNL1
Map4k3,MAP4K3
Zfhx4,ZFHX4
Lin52,LIN52
Mbtd1,MBTD1
Trim69,TRIM69
Prkg1,PRKG1
Poglut3,POGLUT3
Coq7,COQ7
Sun1,SUN1
Snorc,SNORC
Wdr35,WDR35
Bdp1,BDP1
Lcn2,LCN2
Hint3,HINT3
Mtmr12,MTMR12
Trmt2b,TRMT2B
Mogs,MOGS
Mrpl49,MRPL49
Fbxl6,FBXL6
Polr1d,POLR1D
Nphp1,NPHP1
Slc12a4,SLC12A4
Limd1,LIMD1
Chchd1,CHCHD1
Ndst2,NDST2
Senp2,SENP2
Kdm3b,KDM3B
Mdc1,MDC1
Ppp3cc,PPP3CC
Ulk2,ULK2
Itgb6,ITGB6
Vps8,VPS8
Eya4,EYA4
Rbbp9,RBBP9
Scube1,SCUBE1
Bpnt2,BPNT2
Impg2,IMPG2
Patj,PATJ
Nos2,NOS2
Pcx,PC
Ing5,ING5
Inpp4a,INPP4A
Ins2,INS
Insl5,INSL5
Itgb3,ITGB3
Lmln,LMLN
Pdx1,PDX1
Ippk,IPPK
Ipmk,IPMK
Ipo13,IPO13
Drc11,DRC11
Drc10,DRC10
Iqcg,DRC9
Iqsec2,IQSEC2
Dcaf6,DCAF6
Insr,INSR
Rbp3,RBP3
Irf1,IRF1
Irf2,IRF2
Irf4,IRF4
Irx1,IRX1
Irx5,IRX5
Aco1,ACO1
Irs2,IRS2
Mkx,MKX
Sycp1,SYCP1
Iscu,ISCU
Irf9,IRF9
Isl1,ISL1
Isl2,ISL2
Ism2,ISM2
Crppa,CRPPA
Itch,ITCH
Fam234a,FAM234A
Itga11,ITGA11
Itgae,ITGAE
Eif6,EIF6
Itih1,ITIH1
Itih3,ITIH3
Oxtr,OXTR
Itpk1,ITPK1
Itpr1,ITPR1
Sycp2,SYCP2
Cops5,COPS5
Kcnj13,KCNJ13
Jag2,JAG2
Jak2,JAK2
Jam3,JAM3
Jarid2,JARID2
Kdm2a,KDM2A
Mapk8ip3,MAPK8IP3
Kdm4a,KDM4A
Kdm4b,KDM4B
Kdm4c,KDM4C
Kdm6b,KDM6B
Kdm8,KDM8
Jmjd6,JMJD6
Mapk8,MAPK8
Mapk9,MAPK9
Mapk10,MAPK10
Jph1,JPH1
Mtrex,MTREX
Junb,JUNB
Kcnk10,KCNK10
Kcnk18,KCNK18
Tnpo1,TNPO1
Klhl31,KLHL31
Kbtbd13,KBTBD13
Klhl40,KLHL40
Slc12a5,SLC12A5
Kcna10,KCNA10
Kcna3,KCNA3
Kcna6,KCNA6
Kcnab1,KCNAB1
Kcnb2,KCNB2
Kcnc1,KCNC1
Kcnf1,KCNF1
Kcng4,KCNG4
Kcnh1,KCNH1
Kcnh2,KCNH2
Kcnh4,KCNH4
Kcnh5,KCNH5
Kcnh7,KCNH7
Kcnip4,KCNIP4
Kcnj1,KCNJ1
Kcnj16,KCNJ16
Kcnj2,KCNJ2
Kcnk13,KCNK13
Kcnk2,KCNK2
Kcnma1,KCNMA1
Kcnmb1,KCNMB1
Kcnmb2,KCNMB2
Kcnn1,KCNN1
Kcnq1,KCNQ1
Kcnq5,KCNQ5
Kcnt1,KCNT1
Kcnt2,KCNT2
Kctd6,KCTD6
Kctd9,KCTD9
Poglut2,POGLUT2
Kdf1,KDF1
Kdr,KDR
Keap1,KEAP1
Med12l,MED12L
Med12,MED12
Zeb1,ZEB1
Klhl4,KLHL4
Wdr43,WDR43
Pclaf,PCLAF
2700049A03Rik,KIAA0586
Smchd1,SMCHD1
4933427D14Rik,KIAA0753
Dpy19l1,DPY19L1
Matcap2,MATCAP2
Khdc4,KHDC4
Dennd1a,DENND1A
Sh3bp5l,SH3BP5L
Kif26b,KIF26B
Kif3c,KIF3C
Kif5a,KIF5A
Erc1,ERC1
Havcr2,HAVCR2
Timd4,TIMD4
Kcnj4,KCNJ4
Kcnj14,KCNJ14
Kcnj10,KCNJ10
Kcnj8,KCNJ8
Kcnj11,KCNJ11
Kirrel1,KIRREL1
Kiss1r,KISS1R
Kiss1,KISS1
Kitl,KITLG
Klc4,KLC4
Klf11,KLF11
Klf3,KLF3
Klf13,KLF13
Zfp352,KLF18
Klf4,KLF4
Klf5,KLF5
Klf7,KLF7
Klf1,KLF1
Klhl42,KLHL42
Kbtbd12,KBTBD12
Klhl10,KLHL10
Klhl24,KLHL24
Klhl25,KLHL25
Ipp,IPP
Enc1,ENC1
Klhl38,KLHL38
Dynlrb1,DYNLRB1
Kcna4,KCNA4
Kcna7,KCNA7
Kif15,KIF15
Msmo1,MSMO1
Mafb,MAFB
Kremen1,KREMEN1
Poglut1,POGLUT1
Unc45a,UNC45A
Kcnc3,KCNC3
Zbtb4,ZBTB4
L1cam,L1CAM
Afg1l,AFG1L
Lsamp,LSAMP
Scrib,SCRIB
Large1,LARGE1
Larp4,LARP4
Cers5,CERS5
Cers6,CERS6
Slc7a5,SLC7A5
Vps39,VPS39
Acadl,ACADL
Med19,MED19
Tinagl1,TINAGL1
Tinag,TINAG
Lcp2,LCP2
Ldb1,LDB1
Ldb2,LDB2
Ldha,LDHA
Ldhc,LDHC
Ldhb,LDHB
Ldlr,LDLR
Kctd12,KCTD12
2310057J18Rik,C6orf58
Lenep,LENEP
Mboat7,MBOAT7
Lep,LEP
P3h1,P3H1
P3h3,P3H3
Zc3h15,ZC3H15
Letm2,LETM2
Cntf,CNTF
Lgals3bp,LGALS3BP
Lgals8,LGALS8
Dhx58,DHX58
Eif2d,EIF2D
Plod2,PLOD2
Lhfpl6,LHFPL6
Lhfpl2,LHFPL2
Lhfpl4,LHFPL4
Lhx6,LHX6
Ruvbl2,RUVBL2
Tnfsf14,TNFSF14
Lhx1,LHX1
Lhx3,LHX3
Lhx5,LHX5
Ift172,IFT172
Limk1,LIMK1
Lin28a,LIN28A
Lin54,LIN54
Tunar,TUNAR
Lingo1,LINGO1
Lingo2,LINGO2
Lins1,LINS1
Lipc,LIPC
Lpin2,LPIN2
Anxa1,ANXA1
Pafah1b1,PAFAH1B1
Slc12a2,SLC12A2
Slc39a6,SLC39A6
Stk11,STK11
Lmo3,LMO3
Lmod1,LMOD1
Agap2,AGAP2
Ilk,ILK
Adamts9,ADAMTS9
Ndufc1,NDUFC1
Nemp2,NEMP2
Prss16,PRSS16
Plcb4,PLCB4
Dnaaf1,DNAAF1
Esco2,ESCO2
Emc3,EMC3
Ncln,NCLN
Mr1,MR1
Tut4,TUT4
Tspan18,TSPAN18
Lonrf1,LONRF1
Cdipt,CDIPT
Lox,LOX
Loxhd1,LOXHD1
Lpar5,LPAR5
Lpar6,LPAR6
Ehhadh,EHHADH
Adgrl1,ADGRL1
Adgrl3,ADGRL3
Lpin1,LPIN1
Plpp3,PLPP3
Plppr1,PLPPR1
Plppr2,PLPPR2
Plppr3,PLPPR3
Plppr4,PLPPR4
Plppr5,PLPPR5
Vldlr,VLDLR
Lrit1,LRIT1
Lrit3,LRIT3
Lrp1b,LRP1B
Lrp5,LRP5
Nrros,NRROS
Lrrc38,LRRC38
Drc3,DRC3
Dnaaf11,DNAAF11
Ppp1r42,PPP1R42
Lrrc8a,LRRC8A
Cep97,CEP97
Lrrn3,LRRN3
Lrtm2,LRTM2
Lsm12,LSM12
Lsp1,LSP1
Lsr,LSR
Lta,LTA
Tnf,TNF
Ptgr1,PTGR1
Bcam,BCAM
Lum,LUM
Plaur,PLAUR
Lclat1,LCLAT1
Pla2g15,PLA2G15
Mtdh,MTDH
Lyrm4,LYRM4
Lalba,LALBA
Lyzl4,LYZL4
Lyz2,LYZ
Spaca3,SPACA3
Lyzl6,LYZL6
Cfap91,CFAP91
Mxd1,MXD1
Mxd3,MXD3
Smad3,SMAD3
Smad6,SMAD6
Smad9,SMAD9
Maf1,MAF1
Mafa,MAFA
Mafg,MAFG
Ndn,NDN
Maged1,MAGED1
Tro,TRO
Magee1,MAGEE1
Nscme3l,NSMCE3
Maged2,MAGED2
Magel2,MAGEL2
Magi3,MAGI3
Magoh,MAGOH
Magohb,MAGOHB
Isca1,ISCA1
Naa50,NAA50
Tirap,TIRAP
Malt1,MALT1
Mdga2,MDGA2
Mamdc4,MAMDC4
Maml2,MAML2
Zbtb11,ZBTB11
Man1b1,MAN1B1
Tshr,TSHR
Pdzk1ip1,PDZK1IP1
Smim24,SMIM24
Metap1d,METAP1D
Map2k6,MAP2K6
Map2k4,MAP2K4
Tab1,TAB1
Tab2,TAB2
Tab3,TAB3
Map4k2,MAP4K2
Map7d2,MAP7D2
Mapk8ip1,MAPK8IP1
Lamtor3,LAMTOR3
Mapre1,MAPRE1
Myo7a,MYO7A
Mtarc2,MTARC2
Mtarc1,MTARC1
Marchf1,MARCHF1
Marchf2,MARCHF2
Marchf4,MARCHF4
Marchf5,MARCHF5
Marchf8,MARCHF8
Marchf9,MARCHF9
Mark4,MARK4
Axin1,AXIN1
St14,ST14
Mob1a,MOB1A
Mb21d2,MB21D2
Lrfn1,LRFN1
Mboat2,MBOAT2
Mcf2,MCF2
Mcf2l,MCF2L
Mcidas,MCIDAS
Mcm5,MCM5
Mcm9,MCM9
Mcoln1,MCOLN1
Slc16a10,SLC16A10
Slc16a3,SLC16A3
Slc16a2,SLC16A2
Mcur1,MCUR1
Ly86,LY86
Ifih1,IFIH1
Saxo6,SAXO6
Ppp2r2a,PPP2R2A
Atat1,ATAT1
Borcs8,BORCS8
Megf6,MEGF6
Sfr1,SFR1
Map2k1,MAP2K1
Mtnr1a,MTNR1A
Mtnr1b,MTNR1B
Gpr50,GPR50
Opn4,OPN4
Myh11,MYH11
Men1,MEN1
Meox2,MEOX2
Mep1a,MEP1A
Mertk,MERTK
Tlnrd1,TLNRD1
Mesd,MESD
Mesp1,MESP1
Mesp2,MESP2
Msgn1,MSGN1
Metap2,METAP2
Mettl17,METTL17
Eef1akmt2,EEF1AKMT2
Ntmt1,NTMT1
Ntmt2,NTMT2
Trmt44,TRMT44
Etfbkmt,ETFBKMT
Tmt1a3,TMT1A
Tmt1b,TMT1B
Sebox,SEBOX
Tll1,TLL1
Mfn1,MFN1
Slc25a28,SLC25A28
Slc68a1,SLC68A1
Mfsd1,MFSD1
Mfsd2a,MFSD2A
Slc33a2,SLC33A2
Slc60a2-ps1,SLC60A2
Slc61a1,SLC61A1
Slc49a3,SLC49A3
Slc67a2,SLC67A2
Prpf4,PRPF4
Rps8,RPS8
Rpl14,RPL14
Mgarp,MGARP
Mogat1,MOGAT1
Mogat2,MOGAT2
Mgat3,MGAT3
Mgat5,MGAT5
Uqcrq,UQCRQ
Osr1,OSR1
Rbm42,RBM42
Ccdc28b,CCDC28B
Dnaaf6,DNAAF6
Eri1,ERI1
Ccm2,CCM2
Mfn2,MFN2
Mgrn1,MGRN1
Mgst1,MGST1
Mgst3,MGST3
Mia3,MIA3
Immt,IMMT
Mical3,MICAL3
Micall1,MICALL1
Mier3,MIER3
Riox2,RIOX2
Nr3c2,NR3C2
Minpp1,MINPP1
Mylip,MYLIP
Mir126a,MIR126
Mir129-2,MIR129-2
Mir132,MIR132
Mir19a,MIR19A
Mir19b-1,MIR19B1
Mir20a,MIR20A
Rhot1,RHOT1
Rhot2,RHOT2
Dcp1a,DCP1A
Dcp1b,DCP1B
Mitf,MITF
Smpd5,SMPD5
Hinfp,HINFP
Map2k7,MAP2K7
Mrtfb,MRTFB
Tmem67,TMEM67
Myl2,MYL2
Myl9,MYL9
Kmt2c,KMT2C
Kmt2b,KMT2B
Kmt2e,KMT2E
Mllt1,MLLT1
Afdn,AFDN
Mlph,MLPH
Mmadhc,MMADHC
Mmd2,MMD2
Mmp17,MMP17
Mmp7,MMP7
Mmp20,MMP20
Mmp25,MMP25
Ppox,PPOX
Mnt,MNT
Cab39,CAB39
Mob3c,MOB3C
Mob4,MOB4
Epb41l5,EPB41L5
Msn,MSN
Rangrf,RANGRF
Moxd2,MOXD2P
Lim2,LIM2
Ptges,PTGES
Mpp2,MPP2
Mpp3,MPP3
Paqr7,PAQR7
Paqr8,PAQR8
Ttk,TTK
Bccip,BCCIP
U2surp,U2SURP
Gpkow,GPKOW
Csgalnact2,CSGALNACT2
Tbx1,TBX1
Mrap,MRAP
Mras,MRAS
Rngtt,RNGTT
Abcc1,ABCC1
Abcc2,ABCC2
Mrpl57,MRPL57
Abcc12,ABCC12
Kdg4,KGD4
Ms4a12,MS4A12
Ms4a5,MS4A5
Ms4a14,MS4A14
Ms4a15,MS4A15
Ms4a2,MS4A2
Ms4a1,MS4A1
Ms4a3,MS4A3
Mink1,MINK1
Msra,MSRA
Mst1r,MST1R
Stk3,STK3
Stk26,STK26
Mterf3,MTERF3
Mterf2,MTERF2
Mtf1,MTF1
Phf1,PHF1
Gpam,GPAM
Cbfa2t2,CBFA2T2
Nudt1,NUDT1
Tesmin,TESMIN
Mtmr1,MTMR1
Mtmr7,MTMR7
mt-Nd1,ND1
mt-Nd3,ND3
mt-Nd4,ND4
mt-Nd4l,ND4L
mt-Nd5,ND5
mt-Nd6,ND6
Mttp,MTTP
Metrn,METRN
Mtus2,MTUS2
Duxbl1,DUXB
Mtx1,MTX1
Muc2,MUC2
Trim54,TRIM54
Mmut,MMUT
Trmu,TRMU
Mvd,MVD
Myct1,MYCT1
Cops9,COPS9
Myh7b,MYH7B
Myo10,MYO10
Myo15a,MYO15A
Myo18a,MYO18A
Myo1b,MYO1B
Myo1e,MYO1E
Lrrc39,LRRC39
Tcf23,TCF23
Tcf24,TCF24
Myo1g,MYO1G
Ppp1r12a,PPP1R12A
Myoz2,MYOZ2
Myrip,MYRIP
Kat8,KAT8
Rnf213,RNF213
Hemk2,HEMK2
Eef1akmt1,EEF1AKMT1
Rimkla,RIMKLA
Rimklb,RIMKLB
Nab1,NAB1
Nwd1,NWD1
Eda,EDA
Nadk2,NADK2
Hmcn1,HMCN1
Nlrp1b,NLRP1
Azi2,AZI2
Slc34a2,SLC34A2
Naprt,NAPRT
Cpsf4,CPSF4
Pcsk9,PCSK9
Nptx2,NPTX2
Scn4a,SCN4A
Scn8a,SCN8A
Kank3,KANK3
Ncald,NCALD
Ncam2,NCAM2
Nccrp1,NCCRP1
Nceh1,NCEH1
Nck1,NCK1
Ncoa4,NCOA4
Ncor1,NCOR1
Slc8a1,SLC8A1
Slc8a2,SLC8A2
Slc8a3,SLC8A3
Nme1,NME1
Nme3,NME3
Nme7,NME7
Ndufb8,NDUFB8
Ndufaf2,NDUFAF2
Coxfa4,COXFA4
Ndufa9,NDUFA9
Ndufab1,NDUFAB1
Ndufs8,NDUFS8
Aldh1a2,ALDH1A2
Nectin1,NECTIN1
Nedd4l,NEDD4L
Septin2,SEPTIN2
Nefl,NEFL
Nefm,NEFM
Nsmf,NSMF
Kirrel3,KIRREL3
Nphs1,NPHS1
Syne3,SYNE3
Rbfox3,RBFOX3
Neurl1a,NEURL1
Opn5,OPN5
Asah2,ASAH2
Smpd3,SMPD3
Smpd2,SMPD2
Cyfip2,CYFIP2
Nfasc,NFASC
Nfat5,NFAT5
Nfe2l1,NFE2L1
Nfe2l2,NFE2L2
Nfix,NFIX
Rela,RELA
Reck,RECK
Nfyb,NFYB
Nr4a2,NR4A2
Nr4a1,NR4A1
Nradd,NRADDP
Ngfr,NGFR
Rtn4r,RTN4R
Rtn4rl2,RTN4RL2
Rtn4rl1,RTN4RL1
Slc9a1,SLC9A1
Slc9a2,SLC9A2
Slc9a4,SLC9A4
Slc9a3,SLC9A3
Slc9a5,SLC9A5
Slc9a7,SLC9A7
Rbm19,RBM19
Nim1k,NIM1K
Pdhb,PDHB
Slc5a5,SLC5A5
Trav3n-3,TRAV5
Trav8n-2,TRAV17
Trav11,TRAV10
Trav21-dv12,TRAV26-2
Trav2,TRAV4
Thap4,THAP4
Nkx2-1,NKX2-1
Nkx2-3,NKX2-3
Nkx2-5,NKX2-5
Nkx2-6,NKX2-6
Tac2,TAC3
Slc12a1,SLC12A1
Nkd2,NKD2
Hmx2,HMX2
Nlgn2,NLGN2
Nlgn3,NLGN3
Nlk,NLK
Nod1,NOD1
Nlrc3,NLRC3
Nlrx1,NLRX1
Nlrp10,NLRP10
Nlrp6,NLRP6
Nme4,NME4
Nme5,NME5
Nme8,NME8
Nme9,NME9
Syt14,SYT14
Nmbr,NMBR
Nmd3,NMD3
Grin1,GRIN1
Rp2,RP2
Myh10,MYH10
Nmur2,NMUR2
Nmur1,NMUR1
Nos1,NOS1
Oprl1,OPRL1
Rtn4,RTN4
Ddx56,DDX56
Nol4l,NOL4L
Nop58,NOP58
Nop56,NOP56
Gar1,GAR1
Nhp2,NHP2
Nop10,NOP10
Nr4a3,NR4A3
Notch2,NOTCH2
Nrf1,NRF1
Pmaip1,PMAIP1
Pnp,PNP
Nrp1,NRP1
Nipal3,NIPAL3
Npas1,NPAS1
Npas4,NPAS4
Iqcb1,IQCB1
Nphs2,NPHS2
Nploc4,NPLOC4
Npm1,NPM1
Npnt,NPNT
Slc34a1,SLC34A1
Nptn,NPTN
Ppara,PPARA
Nr1d2,NR1D2
Rorb,RORB
Rorc,RORC
Grin2a,GRIN2A
Hnf4g,HNF4G
Rxrg,RXRG
Nrbp2,NRBP2
Nrcam,NRCAM
Nfe2l3,NFE2L3
Tenm4,TENM4
Nrg2,NRG2
Nrn1l,NRN1L
Rest,REST
Nrxn1,NRXN1
Nrxn2,NRXN2
Syncrip,SYNCRIP
Nhlh1,NHLH1
Nhlh2,NHLH2
Dagla,DAGLA
Nsf,NSF
Pcgf1,PCGF1
Cox6a1,COX6A1
Matn3,MATN3
Nxn,NXN
Ntf3,NTF3
Nt5c1a,NT5C1A
Pnpla6,PNPLA6
Ntng1,NTNG1
Ntng2,NTNG2
Entpd4,ENTPD4
Entpd6,ENTPD6
Entpd8,ENTPD8
Foxn1,FOXN1
Nudt3,NUDT3
Ranbp2,RANBP2
Nup58,NUP58
Nup42,NUP42
Wasl,WASL
Nxph2,NXPH2
Oaf,OAF
Slc22a6,SLC22A6
Slc22a8,SLC22A8
Slc22a20,SLC22A20P
Slco1c1,SLCO1C1
Slco1a8,SLCO1A2
Slco2a1,SLCO2A1
Slco3a1,SLCO3A1
Slco4a1,SLCO4A1
Slco5a1,SLCO5A1
Plxnd1,PLXND1
Stn1,STN1
Lepr,LEPR
Obscn,OBSCN
Tyr,TYR
Ocln,OCLN
Ocrl,OCRL
Slc22a1,SLC22A1
Slc22a2,SLC22A2
Slc22a3,SLC22A3
Pou3f1,POU3F1
Slc22a16,SLC22A16
Daw1,DAW1
Zic1,ZIC1
Cimap1d,CIMAP1D
Tenm1,TENM1
Omg,OMG
Ogn,OGN
Racgap1,RACGAP1
Gprc6a,GPRC6A
Olfm2,OLFM2
Olfm3,OLFM3
Olfml3,OLFML3
Olig1,OLIG1
Olig3,OLIG3
Omp,OMP
Onecut3,ONECUT3
Exosc8,EXOSC8
Tnfrsf11b,TNFRSF11B
Sigmar1,SIGMAR1
Or4d1,OR4D1
Or2ag1b,OR2AG1
Or56a3b,OR56A3
Or5k14,OR5K3
Or5ac15,OR5AC2
Or5k17,OR5K4
Or8g17,OR8G5
Or5h18,OR5H2
LTO1,LTO1
Orc1,ORC1
Orc5,ORC5
Orc6,ORC6
Slc22a13,SLC22A13
Slc22a14,SLC22A14
Slc25a15,SLC25A15
Bhlha9,BHLHA9
Osbp2,OSBP2
Osbpl10,OSBPL10
Osbpl2,OSBPL2
Osbpl3,OSBPL3
Osbpl7,OSBPL7
Oscp1,OSCP1
Clec11a,CLEC11A
Sp7,SP7
Oc90,OC90
Otol1,OTOL1
Otos,OTOS
Alg13,ALG13
Otud5,OTUD5
Ovol1,OVOL1
Ap5m1,AP5M1
Oxct1,OXCT1
Oxct2a,OXCT2
Mpz,MPZ
Nfkb2,NFKB2
Snd1,SND1
Cyba,CYBA
Tmed9,TMED9
Tmed3,TMED3
Tmed1,TMED1
P2rx5,P2RX5
P2rx6,P2RX6
Ncf4,NCF4
P4ha1,P4HA1
P4htm,P4HTM
Dctn2,DCTN2
Gtf2h4,GTF2H4
Sqstm1,SQSTM1
Gtf2h1,GTF2H1
Ncf2,NCF2
Thoc1,THOC1
Psme2,PSME2
Psme3,PSME3
Vipr2,VIPR2
Serpine1,SERPINE1
Paip2b,PAIP2B
Pak5,PAK5
Palm,PALM
Palmd,PALMD
Pamr1,PAMR1
Supt6,SUPT6H
Tacstd2,TACSTD2
Epcam,EPCAM
Panx1,PANX1
Pcdh8,PCDH8
Tent2,TENT2
Tent4b,TENT4B
Tent4a,TENT4A
Acp7,ACP7
Papln,PAPLN
Papola,PAPOLA
Papolb,PAPOLB
Pappa,PAPPA
Slc35b2,SLC35B2
Slc35b3,SLC35B3
Mmd,MMD
Paqr3,PAQR3
Paqr5,PAQR5
Tcf15,TCF15
F2r,F2R
F2rl2,F2RL2
Pawr,PAWR
Prkn,PRKN
Parl,PARL
Otud4,OTUD4
Parp14,PARP14
Parva,PARVA
Pvalb,PVALB
Pask,PASK
Pax7,PAX7
Pbrm1,PBRM1
Pbp2,PEBP1
Pbx2,PBX2
Pbx3,PBX3
Cbx2,CBX2
Pcsk5,PCSK5
Ryr2,RYR2
Kat2b,KAT2B
Pcbd1,PCBD1
Pcdh1,PCDH1
Pcdh20,PCDH20
Pcdhac2,PCDHAC2
Pcmtd2,PCMTD2
Nup85,NUP85
Pcnx1,PCNX1
Pcnx2,PCNX2
Pcnx3,PCNX3
Pcnx4,PCNX4
Chmp1a,CHMP1A
Cdk17,CDK17
Pcyt1b,PCYT1B
Pdc,PDC
Gatd1,GATD1
Pde11a,PDE11A
Pde1c,PDE1C
Pde5a,PDE5A
Pde6g,PDE6G
Pde6h,PDE6H
Pde9a,PDE9A
Pdgfa,PDGFA
Pdgfb,PDGFB
Pdgfrb,PDGFRB
Pdia6,PDIA6
Pdk2,PDK2
Podxl2,PODXL2
Pbk,PBK
Nherf4,NHERF4
Pdzd7,PDZD7
Pdzrn3,PDZRN3
Mest,MEST
Eif2ak3,EIF2AK3
Peli1,PELI1
Tbx4,TBX4
Psenen,PSENEN
Penk,PENK
Slc15a2,SLC15A2
Per1,PER1
Per3,PER3
Hspg2,HSPG2
Perm1,PERM1
Rrh,RRH
Fev,FEV
Gatb,GATB
Ptpn21,PTPN21
Dnaaf3,DNAAF3
Pfkfb4,PFKFB4
Pfkl,PFKL
Cdk15,CDK15
Oca2,OCA2
Pgf,PGF
Gpi1,GPI
Pglyrp4,PGLYRP4
Pglyrp3,PGLYRP3
Pglyrp1,PGLYRP1
Phactr4,PHACTR4
Phc3,PHC3
Phf19,PHF19
Jade2,JADE2
Jade3,JADE3
Phka1,PHKA1
Phldb1,PHLDB1
Phox2b,PHOX2B
Hacl1,HACL1
Phyhipl,PHYHIPL
Pi15,PI15
Pi4ka,PI4KA
Pi4k2a,PI4K2A
Pi4k2b,PI4K2B
Pi4kb,PI4KB
Pias4,PIAS4
Pias2,PIAS2
Pidd1,PIDD1
Pik3r3,PIK3R3
Pik3r6,PIK3R6
Get1,GET1
Lims1,LIMS1
Gsap,GSAP
Pip4k2a,PIP4K2A
Armc3,ARMC3
Pip5k1b,PIP5K1B
Pip5k1c,PIP5K1C
Pikfyve,PIKFYVE
Pou1f1,POU1F1
Pitpna,PITPNA
Pitpnc1,PITPNC1
Pitx2,PITX2
Prkcz,PRKCZ
Prkd1,PRKD1
Pkd1,PKD1
Pkdcc,PKDCC
Pkhd1l1,PKHD1L1
Pkn1,PKN1
Pkn2,PKN2
Pkp3,PKP3
Eif2ak2,EIF2AK2
Pla2g3,PLA2G3
Pla2g12a,PLA2G12A
Pllp,PLLP
Prph,PRPH
Pln,PLN
Plcb1,PLCB1
Plcb2,PLCB2
Plcxd1,PLCXD1
Pld1,PLD1
Bloc1s6,BLOC1S6
Rtkn2,RTKN2
Plekhs1,PLEKHS1
Plxna1,PLXNA1
Zbtb16,ZBTB16
Atp2b1,ATP2B1
Atp2b2,ATP2B2
Atp2b4,ATP2B4
Med10,MED10
Pnoc,PNOC
Poc1b,POC1B
Polr2g,POLR2G
Polr3gl,POLR3GL
Ruvbl1,RUVBL1
Plac8,PLAC8
Popdc3,POPDC3
Porcn,PORCN
Pou6f1,POU6F1
Ppa1,PPA1
Ppp2r2d,PPP2R2D
Ppm1a,PPM1A
Plpp6,PLPP6
Ppil3,PPIL3
Ppm1d,PPM1D
Saxo4,SAXO4
Ppp1r8,PPP1R8
Ppp1r9b,PPP1R9B
Ppp2ca,PPP2CA
Ppp2r2b,PPP2R2B
Ppp2r2c,PPP2R2C
Ppp2r5c,PPP2R5C
Ppp2r5e,PPP2R5E
Ppp3r2,PPP3R2
Ppp3r1,PPP3R1
Ppp4c,PPP4C
Ppt2,PPT2
Pptc7,PPTC7
Pqbp1,PQBP1
Slc66a1,SLC66A1
P2ry4,P2RY4
Ppp2r3a,PPP2R3A
Cnpy4,CNPY4
Prdm12,PRDM12
Prdm2,PRDM2
Zfp488,ZNF488
Psen1,PSEN1
Psen2,PSEN2
Prelid1,PRELID1
Prf1,PRF1
Urad,URAD
Prkaca,PRKACA
Prkacb,PRKACB
Prkag2,PRKAG2
Prkag3,PRKAG3
Prkar2a,PRKAR2A
Prkcb,PRKCB
Prkch,PRKCH
Pkn3,PKN3
Prl,PRL
Ptp4a3,PTP4A3
Prmt9,PRMT9
Carm1,CARM1
Prmt5,PRMT5
Prnp,PRNP
Proc,PROC
Prokr1,PROKR1
Prokr2,PROKR2
P4ha2,P4HA2
Wnt2b,WNT2B
Lzts3,LZTS3
Psmb1,PSMB1
Psmb3,PSMB3
F2,F2
Ecrg4,ECRG4
Prox1,PROX1
Prox2,PROX2
Prpf4b,PRP4K
Prr5,PRR5
Cenpv,CENPV
Prlh,PRLH
Prlhr,PRLHR
Ptgir,PTGIR
Prtg,PRTG
Zcchc17,ZCCHC17
Dlg2,DLG2
Psma2,PSMA2
Psmc1,PSMC1
St8sia4,ST8SIA4
Ptchd3,PTCHD3
Ptdss1,PTDSS1
Ptf1a,PTF1A
Ptgfrn,PTGFRN
Ptgis,PTGIS
Pth,PTH
Pth1r,PTH1R
Pth2r,PTH2R
Pthlh,PTHLH
Ptk7,PTK7
Twf1,TWF1
Ptpdc1,PTPDC1
Hacd3,HACD3
Hacd2,HACD2
Ptpn23,PTPN23
Ptprd,PTPRD
Ptprs,PTPRS
Smc5,SMC5
Bbc3,BBC3
Pura,PURA
Purb,PURB
Pex19,PEX19
Pex2,PEX2
Pxn,PXN
Nr1i2,NR1I2
Pycr1,PYCR1
Pycr2,PYCR2
Pycr3,PYCR3
Dhrsx,DHRSX
Qars1,QARS1
Qtrt2,QTRT2
Rgs9bp,RGS9BP
Rab11b,RAB11B
Rab11fip1,RAB11FIP1
Rab11fip4,RAB11FIP4
Rab25,RAB25
Rab34,RAB34
Rab35,RAB35
Rab38,RAB38
Rab39b,RAB39B
Rab3a,RAB3A
Rab6b,RAB6B
Dennd5a,DENND5A
Rab7,RAB7A
Rab8a,RAB8A
Rab8b,RAB8B
Rabep1,RABEP1
Rabgef1,RABGEF1
Rab3ip,RAB3IP
Ift27,IFT27
Ift22,IFT22
Rac1,RAC1
Rac3,RAC3
Rad21,RAD21
Rad23a,RAD23A
Rad51b,RAD51B
Rad9b,RAD9B
Frem1,FREM1
Slc50a1,SLC50A1
Elp5,ELP5
Ralb,RALB
Aldh1a3,ALDH1A3
Ralgds,RALGDS
Ralyl,RALYL
Ranbp3,RANBP3
Rangap1,RANGAP1
Tnfrsf1b,TNFRSF1B
Tnfsf11,TNFSF11
Terf2ip,TERF2IP
Rap1a,RAP1A
Rap1gap,RAP1GAP
Rundc3a,RUNDC3A
Rapgef1,RAPGEF1
Rapgef4,RAPGEF4
Rapsn,RAPSN
Lxn,LXN
Rarres1,RARRES1
Rars1,RARS1
Rasgrf2,RASGRF2
Rassf2,RASSF2
Rbbp4,RBBP4
Rbbp7,RBBP7
Dnajc27,DNAJC27
Rbm24,RBM24
Esrp1,ESRP1
Rbm39,RBM39
Rbm4b,RBM4B
Rbfox2,RBFOX2
Rbp1,RBP1
Rbp7,RBP7
Stra6l,STRA6LP
Rbpjl,RBPJL
Rc3h1,RC3H1
Cdh4,CDH4
Crcp,CRCP
Nelfe,NELFE
Dhrs9,DHRS9
Rdh1,RDH16
Hsd17b6,HSD17B6
Sdr16c6,SDR16C6P
Sdr16c5,SDR16C5
Prph2,PRPH2
Recql5,RECQL5
Ddit4,DDIT4
Upf1,UPF1
Rprm,RPRM
Rergl,RERGL
Retsat,RETSAT
Rln3,RLN3
Insl3,INSL3
Cop1,COP1
Trmt10c,TRMT10C
Rgl3,RGL3
Rgr,RGR
Rgs13,RGS13
Rgs14,RGS14
Gipc1,GIPC1
Rgs7,RGS7
Rgs9,RGS9
Rhbdf1,RHBDF1
Rhoc,RHOC
Rhog,RHOG
Ric3,RIC3
Ripk2,RIPK2
Pdlim4,PDLIM4
Rimbp2,RIMBP2
Rims1,RIMS1
Rims2,RIMS2
Ripk1,RIPK1
Ripk3,RIPK3
Dstyk,DSTYK
Polr2d,POLR2D
Rnf115,RNF115
Rlim,RLIM
Rnf128,RNF128
Rnf133,RNF133
Rnf144a,RNF144A
Rnf150,RNF150
Ark2c,ARK2C
Rnf180,RNF180
Rnf207,RNF207
Obi1,OBI1
Trim68,TRIM68
Trim21,TRIM21
Trim58,TRIM58
Trim38,TRIM38
Trim11,TRIM11
Trim17,TRIM17
Rrp9,RRP9
Snupn,SNUPN
Ptbp3,PTBP3
Tecta,TECTA
Mpv17,MPV17
Cd180,CD180
Rp1l1,RP1L1
Rpgr,RPGR
Rpl28,RPL28
Rplp2-ps1,RPLP2
Sub1,SUB1
Rpp21,RPP21
Rpp40,RPP40
Rps27l,RPS27L
Ptpra,PTPRA
Cnot9,CNOT9
Rragc,RRAGC
Rs1,RS1
Rsph3a,RSPH3
Rsph4a,RSPH4A
Rsph6a,RSPH6A
Rsph14,RSPH14
Rtf2,RTF2
Unc119,UNC119
Rtkn,RTKN
Rtn2,RTN2
Zfp667,ZNF667
Zfp574,ZNF574
Runx3,RUNX3
Sgsm3,SGSM3
Rxfp2,RXFP2
Rxfp3,RXFP3
Ryr3,RYR3
Pyroxd1,PYROXD1
S1pr3,S1PR3
Uba2,UBA2
Myo6,MYO6
Tafa3,TAFA3
Tafa2,TAFA2
Haus3,HAUS3
Slc25a26,SLC25A26
Samd10,SAMD10
Samd11,SAMD11
Samd8,SAMD8
Samd9l,SAMD9L
Samsn1,SAMSN1
Zfyve9,ZFYVE9
Sar1b,SAR1B
Tspan31,TSPAN31
Utp3,UTP3
Sat1,SAT1
Slc26a1,SLC26A1
Sat2,SAT2
Nkx1-1,NKX1-1
Cwf19l1,CWF19L1
Fmo5,FMO5
Apof,APOF
Vezf1,VEZF1
Icam5,ICAM5
Xirp2,XIRP2
Slc13a1,SLC13A1
Sh3yl1,SH3YL1
Pik3c2a,PIK3C2A
Gmnn,GMNN
Rassf7,RASSF7
Zbtb10,ZBTB10
Ccnb2,CCNB2
Erlec1,ERLEC1
Npb,NPB
Npw,NPW
Txnip,TXNIP
Preb,PREB
Lbr,LBR
Wdr3,WDR3
Ivd,IVD
Slc35f6,SLC35F6
Pdia5,PDIA5
Dab2,DAB2
Mns1,MNS1
Ldlrap1,LDLRAP1
Cmtm6,CMTM6
Nat8l,ASPNAT
Lamp2,LAMP2
Tpbg,TPBG
Stox1,STOX1
Strbp,STRBP
Cdca3,CDCA3
Cacna1h,CACNA1H
Wipf3,WIPF3
Serinc5,SERINC5
Slirp,SLIRP
Rgcc,RGCC
Etnk1,ETNK1
G2e3,G2E3
Tmco1,TMCO1
Vgll4,VGLL4
Akip1,AKIP1
Slc2a8,SLC2A8
Ppp1r15b,PPP1R15B
Slc31a2,SLC31A2
Shisa2,SHISA2
Slc17a5,SLC17A5
Gss,GSS
Slc39a14,SLC39A14
Zhx3,ZHX3
Rhov,RHOV
Tspan2,TSPAN2
Phospho1,PHOSPHO1
Syt9,SYT9
Tln1,TLN1
Tfb2m,TFB2M
Sult6b1,SULT6B1
Fga,FGA
Galnt11,GALNT11
Galntl5,GALNTL5
Sema3f,SEMA3F
Mical2,MICAL2
Ttc21b,TTC21B
Cast,CAST
Padi2,PADI2
Padi3,PADI3
Padi6,PADI6
Padi1,PADI1
Padi4,PADI4
Scn4b,SCN4B
Incenp,INCENP
Tbc1d14,TBC1D14
Papss1,PAPSS1
Ttll10,TTLL10
Ssu2,SSUH2
Mrps11,MRPS11
Agr2,AGR2
Lamc2,LAMC2
Hoxc12,HOXC12
Adamts18,ADAMTS18
Ncoa3,NCOA3
Lrfn2,LRFN2
D130043K22Rik,KIAA0319
Hes3,HES3
Sbno2,SBNO2
4833439L19Rik,KIAA1191
Piwil2,PIWIL2
Gpr84,GPR84
Neurl4,NEURL4
Slc4a5,SLC4A5
Tlr9,TLR9
Zeb2,ZEB2
Jak3,JAK3
Ccdc85b,CCDC85B
Tjap1,TJAP1
Dvl2,DVL2
Dock4,DOCK4
Unc5b,UNC5B
Vsig8,VSIG8
Stat6,STAT6
Trpm4,TRPM4
Wdr44,WDR44
Pxk,PXK
Casz1,CASZ1
Pcdh7,PCDH7
Huwe1,HUWE1
Dhh,DHH
Stat5a,STAT5A
Stat5b,STAT5B
Egf,EGF
Trp73,TP73
Scrt1,SCRT1
Rab31,RAB31
Ribc1,RIBC1
Masp2,MASP2
Tie1,TIE1
Dnajb2,DNAJB2
Slc4a10,SLC4A10
Zfp711,ZNF711
Dgcr8,DGCR8
Ostf1,OSTF1
Tlr12,TLR12P
Sdcbp,SDCBP
Sox13,SOX13
Tox,TOX
Usp12,USP12
Omd,OMD
Ubap2l,UBAP2L
Lrch2,LRCH2
Bzw2,BZW2
Myo16,MYO16
Gbf1,GBF1
Slc5a3,SLC5A3
Fsd1l,FSD1L
Araf,ARAF
Osgin2,OSGIN2
Sc5d,SC5D
Scamp5,SCAMP5
Skap2,SKAP2
Mau2,MAU2
Icam2,ICAM2
Flrt1,FLRT1
Slitrk2,SLITRK2
Lrrc3,LRRC3
Lrfn5,LRFN5
Flrt2,FLRT2
Prelp,PRELP
Lrrc4b,LRRC4B
Cd276,CD276
Cd200l1,CD200LP
Cadm1,CADM1
Robo4,ROBO4
Scd4,SCD
Tmigd3,TMIGD3
Sigirr,SIGIRR
Tmigd1,TMIGD1
Cd7,CD7
Sema4c,SEMA4C
Igdcc3,IGDCC3
Stmn2,STMN2
Tal1,TAL1
Scx,SCX
Scn5a,SCN5A
Scn10a,SCN10A
Scn1b,SCN1B
Sspo,SSPOP
Scp2,SCP2
Gorab,GORAB
Ergic3,ERGIC3
Sdc4,SDC4
Sdcbp2,SDCBP2
Entr1,ENTR1
Tshz1,TSHZ1
Sdhd,SDHD
Cavin3,CAVIN3
Cavin2,CAVIN2
Suds3,SUDS3
Exoc5,EXOC5
Sec11a,SEC11A
Sec22b,SEC22B
Sec22c,SEC22C
Sec31b,SEC31B
Exoc1,EXOC1
Exoc2,EXOC2
Trnau1ap,TRNAU1AP
Selenok,SELENOK
Coa7,COA7
Selenos,SELENOS
Sema3a,SEMA3A
Sema3d,SEMA3D
Sema5b,SEMA5B
Sema6c,SEMA6C
Sema6d,SEMA6D
Septin10,SEPTIN10
Septin14,SEPTIN14
Septin3,SEPTIN3
Septin4,SEPTIN4
Serf2,SERF2
Serpinf2,SERPINF2
Slc6a4,SLC6A4
Jazf1,JAZF1
Plxna3,PLXNA3
Setd7,SETD7
Kmt5a,KMT5A
Sf3b6,SF3B6
Sfrp5,SFRP5
Sfrp1,SFRP1
Srsf1,SRSF1
Tra2b,TRA2B
Srsf11,SRSF11
Clasrp,CLASRP
Scaf11,SCAF11
Srsf3,SRSF3
Srsf4,SRSF4
Sfswap,SFSWAP
Sfxn5,SFXN5
Cbln4,CBLN4
Slc5a4a,SLC5A4
Slc5a1,SLC5A1
Sgms1,SGMS1
Sgms2,SGMS2
Sgo1,SGO1
Sgsm1,SGSM1
Sgtb,SGTB
Sugt1,SUGT1
Sh2d1a,SH2D1A
Sh2d3c,SH2D3C
Sh2d4b,SH2D4B
Sh3bp4,SH3BP4
Sh3bp5,SH3BP5
Sh3gl2,SH3GL2
Sh3gl3,SH3GL3
Sh3glb2,SH3GLB2
Sh3pxd2a,SH3PXD2A
Sprn,SPRN
Shank2,SHANK2
Shd,SHD
Ltk,LTK
Plcb3,PLCB3
Sem1,SEM1
Inpp5d,INPP5D
Shisa5,SHISA5
Shisa7,SHISA7
Shisal1,SHISAL1
Lamc1,LAMC1
St3gal1,ST3GAL1
St3gal2,ST3GAL2
Siah2,SIAH2
Chsy3,CHSY3
Kank2,KANK2
Ksr1,KSR1
Tln2,TLN2
Fbxo22,FBXO22
Heatr5a,HEATR5A
Ccdc157,CCDC157
Atmin,ATMIN
Tmub2,TMUB2
Lama4,LAMA4
Asnsd1,ASNSD1
Cmc2,CMC2
Sdhaf4,SDHAF4
Smap1,SMAP1
Slc7a4,SLC7A4
Zfp385b,ZNF385B
Ormdl1,ORMDL1
Adat3,ADAT3
Tmem267,TMEM267
Ccr6,CCR6
Stat4,STAT4
Stat1,STAT1
Scel,SCEL
Slc39a13,SLC39A13
Arl14ep,ARL14EP
Csmd2,CSMD2
Pde6a,PDE6A
Slc35a5,SLC35A5
Ccdc80,CCDC80
F5,F5
Slc35a2,SLC35A2
Bcap31,BCAP31
Efr3b,EFR3B
Slc25a43,SLC25A43
Apold1,APOLD1
Apol11a,APOL1
Minar1,MINAR1
Mfrp,MFRP
Ptprr,PTPRR
Marchf3,MARCHF3
Zfp146,ZNF146
Rbpms,RBPMS
Cfap410,CFAP410
Pik3c2g,PIK3C2G
Rerg,RERG
Slc12a6,SLC12A6
Pdpr,PDPR
Slc25a10,SLC25A10
Rab27b,RAB27B
Clpb,CLPB
Ccdc172,CCDC172
Nnt,NNT
Tmem101,TMEM101
Tmem220,TMEM220
Lamb3,LAMB3
Hykk,HYKK
Slc6a16,SLC6A16
Slc6a21,SLC6A21P
Rubcn,RUBCN
Mid1,MID1
Ppp1r16b,PPP1R16B
Dbndd1,DBNDD1
Afg3l1,AFG3L1P
Taok3,TAOK3
Dusp28,DUSP28
Bub1,BUB1
Gpr37l1,GPR37L1
Galnt13,GALNT13
Kif21a,KIF21A
Dmac2,DMAC2
Cntrob,CNTROB
Samd1,SAMD1
Rhpn1,RHPN1
Htr2c,HTR2C
Map10,MAP10
Gpr171,GPR171
Stk38,STK38
Cdr2,CDR2
Ninj1,NINJ1
Mvb12a,MVB12A
Zbtb41,ZBTB41
Parp10,PARP10
Trex2,TREX2
Trex1,TREX1
Best1,BEST1
Ttll5,TTLL5
Rpgrip1l,RPGRIP1L
Ttf2,TTF2
Ddx47,DDX47
Cdc42ep1,CDC42EP1
Tor4a,TOR4A
Trim35,TRIM35
Slc17a7,SLC17A7
Rassf9,RASSF9
Lrrc41,LRRC41
Ush1g,USH1G
Cfap65,CFAP65
Pum2,PUM2
Klhl22,KLHL22
Topaz1,TOPAZ1
Rnf122,RNF122
Mmp28,MMP28
Tpr,TPR
Tdrd12,TDRD12
Ddx24,DDX24
Serpina10,SERPINA10
Onecut2,ONECUT2
Taf4b,TAF4B
Cntrl,CNTRL
Ttc3,TTC3
Nav1,NAV1
Thbd,THBD
Vmo1,VMO1
Vwf,VWF
Fam111a,FAM111A
Themis2,THEMIS2
Gp9,GP9
Msmp,MSMP
Klhl7,KLHL7
Corin,CORIN
Hs1bp3,HS1BP3
Myocd,MYOCD
Eps8l2,EPS8L2
Epm2a,EPM2A
Camta2,CAMTA2
Ulk4,ULK4
Snx17,SNX17
Atraid,ATRAID
Eif2b4,EIF2B4
Cep68,CEP68
Lgalsl,LGALSL
Tcn2,TCN2
Mocs2,MOCS2
Patl2,PATL2
Lrrc56,LRRC56
Zpld1,ZPLD1
Nol8,NOL8
Fastkd2,FASTKD2
Ptchd4,PTCHD4
Atp6v0a2,ATP6V0A2
Sema3b,SEMA3B
Fam110d,FAM110D
Sumo2,SUMO2
Chd8,CHD8
Rab44,RAB44
Hdhd3,HDHD3
Tgfa,TGFA
Acsbg1,ACSBG1
Smim5,SMIM5
Zcchc8,ZCCHC8
Sorcs1,SORCS1
Slc35a3,SLC35A3
Acbd5,ACBD5
Tm2d1,TM2D1
Sh2d7,SH2D7
Stim1,STIM1
Slc7a10,SLC7A10
Cabp2,CABP2
Zfp91,ZFP91
Zbtb32,ZBTB32
Gabra3,GABRA3
Arid3c,ARID3C
Tmem160,TMEM160
Nxnl1,NXNL1
Ipo8,IPO8
Zfp536,ZNF536
Ccdc171,CCDC171
Mamdc2,MAMDC2
Ptar1,PTAR1
Mea1,MEA1
Dlk2,DLK2
Dnph1,DNPH1
Ldah,LDAH
Slc24a1,SLC24A1
Dennd4a,DENND4A
Adck2,ADCK2
Tmem63a,TMEM63A
Rsph9,RSPH9
Mrps18a,MRPS18A
Rgs21,RGS21
Dpagt1,DPAGT1
Spns3,SPNS3
Sema4g,SEMA4G
Srbd1,SRBD1
Bmf,BMF
Dnah5,DNAH5
Rem2,REM2
Pkp2,PKP2
Iqsec3,IQSEC3
Ptprq,PTPRQ
Olfm1,OLFM1
Nuak1,NUAK1
Ubxn11,UBXN11
Adap2,ADAP2
Zyg11b,ZYG11B
Zyg11a,ZYG11A
Ralgps2,RALGPS2
Shisa8,SHISA8
Trabd2b,TRABD2B
Myh14,MYH14
Tecpr1,TECPR1
Map3k21,MAP3K21
Samd12,SAMD12
Mgat4a,MGAT4A
Cdh13,CDH13
Tagap,TAGAP
Tubb1,TUBB1
Epha8,EPHA8
Trhr,TRHR
Abi3,ABI3
Pou6f2,POU6F2
Kics2,KICS2
Srgap1,SRGAP1
Reg4,REG4
Reg3g,REG3G
Paqr4,PAQR4
Rfxank,RFXANK
Nr2c2ap,NR2C2AP
Tmem221,TMEM221
Pcolce2,PCOLCE2
Anapc7,ANAPC7
Scamp4,SCAMP4
Ap3d1,AP3D1
Rasa3,RASA3
Cpeb3,CPEB3
Ciroz,CIROZ
Kcnv2,KCNV2
Idua,IDUA
Afg3l2,AFG3L2
Asb15,ASB15
Tenm2,TENM2
Glra2,GLRA2
Ssbp2,SSBP2
Hcn3,HCN3
Man2a1,MAN2A1
Ptges3l,PTGES3L
Smdt1,SMDT1
Alkbh1,ALKBH1
Smim44,SMIM44
Adam28,ADAM28
Antxrl,ANTXRL
Shld2,SHLD2
Pip4p2,PIP4P2
Scin,SCIN
Srsf10,SRSF10
Zfp516,ZNF516
Bicd1,BICD1
Jakmip1,JAKMIP1
Spmap2,SPMAP2
Zdhhc23,ZDHHC23
Plscr3,PLSCR3
Sema4b,SEMA4B
Gsg1l2,GSG1L2
Tmprss13,TMPRSS13
Tmprss4,TMPRSS4
Pafah1b2,PAFAH1B2
Taar9,TAAR9
Taar3,TAAR3P
Hrh4,HRH4
Trio,TRIO
Flt3,FLT3
Gpr31b,GPR31
Unc13d,UNC13D
Tmprss3,TMPRSS3
Mzt1,MZT1
Tmem182,TMEM182
Khnyn,KHNYN
Arhgef12,ARHGEF12
Top3b,TOP3B
Topors,TOPORS
Zbtb47,ZBTB47
Gabrg2,GABRG2
Anks1b,ANKS1B
Ap5b1,AP5B1
Arg1,ARG1
Nudt13,NUDT13
Cep104,CEP104
Galnt14,GALNT14
Vash2,VASH2
Batf3,BATF3
Nsl1,NSL1
Tatdn3,TATDN3
Spata45,SPATA45
Flvcr1,FLVCR1
Grid2ip,GRID2IP
Prr5l,PRR5L
Fbxo31,FBXO31
Dynlrb2,DYNLRB2
Treh,TREH
Ntrk2,NTRK2
Mturn,MTURN
Nfxl1,NFXL1
Rhbdd3,RHBDD3
Emid1,EMID1
C2cd3,C2CD3
Spef2,SPEF2
Osbp,OSBP
Prrt2,PRRT2
Tmem108,TMEM108
Rspo2,RSPO2
Cd83,CD83
Trhde,TRHDE
Brox,BROX
Slc7a8,SLC7A8
Nedd8,NEDD8
Osmr,OSMR
Zfp366,ZNF366
Pld3,PLD3
Dcun1d4,DCUN1D4
Ociad2,OCIAD2
Rpusd4,RPUSD4
Twf2,TWF2
Ern1,ERN1
Ern2,ERN2
Rttn,RTTN
Aven,AVEN
Psd,PSD
Prdm10,PRDM10
Mtcl3,MTCL3
Atg16l2,ATG16L2
Sim1,SIM1
Sobp,SOBP
Gm17266,C18orf63
Slc7a14,SLC7A14
Ndst3,NDST3
Prss12,PRSS12
Cped1,CPED1
Vars2,VARS2
Mgat1,MGAT1
Pigt,PIGT
Wfdc2,WFDC2
Tmem204,TMEM204
Telo2,TELO2
Ift140,IFT140
Rab11fip3,RAB11FIP3
Pla2r1,PLA2R1
Camkmt,CAMKMT
Batf,BATF
Arl10,ARL10
Alx1,ALX1
Lrriq1,LRRIQ1
Slc6a15,SLC6A15
Sspn,SSPN
Clec4b2,CLEC4C
Trim72,TRIM72
Pphln1,PPHLN1
Zcrb1,ZCRB1
Yaf2,YAF2
Tbx19,TBX19
Ccdc14,CCDC14
Cnih3,CNIH3
Ccdc126,CCDC126
Gpnmb,GPNMB
Oxnad1,OXNAD1
Rftn1,RFTN1
Gpr179,GPR179
Magix,MAGIX
Kif5c,KIF5C
Map3k19,MAP3K19
Ptpn9,PTPN9
Aig1,AIG1
Tmem116,TMEM116
Dusp18,DUSP18
Dusp21,DUSP21
Mettl24,METTL24
Taf4,TAF4
Slc19a3,SLC19A3
Shoc2,SHOC2
Kif5b,KIF5B
Tifa,TIFA
Olfml2a,OLFML2A
Arhgef33,ARHGEF33
Galntl6,GALNTL6
Slc29a4,SLC29A4
Capn12,CAPN12
Ttc9b,TTC9B
Dhx33,DHX33
Gusb,GUSB
Cngb1,CNGB1
Wt1,WT1
Triqk,TRIQK
Anapc1,ANAPC1
Wdr93,WDR93
Inpp1,INPP1
Hipk1,HIPK1
Abtb3,ABTB3
Pdzph1,PDZPH1P
Serp2,SERP2
Kpna1,KPNA1
Sntb2,SNTB2
Vps37b,VPS37B
Tacr1,TACR1
Tmtc2,TMTC2
Ncbp2as2,NCBP2AS2
Cerk,CERK
Timm17b,TIMM17B
Tmie,TMIE
Ccdc13,CCDC13
Inava,INAVA
Cfap276,CFAP276
Ctsg,CTSG
Gzmc,GZMB
Cma1,CMA1
Zfp451,ZNF451
Vwa3a,VWA3A
Cdkn2c,CDKN2C
Maz,MAZ
Serpini1,SERPINI1
Dym,DYM
Atp8b4,ATP8B4
Rin1,RIN1
Tmtc4,TMTC4
Cds1,CDS1
Tmem175,TMEM175
Sema6b,SEMA6B
Smg8,SMG8
Prr11,PRR11
Adck5,ADCK5
Scai,SCAI
Rfxap,RFXAP
Elk3,ELK3
Hsdl1,HSDL1
Tmem184c,TMEM184C
Arvcf,ARVCF
Lats2,LATS2
Dctn4,DCTN4
Inpp5b,INPP5B
Cblc,CBLC
Ubn2,UBN2
Abcc3,ABCC3
Tcerg1l,TCERG1L
Ankrd39,ANKRD39
Taf1a,TAF1A
Dusp10,DUSP10
Atp8b1,ATP8B1
Garnl3,GARNL3
Sbk1,SBK1
Gpr18,GPR18
Scrn2,SCRN2
Lrrfip2,LRRFIP2
Lacc1,LACC1
C8b,C8B
Rnf215,RNF215
Wdr89,WDR89
Gipr,GIPR
Bean1,BEAN1
Slc15a5,SLC15A5
Tmem119,TMEM119
Prrc2c,PRRC2C
Jtb,JTB
Meiosin,MEIOSIN
Rwdd4a,RWDD4
Aqp4,AQP4
Kctd1,KCTD1
Mlc1,MLC1
Panx2,PANX2
Grid1,GRID1
Pheta2,PHETA2
Pheta1,PHETA1
Tctn1,TCTN1
Trim62,TRIM62
AU040320,KIAA0319L
Zbtb42,ZBTB42
Ranbp10,RANBP10
Tmem245,TMEM245
Dnaaf9,DNAAF9
Ky,KY
Stxbp5l,STXBP5L
Gtf2e1,GTF2E1
Tbccd1,TBCCD1
Prickle3,PRICKLE3
Trit1,TRIT1
Nhsl3,NHSL3
Pld5,PLD5
Slc19a2,SLC19A2
Dhx9,DHX9
Tulp1,TULP1
Ndrg4,NDRG4
Tmem91,TMEM91
Exosc5,EXOSC5
Sil1,SIL1
Eya3,EYA3
Xkr8,XKR8
Slc39a8,SLC39A8
Dennd1b,DENND1B
Abca4,ABCA4
Kcnh8,KCNH8
Atp8b3,ATP8B3
Zbtb7a,ZBTB7A
Fam20b,FAM20B
Trim59,TRIM59
Cep112,CEP112
Ptk6,PTK6
Ipo4,IPO4
Slc25a41,SLC25A41
Slc25a23,SLC25A23
Fam174b,FAM174B
Chd2,CHD2
Hnrnpm,HNRNPM
Gpr52,GPR52
Rabgap1l,RABGAP1L
Slc35g1,SLC35G1
Avpi1,AVPI1
Selenoi,SELENOI
Anln,ANLN
Col8a2,COL8A2
Chd7,CHD7
Dlgap2,DLGAP2
Ttc21a,TTC21A
Slc22a17,SLC22A17
Cep162,CEP162
Mrap2,MRAP2
Atp9b,ATP9B
Nfatc1,NFATC1
Gstk1,GSTK1
Usp6nl,USP6NL
Setbp1,SETBP1
Slc35f2,SLC35F2
Dpp6,DPP6
Cpe,CPE
Gas5,GAS5
Lgi3,LGI3
Simc1,SIMC1
Cd164l2,CD164L2
Ahdc1,AHDC1
Smpdl3a,SMPDL3A
Clvs2,CLVS2
Smtnl1,SMTNL1
Smtn,SMTN
Zdhhc14,ZDHHC14
Galc,GALC
Ppil6,PPIL6
Olfml2b,OLFML2B
Kcnc4,KCNC4
Ngrn,NGRN
Amigo1,AMIGO1
Tacr2,TACR2
Dna2,DNA2
Ankrd53,ANKRD53
Fam169b,FAM169BP
Arpin,ARPIN
Scara5,SCARA5
Pskh1,PSKH1
Edn2,EDN2
Vasp,VASP
Hhipl2,HHIPL2
Rnf224,RNF224
Knop1,KNOP1
Mplkip,MPLKIP
Nkpd1,NKPD1
Plch1,PLCH1
Tsen34,TSEN34
Ankrd65,ANKRD65
Vps72,VPS72
Cog6,COG6
Zfp704,ZNF704
Pag1,PAG1
Tpd52,TPD52
Lrp12,LRP12
Plekha2,PLEKHA2
Tax1bp1,TAX1BP1
Acoxl,ACOXL
Mcm10,MCM10
Bend3,BEND3
Susd5,SUSD5
Eral1,ERAL1
Bard1,BARD1
Misp3,MISP3
Hscb,HSCB
Map7d1,MAP7D1
Sorcs3,SORCS3
Dennd2b,DENND2B
Trim66,TRIM66
Stk33,STK33
Trim8,TRIM8
Lrsam1,LRSAM1
Fkbp15,FKBP15
Klf8,KLF8
Amigo3,AMIGO3
Fbxw7,FBXW7
Fhod3,FHOD3
Ccdc97,CCDC97
Vipas39,VIPAS39
Gpr132,GPR132
Lix1l,LIX1L
Rfx5,RFX5
Prcc,PRCC
Ccdc32,CCDC32
Itih4,ITIH4
Cilp2,CILP2
Zfp638,ZNF638
Zfp423,ZNF423
Epsti1,EPSTI1
Commd1,COMMD1
B3gnt2,B3GNT2
Pou2af2,POU2AF2
Gbe1,GBE1
Snap91,SNAP91
Ccdc167,CCDC167
Naaladl1,NAALADL1
Ankrd34b,ANKRD34B
Ccdc125,CCDC125
Nbas,NBAS
Ddx1,DDX1
Plb1,PLB1
Rab3gap2,RAB3GAP2
Hpcal4,HPCAL4
Coa4,COA4
Fam151a,FAM151A
Cfap77,CFAP77
Spaca9,SPACA9
Zfp827,ZNF827
Lrrc24,LRRC24
Lime1,LIME1
Rims4,RIMS4
Spire1,SPIRE1
Arhgef38,ARHGEF38
Dock3,DOCK3
Fuom,FUOM
Tacr3,TACR3
Zc3h18,ZC3H18
Tango6,TANGO6
Parp9,PARP9
Tet3,TET3
Enkd1,ENKD1
Plat,PLAT
Frmd4a,FRMD4A
Bend7,BEND7
Basp1,BASP1
Ttll2,TTLL2
Kbtbd7,KBTBD7
Zbtb18,ZBTB18
Akt3,AKT3
Mefv,MEFV
Nova1,NOVA1
Neu1,NEU1
Prrt1,PRRT1
Zbtb12,ZBTB12
Osbpl6,OSBPL6
Commd6,COMMD6
Ndp,NDP
Ptpn20,PTPN20
Satb2,SATB2
Kcns3,KCNS3
Vwa5b2,VWA5B2
Snph,SNPH
Shroom1,SHROOM1
Map3k7,MAP3K7
Syne1,SYNE1
Dyrk1b,DYRK1B
Gramd1a,GRAMD1A
Ep400,EP400
Htr4,HTR4
Rarres2,RARRES2
Tmem184b,TMEM184B
Fam167b,FAM167B
Tmprss9,TMPRSS9
Uqcc4,UQCC4
Cd40,CD40
Syt10,SYT10
Nek10,NEK10
Vsig10l,VSIG10L
Gmds,GMDS
Gfi1b,GFI1B
Fsd1,FSD1
Ccdc181,CCDC181
Chst3,CHST3
Tmem238,TMEM238
Gabrp,GABRP
Zfp532,ZNF532
Cplx4,CPLX4
Oacyl,OACYLP
Bltp1,BLTP1
Cfap157,CFAP157
Csmd3,CSMD3
Icam1,ICAM1
Tcam1,TCAM1P
Grm3,GRM3
Wdr11,WDR11
Cdk6,CDK6
Gnptab,GNPTAB
Lrguk,LRGUK
Rasgrf1,RASGRF1
Plekha4,PLEKHA4
Farp1,FARP1
Sox18,SOX18
Dnajc30,DNAJC30
Tmem71,TMEM71
Inpp4b,INPP4B
Syt2,SYT2
Zbtb26,ZBTB26
Lix1,LIX1
Cthrc1,CTHRC1
Ap4m1,AP4M1
Tat,TAT
Loxl1,LOXL1
Tfec,TFEC
Map3k10,MAP3K10
Dennd11,DENND11
Bcl2l13,BCL2L13
Rims3,RIMS3
Wnt7b,WNT7B
Cdpf1,CDPF1
Evi5l,EVI5L
Plekha5,PLEKHA5
Ubr2,UBR2
Il34,IL34
Mmp24,MMP24
Prkcq,PRKCQ
Wscd2,WSCD2
Cmklr1,CMKLR1
Rad51ap1,RAD51AP1
Slc30a9,SLC30A9
Optn,OPTN
Mutyh,MUTYH
Armh1,ARMH1
Rnf220,RNF220
Cacna1e,CACNA1E
Rbm47,RBM47
Tmem169,TMEM169
Sh3bp2,SH3BP2
Mei4,MEI4
Snx14,SNX14
Zdhhc8,ZDHHC8
Dact3,DACT3
Zwilch,ZWILCH
Rc3h2,RC3H2
Slc30a2,SLC30A2
Ucn,UCN
Luzp2,LUZP2
Scyl2,SCYL2
Ino80,INO80
Dll4,DLL4
Vegfb,VEGFB
Zfp512,ZNF512
Gtf3c2,GTF3C2
Gmeb1,GMEB1
Hydin,HYDIN
Arhgap17,ARHGAP17
Mab21l3,MAB21L3
Epha6,EPHA6
Rasgrp2,RASGRP2
Igsf3,IGSF3
Tmprss5,TMPRSS5
Ltbp3,LTBP3
Ercc6l2,ERCC6L2
P2ry2,P2RY2
Prr35,PRR35
Gramd1b,GRAMD1B
Taar6,TAAR6
Lrfn4,LRFN4
Dlgap3,DLGAP3
Ezh1,EZH1
Rnh1,RNH1
Galr2,GALR2
Atp8b5,ATP8B5P
Rusc2,RUSC2
Acacb,ACACB
Pstpip2,PSTPIP2
Cacna2d1,CACNA2D1
Rgs1,RGS1
Grb7,GRB7
Rd3l,RD3L
Ctnnal1,CTNNAL1
Poc5,POC5
Ankdd1b,ANKDD1B
Polk,POLK
Klhl26,KLHL26
Dhx34,DHX34
Spred3,SPRED3
Zcchc14,ZCCHC14
Rnf216,RNF216
Kansl1,KANSL1
Brsk1,BRSK1
Mrpl51,MRPL51
Ttc29,TTC29
Rspry1,RSPRY1
Cand2,CAND2
Usp24,USP24
Coa6,COA6
Senp5,SENP5
Sirt7,SIRT7
Arhgef3,ARHGEF3
Wdfy3,WDFY3
Sla2,SLA2
Rubcnl,RUBCNL
Lmx1a,LMX1A
Selp,SELP
Sele,SELE
Sell,SELL
Cbx6,CBX6
Parpbp,PARPBP
Cmip,CMIP
Meak7,MEAK7
Prlr,PRLR
Emb,EMB
Stox2,STOX2
Mmp16,MMP16
Enpp5,ENPP5
Fam167a,FAM167A
Lrif1,LRIF1
Cpne7,CPNE7
B4galt2,B4GALT2
L3mbtl1,L3MBTL1
Misp,MISP
Tfpi2,TFPI2
Bet1,BET1
Mdfic,MDFIC
Synpr,SYNPR
Ogfrl1,OGFRL1
Fam89b,FAM89B
Nom1,NOM1
Kcnk9,KCNK9
Tmem141,TMEM141
Slc25a35,SLC25A35
Zfp335,ZNF335
Phf24,PHF24
Styx,STYX
Wasf3,WASF3
Brf2,BRF2
Sv2a,SV2A
Apbb1,APBB1
Zcchc2,ZCCHC2
Nyap2,NYAP2
Dis3l2,DIS3L2
Phf20,PHF20
Ccdc92b,CCDC92B
Cecr2,CECR2
Ccdc146,CCDC146
Rsad2,RSAD2
Cmpk2,CMPK2
Gfod1,GFOD1
Dynlt2b,DYNLT2B
Srcin1,SRCIN1
Ercc6l,ERCC6L
Tmem165,TMEM165
Prex2,PREX2
Ush2a,USH2A
Stxbp5,STXBP5
Pet100,PET100
Adipor2,ADIPOR2
Ngef,NGEF
Cactin,CACTIN
Arhgap39,ARHGAP39
Nin,NIN
Sftpb,SFTPB
Czib,CZIB
Rcor3,RCOR3
Traf5,TRAF5
Vps37d,VPS37D
Dnah7c,DNAH7
Allc,ALLC
Tep1,TEP1
Sdr39u1,SDR39U1
Dclk3,DCLK3
Dbndd2,DBNDD2
Iyd,IYD
Sike1,SIKE1
Cdhr5,CDHR5
Fbxo7,FBXO7
Xpot,XPOT
Smpd1,SMPD1
Hepacam2,HEPACAM2
Klhl2,KLHL2
Tdrd7,TDRD7
Tmod1,TMOD1
Ca10,CA10
Susd1,SUSD1
Cntln,CNTLN
Maneal,MANEAL
Acer3,ACER3
Lyst,LYST
Nbeal2,NBEAL2
Cpne9,CPNE9
Tac4,TAC4
Ccn4,CCN4
Kcnmb3,KCNMB3
Cnga4,CNGA4
Tns3,TNS3
Akap19,AKAP19
Fbxo21,FBXO21
Fnip2,FNIP2
Tmem219,TMEM219
Map3k13,MAP3K13
Tbc1d22b,TBC1D22B
Tmem200a,TMEM200A
Ubash3b,UBASH3B
Sesn1,SESN1
Tapbp,TAPBP
Cfap96,CFAP96
Fam149a,FAM149A
Zdhhc12,ZDHHC12
Naif1,NAIF1
Exoc3l,EXOC3L1
Coq9,COQ9
St6galnac1,ST6GALNAC1
Spata7,SPATA7
Gpr65,GPR65
Ctxn1,CTXN1
Wscd1,WSCD1
Nphp4,NPHP4
Ppp1r17,PPP1R17
Usp43,USP43
Cfap299,CFAP299
Prdm8,PRDM8
Fez2,FEZ2
Gpatch2,GPATCH2
Tspan33,TSPAN33
Saysd1,SAYSD1
3110040N11Rik,C15orf40
Kif2c,KIF2C
Fndc5,FNDC5
Fhdc1,FHDC1
Matk,MATK
Zfr2,ZFR2
Il17a,IL17A
Il17f,IL17F
Elp3,ELP3
Cd79a,CD79A
Arhgap24,ARHGAP24
Kcnq3,KCNQ3
Igfals,IGFALS
Unkl,UNKL
Dapk1,DAPK1
Wdr47,WDR47
Fer1l6,FER1L6
Ttll4,TTLL4
L2hgdh,L2HGDH
Sos2,SOS2
Nkx3-1,NKX3-1
Tdg,TDG
Abcc10,ABCC10
Slc7a1,SLC7A1
Arhgap15,ARHGAP15
Gzmk,GZMK
Gzma,GZMA
Arfgef3,ARFGEF3
Wdr17,WDR17
Aff2,AFF2
Gpr61,GPR61
Wtip,WTIP
Sdr42e1,SDR42E1
Nedd4,NEDD4
Lrrc71,LRRC71
Hfm1,HFM1
Txndc16,TXNDC16
Mrps18c,MRPS18C
Akna,AKNA
Slc24a4,SLC24A4
Tmem121,TMEM121
Lrrc2,LRRC2
Nfia,NFIA
Ydjc,YDJC
Fbxo16,FBXO16
Pgbd5,PGBD5
Phactr2,PHACTR2
Sf3b5,SF3B5
Cyp2w1,CYP2W1
Btbd17,BTBD17
Kank4,KANK4
Exoc4,EXOC4
Dgkh,DGKH
Rit1,RIT1
Cd79b,CD79B
Mal2,MAL2
Colec10,COLEC10
Prop1,PROP1
Stpg4,STPG4
Myo1d,MYO1D
Polr2m,POLR2M
Vezt,VEZT
Itpkb,ITPKB
Tubb6,TUBB6
Cidea,CIDEA
Dad1,DAD1
Pigr,PIGR
Galnt12,GALNT12
Ccp110,CCP110
Mtmr3,MTMR3
Psme4,PSME4
Tmem145,TMEM145
Plekhh2,PLEKHH2
Med9,MED9
Fdft1,FDFT1
Podn,PODN
Shf,SHF
Itga4,ITGA4
Hpn,HPN
Tmem163,TMEM163
Atxn7l1,ATXN7L1
Srpx2,SRPX2
Trak1,TRAK1
Yeats2,YEATS2
Kctd17,KCTD17
Kcnj5,KCNJ5
Gpaa1,GPAA1
Usp53,USP53
Ccdc136,CCDC136
Svip,SVIP
Cntnap5c,CNTNAP5
Msh5,MSH5
Pigx,PIGX
Tomm6,TOMM6
Bcl9,BCL9
Dleu7,DLEU7
Fbxw9,FBXW9
Zbtb38,ZBTB38
Zfp521,ZNF521
Slc6a19,SLC6A19
Gpr155,GPR155
Wdr59,WDR59
Syt7,SYT7
Pde1a,PDE1A
Usp46,USP46
Zfp407,ZNF407
Kcnip2,KCNIP2
Wdr97,WDR97
Ano6,ANO6
Pard6a,PARD6A
Trarg1,TRARG1
Itpa,ITPA
Tgfbr3,TGFBR3
Nabp2,NABP2
Pwwp2a,PWWP2A
Herc3,HERC3
Socs1,SOCS1
Nts,NTS
Gpr17,GPR17
B3galt5,B3GALT5
Pex6,PEX6
Gpx2,GPX2
Umodl1,UMODL1
Tmtc1,TMTC1
Tprn,TPRN
Ssna1,SSNA1
Anapc2,ANAPC2
Rbm10,RBM10
Timp4,TIMP4
Ccdc169,CCDC169
Cacfd1,CACFD1
Cplane1,CPLANE1
Med1,MED1
Klhl35,KLHL35
Oma1,OMA1
Capn10,CAPN10
Sqle,SQLE
Fyco1,FYCO1
Cgref1,CGREF1
Cfap221,CFAP221
Eps15,EPS15
Vwa7,VWA7
Tmem26,TMEM26
Inpp5j,INPP5J
Tpp2,TPP2
Glt1d1,GLT1D1
Bcl2l12,BCL2L12
Steap3,STEAP3
Syn3,SYN3
Trpm2,TRPM2
Wsb2,WSB2
Srr,SRR
Ttc39c,TTC39C
Wdr31,WDR31
Bnip1,BNIP1
Vma21,VMA21
Mpp4,MPP4
Abtb1,ABTB1
Rasef,RASEF
Stpg1,STPG1
Stk32a,STK32A
Stk32b,STK32B
Slf1,SLF1
N4bp3,N4BP3
Msmb,MSMB
Dnah12,DNAH12
Dcx,DCX
Dpp4,DPP4
Fap,FAP
Gmeb2,GMEB2
Lrrc69,LRRC69
Syt6,SYT6
Atg2b,ATG2B
Tcof1,TCOF1
Cep192,CEP192
Dnm1,DNM1
Haus1,HAUS1
Tti2,TTI2
Elmod3,ELMOD3
Plekhd1,PLEKHD1
Sox2ot,SOX2-OT
Pclo,PCLO
Fam110c,FAM110C
Gckr,GCKR
Tpmt,TPMT
Sacs,SACS
Cnn1,CNN1
5031439G07Rik,KIAA0930
Abcc8,ABCC8
Rapgefl1,RAPGEFL1
Def6,DEF6
Slc5a8,SLC5A8
Rhno1,RHNO1
Chgb,CHGB
Ino80d,INO80D
Cenpx,CENPX
Irs4,IRS4
Smim13,SMIM13
Ubox5,UBOX5
Tmem235,TMEM235
Barx2,BARX2
Noxred1,NOXRED1
Ascc3,ASCC3
Hcfc2,HCFC2
Scaf1,SCAF1
Kynu,KYNU
Tbcel,TBCEL
Fkbpl,FKBPL
Tmem151b,TMEM151B
Arhgap19,ARHGAP19
Tgs1,TGS1
Ints4,INTS4
Kctd14,KCTD14
Wdr53,WDR53
Phlpp1,PHLPP1
Rmp24,RMP24
Smco4,SMCO4
Atg2a,ATG2A
Osm,OSM
Areg,AREG
Pigg,PIGG
Galr3,GALR3
Ino80e,INO80E
Map6d1,MAP6D1
Slc35f4,SLC35F4
Igsf10,IGSF10
Gpr63,GPR63
Jakmip2,JAKMIP2
Ganc,GANC
Cox6b2,COX6B2
Vstm2a,VSTM2A
Amdhd1,AMDHD1
Pfkp,PFKP
Krt222,KRT222
Cdk12,CDK12
Fbxl20,FBXL20
Il17ra,IL17RA
Kcnj3,KCNJ3
Tshz3,TSHZ3
Caps2,CAPS2
Bltp3a,BLTP3A
Drc5,DRC5
Gucy2g,GUCY2GP
Gab3,GAB3
Ubxn2a,UBXN2A
Atad2b,ATAD2B
Hace1,HACE1
Sdsl,SDSL
Sds,SDS
Lysmd4,LYSMD4
Znrf3,ZNRF3
Rhoj,RHOJ
Xkr6,XKR6
Osbpl11,OSBPL11
Trim25,TRIM25
Bloc1s1,BLOC1S1
Tbc1d20,TBC1D20
B3gnt9,B3GNT9
Polr3b,POLR3B
Casd1,CASD1
Chst2,CHST2
Shank1,SHANK1
Ppfibp2,PPFIBP2
S100a11,S100A11
Sema3c,SEMA3C
Zfta,ZFTA
Depdc5,DEPDC5
Rnf208,RNF208
Trpc7,TRPC7
Rspo4,RSPO4
Ccdc102a,CCDC102A
Map3k15,MAP3K15
Trpc4,TRPC4
Klhdc8b,KLHDC8B
Zfp865,ZNF865
Tmem196,TMEM196
Nfx1,NFX1
Rhbdl3,RHBDL3
Unc13a,UNC13A
S100b,S100B
Tmem72,TMEM72
Gpr142,GPR142
Oxld1,OXLD1
Uprt,UPRT
Crb1,CRB1
Fbxo46,FBXO46
Dock6,DOCK6
Angptl8,ANGPTL8
Slitrk3,SLITRK3
Gng14,GNG14
Tox3,TOX3
Mlec,MLEC
Cacng8,CACNG8
Cacng7,CACNG7
Ucn3,UCN3
Ucn2,UCN2
Timm21,TIMM21
Thsd7b,THSD7B
Arl14,ARL14
Umad1,UMAD1
Ccn6,CCN6
Dhx36,DHX36
Ajap1,AJAP1
Thbs1,THBS1
Gpr176,GPR176
Acot2,ACOT2
Acot6,ACOT6
Acot4,ACOT4
Slc10a1,SLC10A1
Poln,POLN
Tssk6,TSSK6
Ulk1,ULK1
Zdhhc20,ZDHHC20
Plcxd2,PLCXD2
Atp2c1,ATP2C1
Epn3,EPN3
Lifr,LIFR
Tmem63c,TMEM63C
Lama3,LAMA3
Plekhb2,PLEKHB2
Ankrd29,ANKRD29
Osbpl1a,OSBPL1A
Lhx9,LHX9
Best2,BEST2
Dse,DSE
Tpcn1,TPCN1
Nemp1,NEMP1
Zbtb44,ZBTB44
Snx19,SNX19
Thsd7a,THSD7A
Gtf2h5,GTF2H5
Nrbp1,NRBP1
Slc4a11,SLC4A11
Rasgrp4,RASGRP4
Comt,COMT
Adora2b,ADORA2B
Specc1,SPECC1
Amot,AMOT
Gpr25,GPR25
Spx,SPX
Stmp1,STMP1
Il12rb1,IL12RB1
Arhgap25,ARHGAP25
Heatr4,HEATR4
Ap5s1,AP5S1
Polr3g,POLR3G
Mblac2,MBLAC2
Smarca1,SMARCA1
Itgb3bp,ITGB3BP
H6pd,H6PD
Tmem54,TMEM54
Rbm27,RBM27
Pex5l,PEX5L
Sipa1l3,SIPA1L3
Pxdc1,PXDC1
Unc93a2,UNC93A
Asphd1,ASPHD1
Styk1,STYK1
Irak3,IRAK3
Lgals4,LGALS4
P2ry1,P2RY1
Rundc1,RUNDC1
Mc4r,MC4R
Lrrc75a,LRRC75A
Ms4a10,MS4A10
Tmem176a,TMEM176A
Ms4a13,MS4A13
Ms4a7,MS4A7
Shank3,SHANK3
Meig1,MEIG1
Rbm43,RBM43
Mtmr9,MTMR9
Gabrg1,GABRG1
Plekhm3,PLEKHM3
Zmat4,ZMAT4
Mettl18,METTL18
Tdrd9,TDRD9
Map3k20,MAP3K20
Katna1,KATNA1
Plcl1,PLCL1
Dnah3,DNAH3
Trdc,TRDC
Scfd2,SCFD2
Abcb10,ABCB10
Sorbs3,SORBS3
Foxb2,FOXB2
Rfk,RFK
Adcy1,ADCY1
Fhad1,FHAD1
Itpr3,ITPR3
Scmh1,SCMH1
Scml2,SCML2
Capn5,CAPN5
Plxna2,PLXNA2
Alg12,ALG12
Zbed4,ZBED4
Zfp526,ZNF526
Atxn2,ATXN2
Epg5,EPG5
Dnajb5,DNAJB5
Cyth4,CYTH4
Itprid2,ITPRID2
Tstd3,TSTD3P
Cdk18,CDK18
Dnajc22,DNAJC22
Ikzf4,IKZF4
Ccdc134,CCDC134
Enox1,ENOX1
Rab9b,RAB9B
Cetn2,CETN2
Smg6,SMG6
Rsl1d1,RSL1D1
Rfc1,RFC1
Cep70,CEP70
Coq4,COQ4
Bspry,BSPRY
Rab3b,RAB3B
Axdnd1,AXDND1
Tdrd5,TDRD5
Fam163a,FAM163A
Camk1,CAMK1
Lingo3,LINGO3
Sertad4,SERTAD4
Parp4,PARP4
Vtcn1,VTCN1
Trim45,TRIM45
Crip2,CRIP2
Wwc1,WWC1
Ltn1,LTN1
Rnft2,RNFT2
D430041D05Rik,KIAA1549L
Rwdd2b,RWDD2B
Mrnip,MRNIP
Frs3,FRS3
Cenpk,CENPK
Mrps12,MRPS12
Nrg3,NRG3
Mapk8ip2,MAPK8IP2
Pear1,PEAR1
Gabrr2,GABRR2
Lats1,LATS1
Lrp11,LRP11
Oxgr1,OXGR1
Tmem59,TMEM59
Slc6a2,SLC6A2
Fgd6,FGD6
Nr2c1,NR2C1
Ndufa12,NDUFA12
Tmcc3,TMCC3
Abcc9,ABCC9
Sycn,SYCN
Hook1,HOOK1
Hivep1,HIVEP1
Tmem170b,TMEM170B
Gnpda2,GNPDA2
Cenpu,CENPU
Ust,UST
Cfap57,CFAP57
Cenph,CENPH
Slc24a3,SLC24A3
Phf3,PHF3
Syt16,SYT16
Mrm1,MRM1
Mis18a,MIS18A
Ugt8a,UGT8
Slc44a5,SLC44A5
Myo1h,MYO1H
Ube3b,UBE3B
Mmab,MMAB
Ppp2r5a,PPP2R5A
Prkg2,PRKG2
Ntrk3,NTRK3
Uvssa,UVSSA
Cimip5,CIMIP5
Vwa8,VWA8
Ccny,CCNY
Cisd1,CISD1
Sv2c,SV2C
Fer,FER
Pde4d,PDE4D
Elp2,ELP2
Gabbr2,GABBR2
Pgap1,PGAP1
R3hcc1,R3HCC1
Arfgef2,ARFGEF2
Pard6b,PARD6B
Tmem168,TMEM168
Zbtb37,ZBTB37
Sh3tc2,SH3TC2
Hspb3,HSPB3
Snx18,SNX18
Tex30,TEX30
Sh3bgrl3,SH3BGRL3
Gadd45gip1,GADD45GIP1
Cltrn,CLTRN
B4galnt1,B4GALNT1
Itpr2,ITPR2
Tnfaip2,TNFAIP2
Clstn3,CLSTN3
Ptprh,PTPRH
Efcab12,EFCAB12
Zfp541,ZNF541
Zc3h14,ZC3H14
Foxf1,FOXF1
Mettl13,METTL13
Hapln4,HAPLN4
Tm6sf1,TM6SF1
Tm6sf2,TM6SF2
Otc,OTC
Sytl5,SYTL5
Zfp872,ZNF709
Rpl38,RPL38
Isca2,ISCA2
Spp2,SPP2
Terb2,TERB2
Zbtb25,ZBTB25
Zbtb1,ZBTB1
Card9,CARD9
Vps45,VPS45
Lrrc61,LRRC61
Pigo,PIGO
Trpm3,TRPM3
Kcnv1,KCNV1
Scap,SCAP
Fbxo48,FBXO48
Socs2,SOCS2
Ncaph2,NCAPH2
Sco2,SCO2
Rint1,RINT1
Svop,SVOP
Ung,UNG
Urgcp,URGCP
Asxl1,ASXL1
Xkr7,XKR7
Cables2,CABLES2
Prepl,PREPL
Slc3a1,SLC3A1
Add2,ADD2
Neurl1b,NEURL1B
Spink2,SPINK2
Tuft1,TUFT1
Ugt2a2,UGT2A2
Ugt2a1,UGT2A1
Ugt2b34,UGT2B4
Ugt2a3,UGT2A3
Timm29,TIMM29
Yipf2,YIPF2
Zdhhc22,ZDHHC22
Jmjd1c,JMJD1C
Tmem269,TMEM269
Celf6,CELF6
Spata1,SPATA1
Atp2a3,ATP2A3
Pip5kl1,PIP5KL1
Zc3h12a,ZC3H12A
Parp1,PARP1
Lin9,LIN9
Fam120c,FAM120C
Spag17,SPAG17
Ocel1,OCEL1
AU022252,C1orf50
Plxnb3,PLXNB3
Camsap3,CAMSAP3
Prkcg,PRKCG
Hyal3,HYAL3
Wdr6,WDR6
Trpc6,TRPC6
Gabrb1,GABRB1
Atp10d,ATP10D
Zfp442,ZNF611
Gm14399,ZNF880
Gm15446,ZNF136
Gm3604,ZNF28
Zfp189,ZNF189
Zfp775,ZNF775
Kif16b,KIF16B
Fam117b,FAM117B
Dot1l,DOT1L
Cog5,COG5
Bcap29,BCAP29
Slc16a5,SLC16A5
Reps1,REPS1
Scara3,SCARA3
Sgip1,SGIP1
Epb41l4b,EPB41L4B
Acot13,ACOT13
Clasp1,CLASP1
Reep1,REEP1
Polrmt,POLRMT
Fgf22,FGF22
Mettl25,METTL25
Ccdc59,CCDC59
Tspan11,TSPAN11
Iqce,IQCE
Ccdc73,CCDC73
Ogfod2,OGFOD2
Abcb9,ABCB9
Dars2,DARS2
Sdk1,SDK1
Zbtb17,ZBTB17
Arhgef19,ARHGEF19
Soat1,SOAT1
Stx4a,STX4
Arsg,ARSG
Grk5,GRK5
Necab3,NECAB3
Ncmap,NCMAP
Snapin,SNAPIN
Pfdn4,PFDN4
Bcdin3d,BCDIN3D
Cox14,COX14
Irf2bp1,IRF2BP1
Sphkap,SPHKAP
B3gnt8,B3GNT8
Nectin2,NECTIN2
Pvr,PVR
Kncn,KNCN
Six6,SIX6
Vopp1,VOPP1
Pik3ap1,PIK3AP1
Smim29,SMIM29
Sytl1,SYTL1
Myorg,MYORG
Tet1,TET1
Zfp385a,ZNF385A
Tmc1,TMC1
Tmc2,TMC2
Glt8d2,GLT8D2
Fbh1,FBH1
Npy,NPY
Abhd15,ABHD15
Cnot4,CNOT4
Acss3,ACSS3
Atr,ATR
Lrrc14b,LRRC14B
Chrna6,CHRNA6
Fmnl1,FMNL1
Nudt7,NUDT7
Tmed6,TMED6
Cpz,CPZ
Pus7l,PUS7L
Nckap1,NCKAP1
Cacng6,CACNG6
Golt1a,GOLT1A
Itih5,ITIH5
Sfmbt2,SFMBT2
Crip3,CRIP3
Anapc11,ANAPC11
Brwd3,BRWD3
Morn3,MORN3
Itga10,ITGA10
Zfp326,ZNF326
Spata2l,SPATA2L
Zfp579,ZNF579
Smim1,SMIM1
Mad2l2,MAD2L2
Mrpl4,MRPL4
Hyls1,HYLS1
Slc41a2,SLC41A2
Pdzrn4,PDZRN4
Myo1f,MYO1F
Wdr20,WDR20
Lca5,LCA5
Tmem107,TMEM107
Cfap418,CFAP418
Megf11,MEGF11
Fgd1,FGD1
Clca3a1,CLCA3P
Clca4b,CLCA4
Clca1,CLCA1
Clca2,CLCA2
Grip1,GRIP1
Lamc3,LAMC3
Fbxo10,FBXO10
Clrn2,CLRN2
Iqch,IQCH
Skor1,SKOR1
Efna4,EFNA4
Shc1,SHC1
Sptlc3,SPTLC3
Dlec1,DLEC1
Gal3st2,GAL3ST2
Arid5b,ARID5B
Myo3b,MYO3B
Rd3,RD3
Plxdc1,PLXDC1
Adam15,ADAM15
Kcnd2,KCND2
Slc28a2b,SLC28A2
Slc28a1,SLC28A1
Pstpip1,PSTPIP1
Rcn2,RCN2
R3hdml,R3HDML
Ccar2,CCAR2
Erap1,ERAP1
Zfyve16,ZFYVE16
Cnfn,CNFN
Wdr19,WDR19
Atp11a,ATP11A
Plau,PLAU
Rasl10a,RASL10A
Rasl10b,RASL10B
Npy1r,NPY1R
Cfap70,CFAP70
Adarb2,ADARB2
Alkbh8,ALKBH8
Uckl1,UCKL1
Zfp512b,ZNF512B
Rhbdd2,RHBDD2
Zmiz2,ZMIZ2
Lrrn2,LRRN2
Ttc23,TTC23
Synm,SYNM
Pgpep1l,PGPEP1L
Adamtsl5,ADAMTSL5
Grpel2,GRPEL2
Hemgn,HEMGN
Map3k14,MAP3K14
P4ha3,P4HA3
Itgb2,ITGB2
Myt1l,MYT1L
Tspan9,TSPAN9
Mrpl36,MRPL36
Alkbh4,ALKBH4
Orai2,ORAI2
Lrwd1,LRWD1
Kif1a,KIF1A
Aire,AIRE
Myo7b,MYO7B
H1f1,H1-1
Ano5,ANO5
Syndig1l,SYNDIG1L
Rhobtb2,RHOBTB2
Ppp1r18,PPP1R18
Nrm,NRM
Tmem79,TMEM79
Panx3,PANX3
Rab15,RAB15
Emp3,EMP3
Tmem232,TMEM232
Ntan1,NTAN1
Ptafr,PTAFR
Maml3,MAML3
Rft1,RFT1
Gins2,GINS2
Abca2,ABCA2
Adcy2,ADCY2
Fam228b,FAM228B
Fam228a,FAM228A
Kcp,KCP
Csrnp2,CSRNP2
Anapc13,ANAPC13
Ephb6,EPHB6
Zfp385c,ZNF385C
N4bp2l2,N4BP2L2
Ttc19,TTC19
Smarcd3,SMARCD3
Wdr27,WDR27
Rps6ka4,RPS6KA4
Paox,PAOX
Lyplal1,LYPLAL1
Kalrn,KALRN
Atp7b,ATP7B
Gpr37,GPR37
Ccdc85a,CCDC85A
Col16a1,COL16A1
Itga1,ITGA1
Npr1,NPR1
Ints3,INTS3
Nup107,NUP107
Rapgef3,RAPGEF3
Gpr83,GPR83
Sptbn4,SPTBN4
Sik2,SIK2
Layn,LAYN
Hoatz,HOATZ
Itgb1bp1,ITGB1BP1
Fgf9,FGF9
Sez6l2,SEZ6L2
Cyth2,CYTH2
Nek11,NEK11
Gp1bb,GP1BB
Zc3h12b,ZC3H12B
Las1l,LAS1L
Tmem208,TMEM208
Clec3b,CLEC3B
Zdhhc5,ZDHHC5
Hap1,HAP1
Sptbn5,SPTBN5
Fstl3,FSTL3
Vwa5b1,VWA5B1
Slc4a8,SLC4A8
Vipr1,VIPR1
Dbn1,DBN1
Cgrrf1,CGRRF1
Cables1,CABLES1
Tmem253,TMEM253
Syt1,SYT1
Bbs10,BBS10
Neto2,NETO2
Vwde,VWDE
Mindy4,MINDY4
Dchs2,DCHS2
Tmem82,TMEM82
Tmem240,TMEM240
Slc26a3,SLC26A3
Slc26a4,SLC26A4
Gdpd2,GDPD2
Wnt6,WNT6
Gtf2ird1,GTF2IRD1
Disp3,DISP3
Lamb2,LAMB2
Usp19,USP19
Map3k2,MAP3K2
Tmem236,TMEM236
Spata13,SPATA13
Ltc4s,LTC4S
Caskin1,CASKIN1
Heca,HECA
Ptrhd1,PTRHD1
Tstd1,TSTD1
Gfm2,GFM2
Paqr9,PAQR9
Otud7a,OTUD7A
Adra1d,ADRA1D
Slc29a3,SLC29A3
Mccc1,MCCC1
Lamp3,LAMP3
Tasp1,TASP1
Ddx59,DDX59
Kif14,KIF14
Pappa2,PAPPA2
Tmem123,TMEM123
Cep126,CEP126
Pdzd2,PDZD2
Parp8,PARP8
Prag1,PRAG1
Lmod2,LMOD2
Toe1,TOE1
Sphk2,SPHK2
Lmtk3,LMTK3
Sh3rf2,SH3RF2
Kcnj9,KCNJ9
Ecm2,ECM2
Atrip,ATRIP
Bap1,BAP1
Tle6,TLE6
Tle7,TLE7
Gpsm1,GPSM1
Adamts12,ADAMTS12
Zfp648,ZNF648
Ddb2,DDB2
Kcnn3,KCNN3
Exoc3l4,EXOC3L4
Adamts10,ADAMTS10
Fbxo4,FBXO4
Rtl1,RTL1
Phf11d,PHF11
Mtss1,MTSS1
Ptpre,PTPRE
Pde3a,PDE3A
Tmem81,TMEM81
Was,WAS
Rnf157,RNF157
Col19a1,COL19A1
Tnfaip8l1,TIPE1
Tnfaip8,TNFAIP8
Htra4,HTRA4
Zfp358,ZNF358
Dnal4,DNAL4
Ankrd45,ANKRD45
Usp11,USP11
Lrrc52,LRRC52
Gabra2,GABRA2
Skil,SKIL
Samd7,SAMD7
Ccser1,CCSER1
Trp53i13,TP53I13
Msh3,MSH3
Nphp3,NPHP3
Trpm5,TRPM5
Sgo2b,SGO2
Rev1,REV1
Faap100,FAAP100
Dapk3,DAPK3
Mccc2,MCCC2
Iqsec1,IQSEC1
Cdyl,CDYL
Mrpl1,MRPL1
Mdfic2,MDFIC2
Eif3f,EIF3F
Pla2g4d,PLA2G4D
Pla2g4e,PLA2G4E
Pla2g4f,PLA2G4F
Gpr26,GPR26
Tfap2d,TFAP2D
Slc5a6,SLC5A6
Sap130,SAP130
Zfp414,ZNF414
Tmem242,TMEM242
Xpr1,XPR1
Ddr2,DDR2
Sdccag8,SDCCAG8
Lrrc74b,LRRC74B
Chst7,CHST7
Lzts1,LZTS1
Cmtm8,CMTM8
Cdcp2,CDCP2
Tceanc2,TCEANC2
Alkbh2,ALKBH2
Cfap251,CFAP251
Oat,OAT
Sp100,SP100
Slc25a17,SLC25A17
Fbrsl1,FBRSL1
Rhobtb3,RHOBTB3
Chd6,CHD6
Clcf1,CLCF1
Arhgap31,ARHGAP31
Tex55,TEX55
Wdfy4,WDFY4
Lrrc18,LRRC18
Emilin3,EMILIN3
Otoa,OTOA
Rbm11,RBM11
Fndc4,FNDC4
Iqcc,IQCC
Tmem234,TMEM234
Nkain2,NKAIN2
Trdn,TRDN
Borcs6,BORCS6
Efhd2,EFHD2
Cdan1,CDAN1
Usp30,USP30
Arhgef4,ARHGEF4
Stac,STAC
Ccdc150,CCDC150
Tox4,TOX4
Dcaf8,DCAF8
Map3k7cl,MAP3K7CL
Dennd1c,DENND1C
Prss56,PRSS56
Kcnn2,KCNN2
Smarcad1,SMARCAD1
Ano8,ANO8
Pnrc1,PNRC1
Gabrr1,GABRR1
Alpk3,ALPK3
Kti12,KTI12
Nmb,NMB
Espn,ESPN
Atf7ip2,ATF7IP2
Bnipl,BNIPL
Elp6,ELP6
Nudt14,NUDT14
Sema4a,SEMA4A
Ptpn22,PTPN22
Zp3r,C4BPA
Cpa6,CPA6
Zfp747l1,ZNF764
Zfp260,ZNF260
Pja2,PJA2
Pja1,PJA1
Kcng1,KCNG1
Lct,LCT
Zzef1,ZZEF1
Taar1,TAAR1
Taar4,TAAR4P
Taar2,TAAR2
Taar5,TAAR5
Ubr4,UBR4
Rnf151,RNF151
Entrep3,ENTREP3
Pnck,PNCK
Zfp296,ZNF296
Ubap1l,UBAP1L
Pkia,PKIA
Slc25a25,SLC25A25
Cpsf3,CPSF3
Fmn1,FMN1
Taf1b,TAF1B
Thbs3,THBS3
Zbbx,ZBBX
Uba6,UBA6
Tmem70,TMEM70
Plac8l1,PLAC8L1
Bcr,BCR
Prss35,PRSS35
Ano7,ANO7
Zfp365,ZNF365
Tedc1,TEDC1
Tarbp1,TARBP1
Rusc1,RUSC1
Ppp4r4,PPP4R4
Prima1,PRIMA1
Rassf5,RASSF5
Rpgrip1,RPGRIP1
Hint2,HINT2
Col5a1,COL5A1
Mapkbp1,MAPKBP1
Kcnd1,KCND1
Fbxo41,FBXO41
Lmod3,LMOD3
Tmod3,TMOD3
Zbtb46,ZBTB46
Palld,PALLD
Anapc4,ANAPC4
Slain2,SLAIN2
Slc10a4,SLC10A4
Syn1,SYN1
Inha,INHA
Sun2,SUN2
Smim18,SMIM18
Upk3b,UPK3B
Trpc2,TRPC2
Doc2a,DOC2A
Gabra5,GABRA5
Gpr141,GPR141
Cks2,CKS2
Shc2,SHC2
Ankrd24,ANKRD24
Arhgap4,ARHGAP4
Phkb,PHKB
Tmem150a,TMEM150A
Vcpip1,VCPIP1
Cspp1,CSPP1
Frs2,FRS2
Klhl17,KLHL17
Plekhn1,PLEKHN1
Dpt,DPT
Trpv1,TRPV1
Trpv2,TRPV2
Tmeff2,TMEFF2
Tcirg1,TCIRG1
Pias1,PIAS1
Oplah,OPLAH
Ppp1r16a,PPP1R16A
Tmprss12,TMPRSS12
Arhgef16,ARHGEF16
Ntsr1,NTSR1
Rps6ka5,RPS6KA5
Smarcc1,SMARCC1
Fkbp1b,FKBP1B
Wdcp,WDCP
Mfsd2b,MFSD2B
Kcnk4,KCNK4
Vav2,VAV2
Sympk,SYMPK
Mdn1,MDN1
Cep135,CEP135
Aasdh,AASDH
Sgsm2,SGSM2
4833420G17Rik,C5orf34
Gpr45,GPR45
Ndufb3,NDUFB3
Dip2a,DIP2A
Vgll1,VGLL1
Swt1,SWT1
Ccdc141,CCDC141
Klhl23,KLHL23
Htr3a,HTR3A
Htr3b,HTR3B
Atxn10,ATXN10
Eps15l1,EPS15L1
Pde8b,PDE8B
Gak,GAK
Bend5,BEND5
Hpse2,HPSE2
Tmprss15,TMPRSS15
Lingo4,LINGO4
Syngap1,SYNGAP1
Sostdc1,SOSTDC1
Sync,SYNC
Haspin,HASPIN
Fam184b,FAM184B
Otogl,OTOGL
Mdp1,MDP1
Ttc41,TTC41P
Dennd2c,DENND2C
Mctp1,MCTP1
Tmem64,TMEM64
Ankrd2,ANKRD2
Lig1,LIG1
Lhx4,LHX4
Pam,PAM
Rcc1l,RCC1L
Kera,KERA
Unc5d,UNC5D
Snx27,SNX27
Trim46,TRIM46
Adam19,ADAM19
Col23a1,COL23A1
Sost,SOST
Samhd1,SAMHD1
Cfap90,CFAP90
Pax1,PAX1
Ttc32,TTC32
Aknad1,AKNAD1
Plin1,PLIN1
Btbd7,BTBD7
Stum,STUM
Wnk4,WNK4
Nfatc4,NFATC4
Myadm,MYADM
Gatad2b,GATAD2B
Myo15b,MYO15B
Rap2a,RAP2A
Ttyh1,TTYH1
Urm1,URM1
Fbxo40,FBXO40
Snx9,SNX9
Mrpl54,MRPL54
Mpv17l,MPV17L
Lrrc34,LRRC34
Lrrc31,LRRC31
Ca12,CA12
Kansl1l,KANSL1L
Lrch4,LRCH4
Fastk,FASTK
Asb18,ASB18
Reg3a,REG3A
Trim2,TRIM2
Pgap6,PGAP6
Masp1,MASP1
Gphb5,GPHB5
Klhl14,KLHL14
Adamts6,ADAMTS6
Trpc5,TRPC5
Pnpla8,PNPLA8
Mta1,MTA1
Ablim1,ABLIM1
Kcnn4,KCNN4
Spaca6,SPACA6
Pex11a,PEX11A
Sulf2,SULF2
Slc35e3,SLC35E3
Dnah10,DNAH10
Ncaph,NCAPH
Ppil2,PPIL2
Gabrd,GABRD
B3galt4,B3GALT4
Stab1,STAB1
Wasf1,WASF1
Smap2,SMAP2
Bltp3b,BLTP3B
Spsb4,SPSB4
Fam185a,FAM185A
Rfx6,RFX6
Cdc42bpb,CDC42BPB
Mterf4,MTERF4
Slc5a10,SLC5A10
Ap4s1,AP4S1
Ier5,IER5
Hectd1,HECTD1
Sf3a1,SF3A1
Pold2,POLD2
Vat1,VAT1
Pms1,PMS1
Fkbp7,FKBP7
Itsn1,ITSN1
Daxx,DAXX
Ubtf,UBTF
Tnni1,TNNI1
Lad1,LAD1
Fkbp11,FKBP11
Coch,COCH
Cntn2,CNTN2
Tfpi,TFPI
Osgepl1,OSGEPL1
Tubgcp3,TUBGCP3
Kpna3,KPNA3
Ebpl,EBPL
Mag,MAG
Fam53b,FAM53B
Gemin2,GEMIN2
Pkd2l1,PKD2L1
Sharpin,SHARPIN
Rbck1,RBCK1
Rmi2,RMI2
Mslnl,MSLNL
Tmcc2,TMCC2
Nuak2,NUAK2
Usp49,USP49
Zbtb43,ZBTB43
Lpxn,LPXN
Zfp692,ZNF692
Gatc,GATC
Tmem216,TMEM216
Ropn1l,ROPN1L
Apol6,APOL6
Pcp4l1,PCP4L1
Gdap1,GDAP1
Ehmt1,EHMT1
Alg8,ALG8
Ccdc90b,CCDC90B
Polq,POLQ
Cfap300,CFAP300
Hrh3,HRH3
Lpar4,LPAR4
Tex36,TEX36
Ntaq1,NTAQ1
Rnf19b,RNF19B
Nmu,NMU
Dysf,DYSF
Ppp1r9a,PPP1R9A
Pdk4,PDK4
Slc23a3,SLC23A3
Tmem198,TMEM198
Ankmy1,ANKMY1
Map3k1,MAP3K1
Alkbh7,ALKBH7
Gpcpd1,GPCPD1
Gtpbp8,GTPBP8
Kif28,KIF28P
Glis2,GLIS2
Atp6v1c2,ATP6V1C2
Six1,SIX1
Six2,SIX2
Six5,SIX5
Slc1a4,SLC1A4
1700123O20Rik,C14orf119
Dhrs1,DHRS1
Brms1,BRMS1
Fkbp5,FKBP5
Fndc10,FNDC10
Ikzf2,IKZF2
Dtwd2,DTWD2
Ikbip,IKBIP
Tcf20,TCF20
Proz,PROZ
Acy1,ACY1
Srpk2,SRPK2
Srrm3,SRRM3
Tars3,TARS3
Cd109,CD109
Znhit6,ZNHIT6
Mylk2,MYLK2
Kif6,KIF6
Skor2,SKOR2
Skp1,SKP1
Sla,SLA
Sepsecs,SEPSECS
Slc16a9,SLC16A9
Slc67a1,SLC67A1
Slc24a2,SLC24A2
Slc25a3,SLC25A3
Slc25a47,SLC25A47
Slc26a6,SLC26A6
Slc29a1,SLC29A1
Slc2a13,SLC2A13
Slc30a1,SLC30A1
Slc35h1,SLC35H1
Slc35d1,SLC35D1
Slc38a8,SLC38A8
Slc45a4,SLC45A4
Slc52a3,SLC52A3
Slc7a3,SLC7A3
Foxn4,FOXN4
Mif4gd,MIF4GD
Prelid3a,PRELID3A
Sytl2,SYTL2
Tagln,TAGLN
Acta2,ACTA2
Actg2,ACTG2
Hltf,HLTF
Mybpc1,MYBPC1
Smcr8,SMCR8
Ppp4r3c1,PPP4R3C
Ppp4r3b,PPP4R3B
Mt4,MT4
Smu1,SMU1
Smyd4,SMYD4
Snapc1,SNAPC1
Hps5,HPS5
Snrk,SNRK
Snrnp70,SNRNP70
Snrpf,SNRPF
Arhgap33,ARHGAP33
Socs4,SOCS4
Socs5,SOCS5
Socs6,SOCS6
Wsb1,WSB1
Chrnd,CHRND
Fam43b,FAM43B
Sort1,SORT1
Hebp2,HEBP2
Sox21,SOX21
Sox4,SOX4
Sox8,SOX8
Dcc,DCC
Spag9,SPAG9
Sparcl1,SPARCL1
Washc5,WASHC5
Zfyve26,ZFYVE26
Afg2a,AFG2A
Afg2b,AFG2B
Spg11,SPG11
Rb1,RB1
Cdc42se1,CDC42SE1
Smndc1,SMNDC1
Spart,SPART
Spast,SPAST
Sgpp2,SGPP2
Spry1,SPRY1
Sptlc2,SPTLC2
Gpr85,GPR85
Gpr173,GPR173
Srebf1,SREBF1
Syce2,SYCE2
Srgap2,SRGAP2
Srpk1,SRPK1
Ssx2ip,SSX2IP
Ssh2,SSH2
Znrd2,ZNRD2
St6gal2,ST6GAL2
St6galnac2,ST6GALNAC2
Stambp,STAMBP
Tmem41b,TMEM41B
Vangl1,VANGL1
Vangl2,VANGL2
Stc1,STC1
Abcg5,ABCG5
Abcg8,ABCG8
Stim2,STIM2
Plk4,PLK4
Whr1,WHR1
Stk24,STK24
Stk25,STK25
Stoml3,STOML3
Stx3,STX3
Suclg1,SUCLG1
Med22,MED22
Birc5,BIRC5
Kmt5b,KMT5B
Kmt5c,KMT5C
Sv2b,SV2B
Opn1sw,OPN1SW
Gm28891,SYCP3
Syn2,SYN2
Syngr1,SYNGR1
Syngr3,SYNGR3
Syp,SYP
Syt5,SYT5
Tas1r2,TAS1R2
Tas2r131,TAS2R42
Tas2r115,TAS2R14
Tas2r124,TAS2R13
Tas2r114,TAS2R10
Tas2r144,TAS2R40
Tas2r138,TAS2R38
Tas2r126,TAS2R41
Tas2r130,TAS2R7
Tas2r135,TAS2R60
Tas2r137,TAS2R3
Tas2r119,TAS2R1
Tas2r108,TAS2R4
Taf8,TAF8
Btaf1,BTAF1
Taok1,TAOK1
Tardbp,TARDBP
Tars1,TARS1
Tafazzin,TAFAZZIN
Wwtr1,WWTR1
Tbx21,TBX21
Tbpl2,TBPL2
Tbx3,TBX3
Cd2,CD2
Tcerg1,TCERG1
Elk4,ELK4
Tcf7l2,TCF7L2
Tcf4,TCF4
Uqcr10,UQCR10
Cct5,CCT5
Zap70,ZAP70
Dynlt3,DYNLT3
Dynlt5,DYNLT5
Serinc1,SERINC1
Tdp2,TDP2
Tdrkh,TDRKH
Stk31,STK31
Dntt,DNTT
Tead1,TEAD1
Tecrl,TECRL
Tef,TEF
Tcf12,TCF12
F3,F3
Tgm6,TGM6
Tgm5,TGM5
Tgfb2,TGFB2
Tgfb3,TGFB3
Th,TH
Nelfcd,NELFCD
Thbs2,THBS2
Thbs4,THBS4
Alyreffm9,ALYREF
Nln,NLN
Zbtb7b,ZBTB7B
Med30,MED30
Tiam1,TIAM1
Tek,TEK
Trim24,TRIM24
Tinf2,TINF2
Pth2,PTH2
Tlr1,TLR1
Tlr6,TLR6
Tlr2,TLR2
Tlr4,TLR4
Tlr5,TLR5
Tlr8,TLR8
Tjp2,TJP2
Tbpl1,TBPL1
Tlr7,TLR7
Tlx3,TLX3
Tspan12,TSPAN12
Tspan6,TSPAN6
Tspan7,TSPAN7
Tmbim1,TMBIM1
Tmcc1,TMCC1
Slc9d1,SLC9D1
Tmem100,TMEM100
Slc38a12,SLC38A12
Stimate,STIMATE
Tmem120a,TMEM120A
Tmem138,TMEM138
Tmem174,TMEM174
Tmem167,TMEM167A
Tmem178,TMEM178A
Tmem179,TMEM179
Cnep1r1,CNEP1R1
Agmo,AGMO
Vma12,VMA12
Tmem200c,TMEM200C
Pacc1,PACC1
Tmem222,TMEM222
C2cd2l,C2CD2L
Pgap4,PGAP4
Cdc50c,CDC50CP
Mmgt1,MMGT1
Cnpy2,CNPY2
Tmem41a,TMEM41A
Ndc1,NDC1
Vmp1,VMP1
Rxylt1,RXYLT1
Maco1,MACO1
Saraf,SARAF
Emc4,EMC4
Emc6,EMC6
Tnfaip8l2,TIPE2
Tnfrsf1a,TNFRSF1A
Psmg2,PSMG2
Tob1,TOB1
Tom1l2,TOM1L2
Tomm70a,TOMM70
Arid4b,ARID4B
Trp53inp2,TP53INP2
Tph1,TPH1
Tph2,TPH2
Tpm4,TPM4
Thpo,THPO
Tppp2,TPPP2
Pdss1,PDSS1
Traf4,TRAF4
Med20,MED20
Cers4,CERS4
Ticam1,TICAM1
Mid2,MID2
Triml2,TRIML2
Ntrk1,NTRK1
Tyw2,TYW2
Ro60,RO60
Dct,DCT
Trpa1,TRPA1
Trpm1,TRPM1
Wars1,WARS1
Dnajb13,DNAJB13
Tsg101,TSG101
Cep41,CEP41
Tshb,TSHB
Crlf2,CRLF2
Tspan13,TSPAN13
Tspan1,TSPAN1
Tspan5,TSPAN5
Eipr1,EIPR1
Sf3b1,SF3B1
Khdrbs3,KHDRBS3
Trappc12,TRAPPC12
Odad4,ODAD4
Emc2,EMC2
Skic3,SKIC3
Lmo2,LMO2
Dnmbp,DNMBP
Tuba1a,TUBA1A
Tubb2b,TUBB2B
Tubb2a,TUBB2A
Tubg1,TUBG1
Tubg2,TUBG2
Mtpap,MTPAP
Tut7,TUT7
Twist1,TWIST1
Polr1f,POLR1F
Tmx1,TMX1
Erp44,ERP44
Dtymk,DTYMK
Tut1,TUT1
Ubap2,UBAP2
Ube2i,UBE2I
Uba3,UBA3
Ube3d,UBE3D
Ube2d1,UBE2D1
Ube2d2a,UBE2D2
Ube2g1,UBE2G1
Ufm1,UFM1
Ubl7,UBL7
Ubtd1,UBTD1
Ubxn6,UBXN6
Ubxn4,UBXN4
Ucp3,UCP3
Slc25a27,SLC25A27
Slc25a14,SLC25A14
Ube4b,UBE4B
Ugt1a6b,UGT1A6
Ugt1a1,UGT1A1
Uts2,UTS2
Uck2,UCK2
Xylt1,XYLT1
Zc4h2,ZC4H2
Nuf2,NUF2
Prdm5,PRDM5
Dlc1,DLC1
Pkp4,PKP4
Tusc3,TUSC3
Acer2,ACER2
Dennd4c,DENND4C
Shc3,SHC3
Fcho1,FCHO1
Dxo,DXO
Ube2o,UBE2O
Clcc1,CLCC1
Ccdc15,CCDC15
Psg27,CEACAM21
Ceacam14,CEACAM4
Zan,ZAN
Tespa1,TESPA1
Ghitm,GHITM
Kif1b,KIF1B
Slc7a7,SLC7A7
Wdr1,WDR1
Vps11,VPS11
Sart1,SART1
Cbfb,CBFB
Upp2,UPP2
Uqcc1,UQCC1
Urah,URAHP
Uts2b,UTS2B
Scube2,SCUBE2
Usp34,USP34
Ogfod3,OGFOD3
Kdm6a,KDM6A
Uty,UTY
Vmn1r12,VN1R5
Vmn1r1,VN1R17P
Vmn1r230,VN1R4
Slc18a3,SLC18A3
Vamp1,VAMP1
Ddx4,DDX4
Uso1,USO1
Veph1,VEPH1
Vgll2,VGLL2
Vhl,VHL
Slc32a1,SLC32A1
Pdcl3,PDCL3
Cdc16,CDC16
Vil1,VIL1
Slc18a2,SLC18A2
Psmd6,PSMD6
Dcaf1,DCAF1
Vps26a,VPS26A
Vstm2l,VSTM2L
Vtn,VTN
Wac,WAC
Tpbgl,TPBGL
Wbp2nl,WBP2NL
Eif4h,EIF4H
Abhd11,ABHD11
Bud23,BUD23
Dcaf5,DCAF5
Dcaf11,DCAF11
Ciao1,CIAO1
Wdr45b,WDR45B
Poc1a,POC1A
Snrnp40,SNRNP40
Dync2i1,DYNC2I1
Skic8,SKIC8
Dnai3,DNAI3
Tbc1d31,TBC1D31
Dnai4,DNAI4
Dph7,DPH7
Dnaaf10,DNAAF10
Rmc1,RMC1
Dcaf13,DCAF13
Nsd3,NSD3
Pym1,PYM1
Wipf1,WIPF1
Doc2b,DOC2B
Wnt10b,WNT10B
Wnt3a,WNT3A
Wnt4,WNT4
Wnt7a,WNT7A
Wdr82,WDR82
Cndp1,CNDP1
Mtf2,MTF2
Vdac2,VDAC2
Snapc3,SNAPC3
Stard3nl,STARD3NL
Casq2,CASQ2
Sfxn2,SFXN2
Zfhx2,ZFHX2
Pitrm1,PITRM1
Cpt2,CPT2
Zfp207,ZNF207
Aip,AIP
Dcps,DCPS
Nup133,NUP133
Wdr13,WDR13
Acsl6,ACSL6
Gtf2e2,GTF2E2
Usp5,USP5
Ofd1,OFD1
Pfdn5,PFDN5
Arih2,ARIH2
Mdm4,MDM4
Cdk2,CDK2
Cyp20a1,CYP20A1
Mtpn,MTPN
Dda1,DDA1
Nenf,NENF
Ddost,DDOST
Prim2,PRIM2
Atp6v1g1,ATP6V1G1
Atp6v1g2,ATP6V1G2
Atp6v1g3,ATP6V1G3
Rapgef6,RAPGEF6
Pelo,PELO
Dcxr,DCXR
Spcs2,SPCS2
Rpn1,RPN1
Thap11,THAP11
Vapa,VAPA
Psmc5,PSMC5
Wdr18,WDR18
Mrps23,MRPS23
Arih1,ARIH1
Vamp8,VAMP8
Snrpd3,SNRPD3
Rps27rt,RPS27
Cox15,COX15
Rnps1,RNPS1
Aagab,AAGAB
Rrp15,RRP15
Nvl,NVL
Cpsf6,CPSF6
Phf6,PHF6
Sap30l,SAP30L
Sap30,SAP30
Rpl12,RPL12
Mrpl20,MRPL20
Hnrnpd,HNRNPD
Dut,DUT
Glis3,GLIS3
Fgb,FGB
Crkl,CRKL
Smarca2,SMARCA2
Kpna4,KPNA4
Nup50,NUP50
Rps24,RPS24
Klhl15,KLHL15
Ywhaq,YWHAQ
Sfn,SFN
Rpl19,RPL19
Uba52,UBA52
Rps4x,RPS4X
Rpl15,RPL15
Rps6,RPS6
Ap3s1,AP3S1
Ndfip2,NDFIP2
Fubp1,FUBP1
Rps15,RPS15
Rpl23a,RPL23A
Slc38a6,SLC38A6
Prkag1,PRKAG1
Rpl7a,RPL7A
Sema5a,SEMA5A
Etfb,ETFB
Mrpl28,MRPL28
Akirin1,AKIRIN1
Hdac4,HDAC4
Tbl2,TBL2
Arhgdia,ARHGDIA
Zranb2,ZRANB2
Sdc3,SDC3
Limk2,LIMK2
Mbd2,MBD2
Tmub1,TMUB1
Dpm2,DPM2
Rpl3,RPL3
Scyl3,SCYL3
Spty2d1,SPTY2D1
Vdac3,VDAC3
Tspyl3,TSPY26P
Tspyl5,TSPYL5
Tspyl2,TSPYL2
Tspyl4,TSPYL4
Rps15a,RPS15A
Eif5a2,EIF5A2
Btf3,BTF3
Col6a3,COL6A3
Tcta,TCTA
Drg1,DRG1
Cltb,CLTB
Jagn1,JAGN1
Scarf1,SCARF1
Dis3,DIS3
Cotl1,COTL1
Derl1,DERL1
Ndufb9,NDUFB9
Lpcat4,LPCAT4
Trps1,TRPS1
Arhgap28,ARHGAP28
Tfg,TFG
Sarnp,SARNP
Ing4,ING4
Polr3e,POLR3E
Commd2,COMMD2
Blmh,BLMH
Net1,NET1
Rpl21,RPL21
Uevld,UEVLD
Tysnd1,TYSND1
Gcsh,GCSH
Herc1,HERC1
Thy1,THY1
Pik3cg,PIK3CG
Usp8,USP8
Szrd1,SZRD1
Lman2,LMAN2
Fxr1,FXR1
Ndnf,NDNF
Akirin2,AKIRIN2
Ssb,SSB
Vwa5a,VWA5A
Ppid,PPID
Sucla2,SUCLA2
Dpp7,DPP7
Txndc5,TXNDC5
Maea,MAEA
Ttpal,TTPAL
Tram2,TRAM2
Smpd4,SMPD4
Anp32e,ANP32E
Cdk9,CDK9
Cpsf1,CPSF1
Zfr,ZFR
Pgrmc2,PGRMC2
Atrx,ATRX
Ube2e3,UBE2E3
Smurf1,SMURF1
Pcm1,PCM1
Psmd9,PSMD9
Kctd10,KCTD10
Atp6v0b,ATP6V0B
Ppig,PPIG
Idh2,IDH2
Ctsa,CTSA
Gart,GART
Ndufs1,NDUFS1
Akt1s1,AKT1S1
Tmbim4,TMBIM4
Dtwd1,DTWD1
Abce1,ABCE1
Dbnl,DBNL
Srrm1,SRRM1
Ak2,AK2
Ilf2,ILF2
Rcc2,RCC2
Cnn2,CNN2
Pid1,PID1
Chrac1,CHRAC1
Ryk,RYK
Rcn3,RCN3
Tax1bp3,TAX1BP3
Rchy1,RCHY1
Mthfd2,MTHFD2
Rad51,RAD51
Frmd6,FRMD6
Xrn2,XRN2
Ube2e1,UBE2E1
Ube2e2,UBE2E2
Psmc3,PSMC3
Ndufa10,NDUFA10
Etfrf1,ETFRF1
Pms2,PMS2
Safb,SAFB
Safb2,SAFB2
Anxa13,ANXA13
Nono,NONO
Usp1,USP1
Hmmr,HMMR
Cyb5a,CYB5A
Crtap,CRTAP
Vps26b,VPS26B
Phpt1,PHPT1
Ptpn13,PTPN13
Luc7l,LUC7L
Fbxl5,FBXL5
Uri1,URI1
Eaf1,EAF1
Dhps,DHPS
Snx3,SNX3
Npl,NPL
Actn4,ACTN4
Ik,IK
Usp39,USP39
Rpl7l1,RPL7L1
Cdc27,CDC27
Dao,DAO
Sde2,SDE2
Ikzf5,IKZF5
Laptm4a,LAPTM4A
Sirt2,SIRT2
Cs,CS
Hsdl2,HSDL2
Setd6,SETD6
BC005537,C6orf62
Acox1,ACOX1
C9,C9
Cpb1,CPB1
Sptssa,SPTSSA
Clta,CLTA
Adh4,ADH4
Adh7,ADH7
Agt,AGT
Dbi,DBI
Dbil5,DBIL5P
Gmpr2,GMPR2
Dpp3,DPP3
Pik3r1,PIK3R1
Cyp51,CYP51A1
Eif3l,EIF3L
Sdf4,SDF4
Serpina11,SERPINA11
Serpina7,SERPINA7
Serpina5,SERPINA5
Serpina6,SERPINA6
Serpina12,SERPINA12
Serpina9,SERPINA9
Cpa2,CPA2
Cpa4,CPA4
St6galnac3,ST6GALNAC3
Arg2,ARG2
Maoa,MAOA
Maob,MAOB
Tomm40,TOMM40
Upb1,UPB1
Ankfy1,ANKFY1
Arrdc2,ARRDC2
Pdcd6ip,PDCD6IP
Plg,PLG
Zfa-ps,ZFY
Zfx,ZFX
Tada2b,TADA2B
U2af2,U2AF2
Terf1,TERF1
Anapc5,ANAPC5
Eaf2,EAF2
Vps53,VPS53
Oxsr1,OXSR1
Ndufb2,NDUFB2
Ldlrad2,LDLRAD2
Appbp2,APPBP2
Nktr,NKTR
Spc24,SPC24
Abcf1,ABCF1
Endog,ENDOG
Nosip,NOSIP
Rps20,RPS20
Auh,AUH
Stx5a,STX5
Smurf2,SMURF2
Colec11,COLEC11
Ddx49,DDX49
Dek,DEK
Taf6,TAF6
Larp1,LARP1
Ddx41,DDX41
Ttl,TTL
Dcaf12,DCAF12
Rpl10a,RPL10A
Gdpd1,GDPD1
Drg2,DRG2
Tomm34,TOMM34
Rab5c,RAB5C
Pus1,PUS1
Mtmr10,MTMR10
Fam3c,FAM3C
Ndufv1,NDUFV1
Arhgap11a,ARHGAP11A
Dusp5,DUSP5
Carhsp1,CARHSP1
Pls3,PLS3
Cenpe,CENPE
Msh2,MSH2
Pla2g6,PLA2G6
Cav1,CAV1
Msrb3,MSRB3
Dbr1,DBR1
Aimp2,AIMP2
Pim1,PIM1
Sf1,SF1
Rsad1,RSAD1
Tnrc6a,TNRC6A
Tdh,TDH
Nipa1,NIPA1
Sfmbt1,SFMBT1
Kptn,KPTN
Rnf130,RNF130
Klhl13,KLHL13
Gnl2,GNL2
Stat3,STAT3
Dck,DCK
Rsrp1,RSRP1
Pigc,PIGC
Sppl2b,SPPL2B
Arid3b,ARID3B
Mypn,MYPN
Plekhm1,PLEKHM1
Ndfip1,NDFIP1
Rassf1,RASSF1
Det1,DET1
Supv3l1,SUPV3L1
Taf13,TAF13
Trappc10,TRAPPC10
Faxdc2,FAXDC2
Ccdc24,CCDC24
Golga7,GOLGA7
Hbs1l,HBS1L
Farp2,FARP2
Ipo9,IPO9
Rbm5,RBM5
Dazap2,DAZAP2
Ercc3,ERCC3
Mgat4b,MGAT4B
Tsnaxip1,TSNAXIP1
Mospd1,MOSPD1
Mus81,MUS81
Eif2s2,EIF2S2
Cldn12,CLDN12
Hmga2,HMGA2
Poli,POLI
Dhodh,DHODH
Fezf1,FEZF1
Crim1,CRIM1
Clic1,CLIC1
Hdac6,HDAC6
Atxn2l,ATXN2L
Eif4e3,EIF4E3
Cops3,COPS3
Taldo1,TALDO1
Gosr2,GOSR2
Slc25a16,SLC25A16
Fam234b,FAM234B
Mospd2,MOSPD2
Trappc5,TRAPPC5
Aup1,AUP1
Arl11,ARL11
Taf5,TAF5
Dctn3,DCTN3
Hectd3,HECTD3
Irf2bpl,IRF2BPL
Pink1,PINK1
Ndor1,NDOR1
Aph1b,APH1B
Prpf38b,PRPF38B
Tmem115,TMEM115
Urod,UROD
Actr6,ACTR6
Gtf2b,GTF2B
Rras2,RRAS2
Txndc12,TXNDC12
Tcp11l2,TCP11L2
Sephs1,SEPHS1
Zswim8,ZSWIM8
Sgcd,SGCD
Trp53bp1,TP53BP1
Txlng,TXLNG
E2f3,E2F3
Lonp2,LONP2
Cav2,CAV2
Fam107b,FAM107B
Gdpgp1,GDPGP1
Rabif,RABIF
Sdf2l1,SDF2L1
Tbc1d17,TBC1D17
Slc39a9,SLC39A9
Pomk,POMK
Tbc1d12,TBC1D12
Ell,ELL
Glt8d1,GLT8D1
Usp13,USP13
Olig2,OLIG2
Nsun2,NSUN2
Triml1,TRIML1
Pcbp4,PCBP4
Rragb,RRAGB
Rraga,RRAGA
Fbxw2,FBXW2
Smtnl2,SMTNL2
Gskip,GSKIP
Med28,MED28
Slc39a5,SLC39A5
Usp16,USP16
Gnptg,GNPTG
Fbxo9,FBXO9
Slc39a3,SLC39A3
Trim44,TRIM44
Polr1b,POLR1B
Atf1,ATF1
Pdik1l,PDIK1L
Brd7,BRD7
Zfp185,ZNF185
Ppp1r15a,PPP1R15A
Wdr24,WDR24
Spg21,SPG21
Ankra2,ANKRA2
Mmp15,MMP15
Sltm,SLTM
Uros,UROS
Gemin8,GEMIN8
Fbxw5,FBXW5
Slc26a11,SLC26A11
Chaf1a,CHAF1A
Mynn,MYNN
Pklr,PKLR
Cbl,CBL
Tex10,TEX10
Asb8,ASB8
Btbd9,BTBD9
Ctdspl,CTDSPL
Hdac8,HDAC8
Usp36,USP36
Zfp60,ZNF780A
Zfp112,ZNF112
Hdac10,HDAC10
Ppp1r3b,PPP1R3B
Bckdha,BCKDHA
Cndp2,CNDP2
Stxbp6,STXBP6
Nasp,NASP
Klhl11,KLHL11
Gbp5,GBP5
Zbtb20,ZBTB20
Ttpa,TTPA
Tm4sf5,TM4SF5
Plxna4,PLXNA4
Eif4a2,EIF4A2
Slc13a2,SLC13A2
Slc38a4,SLC38A4
Helz,HELZ
Dhdds,DHDDS
Zbtb14,ZBTB14
Pgk2,PGK2
Pgk1,PGK1
Scrn3,SCRN3
1700025G04Rik,C1orf21
Rtn3,RTN3
Mta2,MTA2
Foxj3,FOXJ3
Tmem184a,TMEM184A
Slc25a33,SLC25A33
Trmt9b,TRMT9B
Ss18,SS18
Ets2,ETS2
Psma4,PSMA4
Ssr4,SSR4
Canx,CANX
Med26,MED26
Sgsh,SGSH
Vrk1,VRK1
Lrrc42,LRRC42
Rnft1,RNFT1
Ccdc28a,CCDC28A
Rabac1,RABAC1
Actr8,ACTR8
Psmc4,PSMC4
Flcn,FLCN
Invs,INVS
Nudt5,NUDT5
Scamp2,SCAMP2
Lsm2,LSM2
Poll,POLL
Cnot8,CNOT8
Rab28,RAB28
Cdc20,CDC20
Rprd1a,RPRD1A
Slc30a8,SLC30A8
N4bp1,N4BP1
Qrsl1,QRSL1
Psmd7,PSMD7
Slc30a5,SLC30A5
Srp72,SRP72
Ttyh2,TTYH2
Mtmr6,MTMR6
Dusp16,DUSP16
Tnfaip1,TNFAIP1
Kcnd3,KCND3
Slc30a7,SLC30A7
Rnf41,RNF41
Gpd1l,GPD1L
Runx1t1,RUNX1T1
Rpa1,RPA1
Mthfd2l,MTHFD2L
Prpsap2,PRPSAP2
Tgds,TGDS
Sf3a3,SF3A3
Rhoq,RHOQ
Eif3a,EIF3A
Gkap1,GKAP1
Tlk2,TLK2
Ints12,INTS12
Klhl18,KLHL18
Pmpca,PMPCA
Chp2,CHP2
Tm9sf2,TM9SF2
Eftud2,EFTUD2
Lrpap1,LRPAP1
Ndel1,NDEL1
Cebpz,CEBPZ
Pla1a,PLA1A
Gucd1,GUCD1
Npepl1,NPEPL1
Trmt5,TRMT5
Wtap,WTAP
Rnf146,RNF146
Itgb5,ITGB5
Hsd11b2,HSD11B2
Tmem117,TMEM117
Usp25,USP25
Ttc5,TTC5
Ube2q2,UBE2Q2
Rap2b,RAP2B
Kif20a,KIF20A
Ythdf3,YTHDF3
Mat1a,MAT1A
Ldhd,LDHD
Fyb2,FYB2
Pls1,PLS1
Arhgef10,ARHGEF10
Ddx23,DDX23
Actr5,ACTR5
Msto1,MSTO1
Ppil4,PPIL4
Cuedc2,CUEDC2
Nol6,NOL6
Ecd,ECD
Klhl12,KLHL12
Tmem59l,TMEM59L
Plrg1,PLRG1
Foxk1,FOXK1
Rftn2,RFTN2
S100z,S100Z
Akap9,AKAP9
Dync2h1,DYNC2H1
Syt4,SYT4
Fahd1,FAHD1
Ptrh2,PTRH2
Ift80,IFT80
Fez1,FEZ1
Fbxo42,FBXO42
Bbox1,BBOX1
Dr1,DR1
Ccdc124,CCDC124
Ppt1,PPT1
Uchl5,UCHL5
Fgfr1op2,FGFR1OP2
Dzank1,DZANK1
Mavs,MAVS
Sdhaf2,SDHAF2
Cdc50b,CDC50B
Katnb1,KATNB1
Chic1,CHIC1
Arfgap1,ARFGAP1
Anp32-ps,ANP32D
Lyrm1,LYRM1
Adam23,ADAM23
Dusp2,DUSP2
Camk4,CAMK4
Rdh12,RDH12
Rdh11,RDH11
Carnmt1,CARNMT1
Rufy2,RUFY2
Dnajb3,DNAJB3P
Dnajb7,DNAJB7
Dnajb8,DNAJB8
Stmn4,STMN4
Sbf1,SBF1
Glod4,GLOD4
Mrps18b,MRPS18B
Ttc7b,TTC7B
Mdh2,MDH2
Tango2,TANGO2
Trim36,TRIM36
Cox7c,COX7C
Glipr2,GLIPR2
6430548M08Rik,KIAA0513
Nmnat2,NMNAT2
Vamp2,VAMP2
Rhag,RHAG
5730455P16Rik,C17orf75
Hbp1,HBP1
Ak5,AK5
Got1,GOT1
Rilpl1,RILPL1
Ppp1r11,PPP1R11
Cwc15,CWC15
Nek7,NEK7
Taok2,TAOK2
Khk,KHK
Ripk4,RIPK4
Ctsz,CTSZ
Rnf13,RNF13
Mtmr11,MTMR11
Rnf113a1,RNF113A
Setx,SETX
Zfp592,ZNF592
Rps6ka6,RPS6KA6
Mcrs1,MCRS1
Slc35b1,SLC35B1
Sulf1,SULF1
Klc3,KLC3
Psma8,PSMA8
Psma7,PSMA7
Baiap2,BAIAP2
Alg5,ALG5
Aebp2,AEBP2
Wdr5b,WDR5B
Wdr5,WDR5
Polr2c,POLR2C
Lrrc28,LRRC28
Zdhhc2,ZDHHC2
Srprb,SRPRB
Rab39a,RAB39A
Rab42,RAB42
Usp14,USP14
Fndc3a,FNDC3A
Capzb,CAPZB
Spry2,SPRY2
Mreg,MREG
Tbk1,TBK1
Srd5a2,SRD5A2
Hsh2d,HSH2D
Ca6,CA6
Setdb2,SETDB2
Tpgs1,TPGS1
Syvn1,SYVN1
Xrn1,XRN1
Arpc1a,ARPC1A
Cdk8,CDK8
Mecp2,MECP2
Bmp3,BMP3
Fosl2,FOSL2
Slc35a1,SLC35A1
Irf7,IRF7
Pkig,PKIG
Ndufv3,NDUFV3
Nrg1,NRG1
Ftcd,FTCD
Trpv4,TRPV4
Nup54,NUP54
Cryz,CRYZ
Eml2,EML2
Amph,AMPH
Barhl2,BARHL2
Mrpl19,MRPL19
Ube2g2,UBE2G2
Erbb2,ERBB2
Phex,PHEX
Phf10,PHF10
Necab1,NECAB1
Xcr1,XCR1
Xkr5,XKR5
Ercc2,ERCC2
Atp23,ATP23
Ythdf2,YTHDF2
Hoxa5,HOXA5
Otud7b,OTUD7B
Ahi1,AHI1
Neurod4,NEUROD4
Atoh8,ATOH8
Zbtb45,ZBTB45
Unk,UNK
Zc3h4,ZC3H4
Slc18b1,SLC18B1
Ccdc88c,CCDC88C
Zdhhc16,ZDHHC16
Nfilz,NFILZ
Hsd17b1,HSD17B1
Ccr7,CCR7
Hsf2,HSF2
Oprk1,OPRK1
Oprm1,OPRM1
Fmr1,FMR1
Pglyrp2,PGLYRP2
Tas1r1,TAS1R1
Tas1r3,TAS1R3
Crtc3,CRTC3
Zfand1,ZFAND1
Pef1,PEF1
Bet1l,BET1L
Ufc1,UFC1
Lamtor2,LAMTOR2
Alg6,ALG6
Tmem144,TMEM144
Thoc3,THOC3
Hook3,HOOK3
Rbms2,RBMS2
Yeats4,YEATS4
Nudcd2,NUDCD2
Scgn,SCGN
Sfxn1,SFXN1
Bag3,BAG3
Fam151b,FAM151B
Bola3,BOLA3
Negr1,NEGR1
Traip,TRAIP
Immp2l,IMMP2L
Rab30,RAB30
Sh3bgr,SH3BGR
Tmf1,TMF1
Fkbp9,FKBP9
Pltp,PLTP
Chst1,CHST1
Fbxo25,FBXO25
Ndufa3,NDUFA3
Babam1,BABAM1
Hnmt,HNMT
Nkain4,NKAIN4
Ube2b,UBE2B
Fnbp1l,FNBP1L
Sgcg,SGCG
Impa1,IMPA1
Gpn1,GPN1
Wdr54,WDR54
Emp2,EMP2
Me2,ME2
Diaph3,DIAPH3
Tk2,TK2
Ypel1,YPEL1
Mphosph6,MPHOSPH6
Trappc1,TRAPPC1
Mrps27,MRPS27
Rnpep,RNPEP
Srek1,SREK1
Hspbap1,HSPBAP1
Nicn1,NICN1
Cdkl1,CDKL1
Trappc3,TRAPPC3
Trappc3l,TRAPPC3L
Fam120b,FAM120B
Gcc1,GCC1
Tmem18,TMEM18
Rab4b,RAB4B
Mnd1,MND1
Dpm1,DPM1
Zmat5,ZMAT5
Tmem223,TMEM223
Cks1b,CKS1B
Arf4,ARF4
Cep57l1,CEP57L1
Ccdc12,CCDC12
Mfsd6l,MFSD6L
Lpar2,LPAR2
Commd7,COMMD7
Fam199x,FAM199X
Nudt4,NUDT4
Pibf1,PIBF1
Rnf114,RNF114
Fbp2,FBP2
Surf2,SURF2
Lcmt1,LCMT1
Asb1,ASB1
Lctl,LCTL
Nxph1,NXPH1
Ctu2,CTU2
Bola1,BOLA1
Tmem230,TMEM230
Tcf25,TCF25
Commd5,COMMD5
Lsm1,LSM1
Lrrc1,LRRC1
Reep6,REEP6
Kcnip1,KCNIP1
Galk1,GALK1
Rundc3b,RUNDC3B
Csnk1g1,CSNK1G1
Bub3,BUB3
Arsa,ARSA
Cpped1,CPPED1
Ilrun,ILRUN
Snf8,SNF8
Dolpp1,DOLPP1
Ythdc1,YTHDC1
Cyb561d2,CYB561D2
Fubp3,FUBP3
Mnat1,MNAT1
Baz2a,BAZ2A
Cdk5,CDK5
Thg1l,THG1L
Dera,DERA
Bora,BORA
Stx17,STX17
Thoc6,THOC6
Scp2d1,SCP2D1
Cdadc1,CDADC1
Alg14,ALG14
Spdya,SPDYA
Nit1,NIT1
Fn3krp,FN3KRP
Fn3k,FN3K
Dhcr24,DHCR24
Phyhd1,PHYHD1
Bmp2k,BMP2K
Ormdl3,ORMDL3
Slc37a1,SLC37A1
Haus5,HAUS5
Shld3,SHLD3
Gins1,GINS1
Ap1s3,AP1S3
Tbc1d22a,TBC1D22A
Tpk1,TPK1
Angptl7,ANGPTL7
Acot8,ACOT8
Tlcd1,TLCD1
Katnal1,KATNAL1
Cadm4,CADM4
Nsun4,NSUN4
Nudt22,NUDT22
Ech1,ECH1
Ccpg1,CCPG1
Cradd,CRADD
Nxnl2,NXNL2
Pih1d2,PIH1D2
Svopl,SVOPL
Dusp14,DUSP14
Xkrx,XKRX
Rbm41,RBM41
Wdfy1,WDFY1
Trip10,TRIP10
Lrrc23,LRRC23
Anxa9,ANXA9
Pacrg,PACRG
Spic,SPIC
Tmprss2,TMPRSS2
Dram1,DRAM1
Styxl1,STYXL1
Cmss1,CMSS1
Def8,DEF8
Dhtkd1,DHTKD1
Emx1,EMX1
Fkbp2,FKBP2
Tectb,TECTB
Cnih2,CNIH2
Uxt,UXT
Tprkb,TPRKB
Gsto2,GSTO2
Lypd6,LYPD6
Islr2,ISLR2
Islr,ISLR
Cutc,CUTC
Acot7,ACOT7
Cited2,CITED2
Cd151,CD151
Hspb7,HSPB7
Pcnp,PCNP
Nexn,NEXN
Raly,RALY
Adprhl1,ADPRHL1
Rnf24,RNF24
Trappc6b,TRAPPC6B
Fhl2,FHL2
Slc25a44,SLC25A44
Mvk,MVK
Map2,MAP2
Csad,CSAD
Smyd5,SMYD5
Scamp3,SCAMP3
Armc1,ARMC1
Rlig1,RLIG1
Ccnd3,CCND3
Samm50,SAMM50
Mpv17l2,MPV17L2
Spire2,SPIRE2
Dscc1,DSCC1
C1d,C1D
Polr2i,POLR2I
Arhgef39,ARHGEF39
Pex10,PEX10
Rpia,RPIA
Ap1m2,AP1M2
Myd88,MYD88
Mettl8,METTL8
Mrpl17,MRPL17
Pex7,PEX7
Neil3,NEIL3
Cdc42ep2,CDC42EP2
Pced1b,PCED1B
Pced1a,PCED1A
Tmem248,TMEM248
Yif1b,YIF1B
Rdm1,RDM1
Asrgl1,ASRGL1
Sumf2,SUMF2
Fbln5,FBLN5
Saa4,SAA4
Ttr,TTR
Haao,HAAO
Cox6a2,COX6A2
C1qc,C1QC
Ttc36,TTC36
Tm7sf2,TM7SF2
Apip,APIP
Stam2,STAM2
Mettl1,METTL1
Uck1,UCK1
Cope,COPE
Prrg1,PRRG1
Arl2,ARL2
Impact,IMPACT
Cdh6,CDH6
Ift20,IFT20
AI837181,C11orf68
Adra1b,ADRA1B
Slc7a2,SLC7A2
Steep1,STEEP1
Lrrc20,LRRC20
Aspdh,ASPDH
Crip1,CRIP1
Phlda1,PHLDA1
Bfsp2,BFSP2
Mrpl53,MRPL53
Hint1,HINT1
Cox17,COX17
Commd3,COMMD3
Ndufs6,NDUFS6
Pitx3,PITX3
Fancg,FANCG
Mtx3,MTX3
Nit2,NIT2
Vti1a,VTI1A
Nsmce4a,NSMCE4A
Eid3,EID3
Tmem127,TMEM127
C1qa,C1QA
Rcl1,RCL1
Tsen54,TSEN54
Ctbs,CTBS
Mrpl13,MRPL13
Rtbdn,RTBDN
Polr2b,POLR2B
Lrit2,LRIT2
Pcbp3,PCBP3
Phactr3,PHACTR3
Ints2,INTS2
Cabp5,CABP5
Cryba4,CRYBA4
Wbp2,WBP2
Atp6v0e2,ATP6V0E2
Irx6,IRX6
Neu4,NEU4
Tpd52l1,TPD52L1
Pin4,PIN4
Gsr,GSR
Ovca2,OVCA2
Pcyt1a,PCYT1A
Srrm2,SRRM2
Mrps17,MRPS17
Echdc1,ECHDC1
Spring1,SPRING1
Zbtb8b,ZBTB8B
Tmem11,TMEM11
Chodl,CHODL
Noxa1,NOXA1
Hikeshi,HIKESHI
Dpf1,DPF1
Aspscr1,ASPSCR1
Reep2,REEP2
Gfra1,GFRA1
Slc35e4,SLC35E4
Faim2,FAIM2
Cbx7,CBX7
Mecr,MECR
Rgs16,RGS16
Actl6b,ACTL6B
Trh,TRH
Chmp4c,CHMP4C
Nudt18,NUDT18
Rasl11a,RASL11A
Hddc3,HDDC3
Gm2a,GM2A
Ctns,CTNS
Impa2,IMPA2
Phyh,PHYH
Gabra4,GABRA4
Alad,ALAD
Slc38a11,SLC38A11
Dctd,DCTD
Fign,FIGN
Asb6,ASB6
Prrg4,PRRG4
Asb4,ASB4
Pcyox1,PCYOX1
Gstcd,GSTCD
Cdk10,CDK10
Tmem256,TMEM256
Lypla1,LYPLA1
Rab23,RAB23
Fam131c,FAM131C
Jmjd7,JMJD7
Rhbdd1,RHBDD1
Abhd4,ABHD4
Klhl36,KLHL36
Acer1,ACER1
Fcf1,FCF1
Polr2h,POLR2H
Dnaaf2,DNAAF2
Mrps33,MRPS33
Cox16,COX16
Spata6,SPATA6
Rfc5,RFC5
Gng8,GNG8
Efcab11,EFCAB11
Bdh2,BDH2
Ssbp1,SSBP1
Hdhd2,HDHD2
Pole4,POLE4
Zfp750,ZNF750
Capsl,CAPSL
Iglon5,IGLON5
Nip7,NIP7
Plgrkt,PLGRKT
Lactb,LACTB
Tmem128,TMEM128
Derl2,DERL2
Dnajb9,DNAJB9
Phlda2,PHLDA2
Necap2,NECAP2
Wif1,WIF1
Slc29a2,SLC29A2
Mettl21a,METTL21A
Rnf152,RNF152
Qtman,QTMAN
B4galt7,B4GALT7
Foxn2,FOXN2
Trim13,TRIM13
Gtf2a2,GTF2A2
Schip1,SCHIP1
Iqschfp,IQCJ-SCHIP1
Pop4,POP4
Gdi1,GDI1
Ei24,EI24
Commd10,COMMD10
Phkg1,PHKG1
Tmem120b,TMEM120B
Gmpr,GMPR
Recql,RECQL
Chrna5,CHRNA5
Crot,CROT
Med4,MED4
Trmt112,TRMT112
Barx1,BARX1
Anapc16,ANAPC16
Tma16,TMA16
Mrps7,MRPS7
Itprip,ITPRIP
Shisa4,SHISA4
Gnpda1,GNPDA1
Fpgt,FPGT
Spin4,SPIN4
Dph1,DPH1
Oard1,OARD1
Mrps25,MRPS25
Exosc7,EXOSC7
Ankrd49,ANKRD49
Eif3k,EIF3K
Pmpcb,PMPCB
Abhd18,ABHD18
Pfdn1,PFDN1
Fbxl22,FBXL22
Gnb1l,GNB1L
Cog8,COG8
Vps33b,VPS33B
Rfc2,RFC2
Man2b1,MAN2B1
Glb1,GLB1
Hibch,HIBCH
Polr1h,POLR1H
Ercc5,ERCC5
Wars2,WARS2
Bscl2,BSCL2
Thap3,THAP3
Spata4,SPATA4
Ptn,PTN
Nup205,NUP205
B4galt1,B4GALT1
Pdcd7,PDCD7
Ints8,INTS8
Il1b,IL1B
Slc25a19,SLC25A19
Tal2,TAL2
Tekt2,TEKT2
Slit3,SLIT3
Rab12,RAB12
Nanp,NANP
Banp,BANP
Ndufs5,NDUFS5
Atg4a-ps,ATG4A
Homer2,HOMER2
Arl6ip4,ARL6IP4
Bloc1s2,BLOC1S2
Cnot6l,CNOT6L
Eri2,ERI2
Osr2,OSR2
Dapp1,DAPP1
Snrnp25,SNRNP25
Cyb5d1,CYB5D1
Galnt7,GALNT7
Tmed8,TMED8
Cib1,CIB1
Rhod,RHOD
Rhof,RHOF
Nudt12,NUDT12
Fam221a,FAM221A
Triap1,TRIAP1
Wdr38,WDR38
Morn5,MORN5
Gpr157,GPR157
Cysltr1,CYSLTR1
Syt13,SYT13
Gosr1,GOSR1
Dnajc28,DNAJC28
Wdr73,WDR73
Cops6,COPS6
Hexa,HEXA
Mrpl30,MRPL30
Grap2,GRAP2
Ss18l2,SS18L2
Tmem243,TMEM243
Rfesd,RFESD
Cldn19,CLDN19
Pecr,PECR
Lpcat2b,LPCAT2BP
Lpcat2,LPCAT2
Pbld2,PBLD
Mppe1,MPPE1
Raver1,RAVER1
Setd4,SETD4
Gda,GDA
Ndufs4,NDUFS4
Srp14,SRP14
Itgbl1,ITGBL1
Polr2l,POLR2L
Glod5,GLOD5
Prdx5,PRDX5
Mrpl27,MRPL27
Stx18,STX18
Mrps24,MRPS24
Snrnp35,SNRNP35
Ndufa2,NDUFA2
Igsf21,IGSF21
Mcee,MCEE
B3galnt2,B3GALNT2
Coro7,CORO7
Vkorc1l1,VKORC1L1
Mrpl41,MRPL41
Wbp4,WBP4
Stk16,STK16
Gtpbp3,GTPBP3
Alg3,ALG3
Rad52,RAD52
Ptcd2,PTCD2
Ascc1,ASCC1
Psph,PSPH
Snx30,SNX30
Frg1,FRG1
Ccs,CCS
Leprot,LEPROT
Zbtb8os,TSLIG1
Stard4,STARD4
Ppie,PPIE
Nsdhl,NSDHL
Irak1bp1,IRAK1BP1
Fbxo3,FBXO3
Cpb2,CPB2
Polr1e,POLR1E
Eed,EED
Dhrs7b,DHRS7B
Pdrg1,PDRG1
Ndufs3,NDUFS3
Znhit1,ZNHIT1
Mrpl10,MRPL10
Hspb2,HSPB2
Dusp22,DUSP22
Ptrh1,PTRH1
Agtr2,AGTR2
Rmnd1,RMND1
Pim3,PIM3
Abcb8,ABCB8
Ppp1r13l,PPP1R13L
C1qtnf1,C1QTNF1
Cdcp1,CDCP1
Sh3d19,SH3D19
Cap2,CAP2
Mtrf1,MTRF1
Ptpn18,PTPN18
Fsip1,FSIP1
Rtel1,RTEL1
Arfrp1,ARFRP1
Snx13,SNX13
Trpt1,TRPT1
Rbbp8,RBBP8
Chtf18,CHTF18
Fam241a,FAM241A
Fam219b,FAM219B
Ttc14,TTC14
Tcp11l1,TCP11L1
Morn4,MORN4
Enpp4,ENPP4
Sertad3,SERTAD3
Sertad1,SERTAD1
Hsf4,HSF4
Nalcn,NALCN
Ankrd13b,ANKRD13B
Mfsd11,MFSD11
Etnk2,ETNK2
Sugct,SUGCT
Dgat2,DGAT2
Astn1,ASTN1
Ccdc174,CCDC174
Bmp6,BMP6
Smg5,SMG5
Gstz1,GSTZ1
Rps29,RPS29
Atg14,ATG14
Gsg1l,GSG1L
Smim19,SMIM19
Agfg2,AGFG2
Ccdc22,CCDC22
Ube2s,UBE2S
Dusp12,DUSP12
Tsnax,TSNAX
Pex11g,PEX11G
Rab33b,RAB33B
Dcbld1,DCBLD1
Ergic1,ERGIC1
Slc25a29,SLC25A29
Rnf11,RNF11
Fbxl18,FBXL18
Zmat1,ZMAT1
Tor2a,TOR2A
Mrpl44,MRPL44
Bag5,BAG5
Ccdc77,CCDC77
Nudt17,NUDT17
Ccnh,CCNH
Rab27a,RAB27A
Snx24,SNX24
Idi1,IDI1
Pdf,PDF
Tmem106b,TMEM106B
Aasdhppt,AASDHPPT
Miox,MIOX
Borcs7,BORCS7
Ndufa5,NDUFA5
Bmerb1,BMERB1
Acbd7,ACBD7
E4f1,E4F1
Crygn,CRYGN
Tlr3,TLR3
Phykpl,PHYKPL
Dzip1l,DZIP1L
Srek1ip1,SREK1IP1
Gdf9,GDF9
Numbl,NUMBL
Tfr2,TFR2
Tbce,TBCE
Pm20d1,PM20D1
Gamt,GAMT
Cenpm,CENPM
Ca14,CA14
Trmt6,TRMT6
Tamm41,TAMM41
Sox14,SOX14
Smyd3,SMYD3
Gpr55,GPR55
Ltap1,LTAP1
Tmem150b,TMEM150B
Ppil1,PPIL1
Txnl4b,TXNL4B
Sppl2a,SPPL2A
Eefsec,EEFSEC
Dcdc2b,DCDC2B
Dcdc2a,DCDC2
Ccdc92,CCDC92
Exo5,EXO5
Primpol,PRIMPOL
Thnsl2,THNSL2
Mnmip1,MNMIP1
Abhd13,ABHD13
Snx2,SNX2
Rpl22,RPL22
Naga,NAGA
Nubp2,NUBP2
Golph3l,GOLPH3L
Katnal2,KATNAL2
Myef2,MYEF2
Grpel1,GRPEL1
Itgav,ITGAV
Cyp1b1,CYP1B1
Nrl,NRL
Usp51,USP51
Usp27x,USP27X
Usp22,USP22
Elovl2,ELOVL2
Emg1,EMG1
Pou2f3,POU2F3
Luc7l3,LUC7L3
Krr1,KRR1
Mcph1,MCPH1
Nrap,NRAP
Xkr9,XKR9
St6gal1,ST6GAL1
Sumf1,SUMF1
Pold3,POLD3
Apaf1,APAF1
Abi2,ABI2
Qng1,QNG1
Mgst2,MGST2
Foxn3,FOXN3
Cadm3,CADM3
Thap1,THAP1
Hoxb13,HOXB13
Dmc1,DMC1
Tchp,TCHP
Cd8a,CD8A
Myoc,MYOC
Mfng,MFNG
Egfl7,EGFL7
Egfl8,EGFL8
Dmrt1,DMRT1
Lck,LCK
Ppih,PPIH
Rag2,RAG2
Asb16,ASB16
Dgka,DGKA
Ccdc93,CCDC93
Hyal1,HYAL1
Pcgf5,PCGF5
St7,ST7
Hormad2,HORMAD2
Sult4a1,SULT4A1
Gipc3,GIPC3
Ttll8,TTLL8
Ttll3,TTLL3
Fbxo8,FBXO8
Mob2,MOB2
Brat1,BRAT1
Avil,AVIL
Rell2,RELL2
Cog4,COG4
Sptssb,SPTSSB
Zbtb8a,ZBTB8A
Kctd7,KCTD7
Rec8,REC8
Slc43a3,SLC43A3
Ormdl2,ORMDL2
Ing1,ING1
Lipt2,LIPT2
Olah,OLAH
As3mt,AS3MT
Zdhhc9,ZDHHC9
Rpl32,RPL32
Hnrnph3,HNRNPH3
Mycbp,MYCBP
Ehf,EHF
Pitx1,PITX1
Hal,HAL
Gmfg,GMFG
Mtfmt,MTFMT
Fut7,FUT7
Dnajc1,DNAJC1
Tmx3,TMX3
Znrf2,ZNRF2
Uggt1,UGGT1
Trappc2b,TRAPPC2
Cog7,COG7
Cfap126,CFAP126
Znhit2,ZNHIT2
Pigs,PIGS
Tsga10,TSGA10
Ppp1r26,PPP1R26
Bbs4,BBS4
Mrps28,MRPS28
Hps3,HPS3
Smg1,SMG1
Syne4,SYNE4
Gem,GEM
Fam168a,FAM168A
Arsk,ARSK
Dpep1,DPEP1
Esm1,ESM1
Dhrs11,DHRS11
Hlf,HLF
Slc25a38,SLC25A38
Abhd12b,ABHD12B
Orc2,ORC2
Rnf32,RNF32
Senp8,SENP8
Blvra,BLVRA
Tank,TANK
Nudt8,NUDT8
Catip,CATIP
Morn2,MORN2
Vsir,VSIR
Nxt2,NXT2
Nxt1,NXT1
Me1,ME1
Tefm,TEFM
Tmem229b,TMEM229B
Rnf44,RNF44
Rabggta,RABGGTA
Actmap,ACTMAP
Amn1,AMN1
Tmem86b,TMEM86B
Ctc1,CTC1
Dcakd,DCAKD
Ccdc61,CCDC61
Mrps9,MRPS9
Cox7a1,COX7A1
Nucb1,NUCB1
Foxred2,FOXRED2
Nars2,NARS2
Snap47,SNAP47
Tssc4,TSSC4
Nat14,NAT14
Ppm1l,PPM1L
St6galnac4,ST6GALNAC4
Uhmk1,UHMK1
Rfx3,RFX3
Ears2,EARS2
Rpain,RPAIN
Btc,BTC
Pick1,PICK1
Arl9,ARL9
Krtcap2,KRTCAP2
Kctd2,KCTD2
Asb10,ASB10
Ccdc34,CCDC34
Lysmd1,LYSMD1
Rcsd1,RCSD1
Slc25a42,SLC25A42
Rnf225,RNF225
Rnf183,RNF183
Tmem88,TMEM88
Coxfa4l3,COXFA4L3
Mrpl32,MRPL32
Btd,BTD
Llgl1,LLGL1
Nipsnap1,NIPSNAP1
Trmt10b,TRMT10B
Glyctk,GLYCTK
Ino80b,INO80B
Vrtn,VRTN
Tmem106c,TMEM106C
Agmat,AGMAT
Snx21,SNX21
Tfam,TFAM
Tmem44,TMEM44
Wdr74,WDR74
Abhd12,ABHD12
Ccnb3,CCNB3
Samd13,SAMD13
Mrpl21,MRPL21
Coq6,COQ6
Utp18,UTP18
Ddx28,DDX28
Slc25a21,SLC25A21
Mrps6,MRPS6
Pex11b,PEX11B
Coa5,COA5
Hebp1,HEBP1
Dpcd,DPCD
Rnf182,RNF182
Mrpl18,MRPL18
Kctd13,KCTD13
Cuedc1,CUEDC1
Anapc15,ANAPC15
N4bp2,N4BP2
Zglp1,ZGLP1
Trim23,TRIM23
Abcd4,ABCD4
Ppp1r35,PPP1R35
Asphd2,ASPHD2
Snai3,SNAI3
Ttll11,TTLL11
Iba57,IBA57
Commd4,COMMD4
Gabra1,GABRA1
Cntn4,CNTN4
Khdrbs2,KHDRBS2
Avl9,AVL9
Hspa12a,HSPA12A
Tspan14,TSPAN14
Wnt9a,WNT9A
Prkar1b,PRKAR1B
Zfp523,ZNF76
Dnajb14,DNAJB14
Ubxn10,UBXN10
Mrps14,MRPS14
Pter,PTER
Mrpl35,MRPL35
Frmd7,FRMD7
Ppm1h,PPM1H
Mrps5,MRPS5
Nxf3,NXF3
Josd1,JOSD1
Rbms3,RBMS3
Isoc1,ISOC1
Rab33a,RAB33A
Spa17,SPA17
Cdk4,CDK4
Pomt1,POMT1
Tusc2,TUSC2
Srrd,SRRD
Clcn4,CLCN4
Srd5a1,SRD5A1
Slc27a6,SLC27A6
Gpr146,GPR146
Rab43,RAB43
Tmppe,TMPPE
Os9,OS9
Pds5a,PDS5A
Rgs18,RGS18
Xaf1,XAF1
Cep44,CEP44
Rap1gap2,RAP1GAP2
Vps4a,VPS4A
Atf6b,ATF6B
Mtmr2,MTMR2
Acap1,ACAP1
Larp4b,LARP4B
Mdh1b,MDH1B
Armc7,ARMC7
Mbnl1,MBNL1
Dalrd3,DALRD3
Trim3,TRIM3
Eno4,ENO4
Jmjd4,JMJD4
Zfp362,ZNF362
Hsd17b7,HSD17B7
Agpat2,AGPAT2
Agpat1,AGPAT1
Stpg2,STPG2
Ndufaf7,NDUFAF7
Vps37c,VPS37C
Pros1,PROS1
Gnl1,GNL1
Rad21l,RAD21L1
Dcun1d3,DCUN1D3
Ipcef1,IPCEF1
Ggact,GGACT
Rab21,RAB21
Csk,CSK
Tada2a,TADA2A
Tsen2,TSEN2
Exd1,EXD1
Osbpl9,OSBPL9
Atp8a1,ATP8A1
Alkbh5,ALKBH5
Ferry3,FERRY3
Gabpb1,GABPB1
Wdsub1,WDSUB1
Mov10l1,MOV10L1
Dhrs7l,DHRS7
Slc38a9,SLC38A9
Zc3hc1,ZC3HC1
Gtf2a1l,GTF2A1L
Fancc,FANCC
Ptpro,PTPRO
Tbx15,TBX15
Fxn,FXN
Dnlz,DNLZ
Rab36,RAB36
Ids,IDS
Palm3,PALM3
Shq1,SHQ1
Dele1,DELE1
Leng8,LENG8
Klhl8,KLHL8
Nfkbie,NFKBIE
Creg1,CREG1
Filip1l,FILIP1L
Lancl2,LANCL2
Shisa3,SHISA3
St8sia1,ST8SIA1
Echdc3,ECHDC3
Sowahc,SOWAHC
Fbxl7,FBXL7
Mapkapk3,MAPKAPK3
Tesk2,TESK2
Strn,STRN
Epc1,EPC1
Zfp276,ZNF276
Srebf2,SREBF2
Mansc1,MANSC1
Fbxl19,FBXL19
Fam98b,TSLIG3B
Galns,GALNS
Rps6ka3,RPS6KA3
A430005L14Rik,C1orf174
Slc16a4,SLC16A4
Sytl4,SYTL4
Rabep2,RABEP2
Zdhhc21,ZDHHC21
G6pc3,G6PC3
Tsfm,TSFM
Pde8a,PDE8A
Sh2b1,SH2B1
Mbd5,MBD5
Zbtb49,ZBTB49
Erich3,ERICH3
Dis3l,DIS3L
Plbd2,PLBD2
Tmem266,TMEM266
Hyal6,HYAL6P
Slc45a1,SLC45A1
R3hdm4,R3HDM4
Ubac2,UBAC2
Cep57,CEP57
Ttll7,TTLL7
Engase,ENGASE
Fam149b,FAM149B1
Sfxn3,SFXN3
D2hgdh,D2HGDH
Pank2,PANK2
Wfdc1,WFDC1
Tmem98,TMEM98
Atg9a,ATG9A
Pdk3,PDK3
Slc25a2,SLC25A2
Elmod1,ELMOD1
Mrps2,MRPS2
Sirt3,SIRT3
Bckdhb,BCKDHB
Mto1,MTO1
Hip1r,HIP1R
Gripap1,GRIPAP1
Galt,GALT
Rnf126,RNF126
Cd226,CD226
Actr3b,ACTR3B
Dhx35,DHX35
Crym,CRYM
Them4,THEM4
Them5,THEM5
Ate1,ATE1
Ogg1,OGG1
Tmem205,TMEM205
Gpatch3,GPATCH3
Klhl32,KLHL32
Ccdc170,CCDC170
Atg9b,ATG9B
M1ap,M1AP
Ube4a,UBE4A
Micu1,MICU1
Rasgrp3,RASGRP3
Ube2j2,UBE2J2
Rragd,RRAGD
Cox19,COX19
Prss8,PRSS8
Neurl2,NEURL2
Adrb2,ADRB2
Ulk3,ULK3
Abcg1,ABCG1
Cep128,CEP128
Taco1,TACO1
Cdnf,CDNF
Cerkl,CERKL
Dnajc10,DNAJC10
Hsf5,HSF5
Trafd1,TRAFD1
Nudt6,NUDT6
Dnai2,DNAI2
Tmco6,TMCO6
Smim15,SMIM15
Dok6,DOK6
Fam114a1,FAM114A1
Faap24,FAAP24
Mgat2,MGAT2
Lrrc3b,LRRC3B
Psmd14,PSMD14
Pts,PTS
Hspa13,HSPA13
Dolk,DOLK
Exoc8,EXOC8
Tmem201,TMEM201
Adat1,ADAT1
Yrdc,YRDC
Tgfbrap1,TGFBRAP1
Parvg,PARVG
Klhdc2,KLHDC2
Cnot2,CNOT2
Wdr90,WDR90
Cep76,CEP76
Nkapd1,NKAPD1
Slc13a4,SLC13A4
Kiz,KIZ
Rbfa,RBFA
Coq2,COQ2
Ide,IDE
Rusf1,RUSF1
Pmvk,PMVK
Cdk5rap1,CDK5RAP1
Fkrp,FKRP
Tekt4,TEKT4
Mon1a,MON1A
Tex2,TEX2
Acmsd,ACMSD
Abhd6,ABHD6
Ankdd1a,ANKDD1A
P2ry10b,P2RY10BP
P2ry10,P2RY10
Hus1b,HUS1B
Hus1,HUS1
Slc45a3,SLC45A3
Acadsb,ACADSB
Ndufaf5,NDUFAF5
Tprg1,TPRG1
Arl16,ARL16
Arl6ip6,ARL6IP6
Kcnc2,KCNC2
Mlycd,MLYCD
Mpg,MPG
Ilkap,ILKAP
Ppp1r14d,PPP1R14D
Ufsp1,UFSP1
Abca5,ABCA5
Bdh1,BDH1
Tmem14a,TMEM14A
Oxa1l,OXA1L
Vps35l,VPS35L
Mrps21,MRPS21
Tmem17,TMEM17
Spata2,SPATA2
Gip,GIP
Ppwd1,PPWD1
Kif3b,KIF3B
Phlpp2,PHLPP2
Rprml,RPRML
Ppfia4,PPFIA4
Nadsyn1,NADSYN1
Izumo1r,IZUMO1R
Folr1,FOLR1
Lars2,LARS2
Nagpa,NAGPA
Ralgps1,RALGPS1
Slc38a3,SLC38A3
Slc22a15,SLC22A15
Lig4,LIG4
Mrps22,MRPS22
Lyrm7,LYRM7
Lamp5,LAMP5
Sugp1,SUGP1
Birc7,BIRC7
Txndc15,TXNDC15
Baz2b,BAZ2B
Lrp2bp,LRP2BP
Usp47,USP47
Zswim2,ZSWIM2
Aplf,APLF
Cdip1,CDIP1
Lhpp,LHPP
Isg20l2,ISG20L2
Ppfia1,PPFIA1
Tbrg1,TBRG1
Kcnab2,KCNAB2
Pus10,PUS10
Pgap3,PGAP3
Slc68a2,SLC68A2P
Dnali1,DNALI1
Aspa,ASPA
Scly,SCLY
Hypk,HYPK
Nub1,NUB1
Dkk2,DKK2
Ppef1,PPEF1
Gpr35,GPR35
Ankrd1,ANKRD1
Aspg,ASPG
Kazald1,KAZALD1
Mmaa,MMAA
Cenpo,CENPO
Rmdn1,RMDN1
Zyx,ZYX
Nagk,NAGK
Spryd3,SPRYD3
Aurkaip1,AURKAIP1
Rps23,RPS23
Shfl,SHFL
Cd37,CD37
Kif22,KIF22
Gprc5c,GPRC5C
Ubn1,UBN1
Ppm1n,PPM1N
Gpank1,GPANK1
Mapre2,MAPRE2
Polr2k,POLR2K
Arv1,ARV1
Gcfc2,GCFC2
Zfp341,ZNF341
Kcnq2,KCNQ2
Vat1l,VAT1L
Tbc1d13,TBC1D13
Mrpl22,MRPL22
Mknk1,MKNK1
Lrch3,LRCH3
Rgs11,RGS11
Prok1,PROK1
Mical1,MICAL1
Lurap1,LURAP1
Lsm5,LSM5
St7l,ST7L
Acsm5,ACSM5
Acsm1,ACSM1
Acsm3,ACSM3
Acsm4,ACSM4
Mettl21c,METTL21C
Phospho2,PHOSPHO2
Nab2,NAB2
Sbk3,SBK3
Sbk2,SBK2
Cdk14,CDK14
Abcd1,ABCD1
Cnksr3,CNKSR3
Cdc42se2,CDC42SE2
Secisbp2l,SECISBP2L
Anks3,ANKS3
Tnmd,TNMD
Hmgcll1,HMGCLL1
Setmar,SETMAR
Pygo1,PYGO1
Ankrd50,ANKRD50
Mri1,MRI1
Foxred1,FOXRED1
Zcchc4,ZCCHC4
Itga8,ITGA8
Slc6a18,SLC6A18
Dusp13b,DUSP13B
Prkab2,PRKAB2
Sncaip,SNCAIP
Fbxw8,FBXW8
Abca7,ABCA7
Trappc2l,TRAPPC2L
Pign,PIGN
Ddo,DDO
Nckap1l,NCKAP1L
Heatr6,HEATR6
Fars2,FARS2
Tmem130,TMEM130
Upf3b,UPF3B
Cox18,COX18
Ppp1r3d,PPP1R3D
Kcna2,KCNA2
Ddx43,DDX43
Ramp2,RAMP2
Fam53c,FAM53C
Fbxo2,FBXO2
Tlcd2,TLCD2
Socs7,SOCS7
Noa1,NOA1
Egr4,EGR4
Tmem125,TMEM125
Rbm15b,RBM15B
Rnf139,RNF139
Btnl9,BTNL9
Btn1a1,BTN1A1
Btnl10,BTNL10P
Unc5a,UNC5A
Ccdc88b,CCDC88B
Adck1,ADCK1
Phtf1,PHTF1
Pigw,PIGW
Rbm12,RBM12
Cyb561,CYB561
Lyrm9,LYRM9
2310030G06Rik,C11orf52
Phc1,PHC1
Tnnt1,TNNT1
Tatdn2,TATDN2
Htr2b,HTR2B
Mia,MIA
Fut9,FUT9
Mettl22,METTL22
Naa30,NAA30
Mc5r,MC5R
Fsaf1,FSAF1
Nudt19,NUDT19
Syce3,SYCE3
Mc3r,MC3R
Il17d,IL17D
Macir,MACIR
Srms,SRMS
Tmem69,TMEM69
Tmem65,TMEM65
G0s2,G0S2
Tor1b,TOR1B
Tor1a,TOR1A
Iqck,IQCK
Cdkl5,CDKL5
Pdxp,PDXP
Rgs19,RGS19
Letmd1,LETMD1
Fam20a,FAM20A
Cabcoco1,CABCOCO1
Il10,IL10
Adra2c,ADRA2C
Zbtb24,ZBTB24
Tubgcp4,TUBGCP4
Xylt2,XYLT2
Nsmce2,NSMCE2
Ttc13,TTC13
Nf2,NF2
Leap2,LEAP2
Htr1b,HTR1B
Adrb1,ADRB1
Syt12,SYT12
Uroc1,UROC1
Dtx2,DTX2
Gabrr3,GABRR3
Deaf1,DEAF1
Upk2,UPK2
Plekhm2,PLEKHM2
Lrp3,LRP3
Vps54,VPS54
Pctp,PCTP
Knstrn,KNSTRN
Trub1,TRUB1
Gpr160,GPR160
Il15ra,IL15RA
Top6bl,TOP6BL
Rtp2,RTP2
Rtp3,RTP3
Zfp831,ZNF831
Stau2,STAU2
Mcoln2,MCOLN2
Crnkl1,CRNKL1
Ttll12,TTLL12
Lipg,LIPG
Txnl1,TXNL1
Ctu1,CTU1
Pdia2,PDIA2
Tnpo3,TNPO3
Dusp4,DUSP4
Nup155,NUP155
Ppp2r3c,PPP2R3C
Pemt,PEMT
Manba,MANBA
Saal1,SAAL1
Atp6v1d,ATP6V1D
Atf3,ATF3
Brpf1,BRPF1
Rhbdl2,RHBDL2
Ykt6,YKT6
Irak4,IRAK4
Rad18,RAD18
Dmap1,DMAP1
Nek2,NEK2
Ppp4r1,PPP4R1
Cpne3,CPNE3
Actr10,ACTR10
Utp6,UTP6
Prkcsh,PRKCSH
Usp44,USP44
Klhdc10,KLHDC10
Chic2,CHIC2
Lsm14b,LSM14B
Exosc10,EXOSC10
Mocs3,MOCS3
Umps,UMPS
Stk38l,STK38L
Zw10,ZW10
Sec14l1,SEC14L1
Epc2,EPC2
Tmem38b,TMEM38B
Edem1,EDEM1
Psmd1,PSMD1
Acad11,ACAD11
Rbm17,RBM17
Srp54c,SRP54
Cdc5l,CDC5L
Phkg2,PHKG2
Ncbp3,NCBP3
Acad8,ACAD8
Rmi1,RMI1
Apex2,APEX2
Hdac3,HDAC3
Serpine2,SERPINE2
Josd2,JOSD2
Dcp2,DCP2
Dnpep,DNPEP
Mios,MIOS
Wwox,WWOX
Kif18a,KIF18A
Osgin1,OSGIN1
Wasf2,WASF2
Cdc23,CDC23
Herpud2,HERPUD2
Parn,PARN
Gde1,GDE1
Snap23,SNAP23
Plekhf2,PLEKHF2
Rbbp5,RBBP5
Scpep1,SCPEP1
Chd1l,CHD1L
Dnajc17,DNAJC17
Pitpnb,PITPNB
Sf3a2,SF3A2
Nudc,NUDC
Pdgfrl,PDGFRL
Aacs,AACS
Unc50,UNC50
Polm,POLM
Syap1,SYAP1
Mitd1,MITD1
Uvrag,UVRAG
Cd2bp2,CD2BP2
Mettl6,METTL6
Pex12,PEX12
Sh2d4a,SH2D4A
Rad9a,RAD9A
Kbtbd4,KBTBD4
Bcs1l,BCS1L
Cdc37,CDC37
Ppp6c,PPP6C
Ubap1,UBAP1
Clec16a,CLEC16A
Trmt11,TRMT11
Mcts2,MCTS2
Mcts1,MCTS1
Hmgcl,HMGCL
Rbm28,RBM28
Inip,INIP
Tbca,TBCA
Gpx8,GPX8
Pdcd2l,PDCD2L
Rad54l,RAD54L
Polr3f,POLR3F
Otud6a,OTUD6A
Otud6b,OTUD6B
Rnaseh2a,RNASEH2A
Pex3,PEX3
Pdcd5,PDCD5
Pex5,PEX5
Cops8,COPS8
Wdr45,WDR45
Polr3c,POLR3C
Neil1,NEIL1
Sardh,SARDH
Psmd13,PSMD13
Idh3a,IDH3A
Gtf3c6,GTF3C6
Fus,FUS
Slc46a1,SLC46A1
Polr3d,POLR3D
Ints15,INTS15
Ttc4,TTC4
Rnf181,RNF181
Naalad2,NAALAD2
Pafah1b3,PAFAH1B3
Cog2,COG2
Rae1,RAE1
Siae,SIAE
Rpl34,RPL34
Nol12,NOL12
Tyms,TYMS
Zcchc9,ZCCHC9
Eif2b3,EIF2B3
Mrpl45,MRPL45
Hmgcs1,HMGCS1
Hmgcs2,HMGCS2
Slc15a4,SLC15A4
Pwp1,PWP1
Ddrgk1,DDRGK1
Rad1,RAD1
Vamp7,VAMP7
Uap1l1,UAP1L1
Yipf5,YIPF5
Golm1,GOLM1
Imp3,IMP3
Ptges2,PTGES2
Mrpl14,MRPL14
Lmcd1,LMCD1
Hps4,HPS4
Rpl18a,RPL18A
Usf1,USF1
Rom1,ROM1
Mfap1a,MFAP1
Ostc,OSTC
Mad1l1,MAD1L1
Exoc7,EXOC7
Rtraf,RTRAF
Bbs5,BBS5
Gm44504,UBL4A
Rnaseh2b,RNASEH2B
Asns,ASNS
Ebag9,EBAG9
Ociad1,OCIAD1
Rps21,RPS21
Srp9,SRP9
Eif1b,EIF1B
Strap,STRAP
Snrpe,SNRPE
Znhit3,ZNHIT3
Pde10a,PDE10A
Sbds,SBDS
Cwc27,CWC27
Ap1s1,AP1S1
Ankrd22,ANKRD22
Ndufa6,NDUFA6
Pik3cd,PIK3CD
Itga9,ITGA9
Chad,CHAD
Stk10,STK10
Xab2,XAB2
Irf6,IRF6
Myof,MYOF
Stoml2,STOML2
Ddi1,DDI1
Ddi2,DDI2
Dhx38,DHX38
Vti1b,VTI1B
Atg13,ATG13
Xpnpep2,XPNPEP2
Asl,ASL
Cep63,CEP63
Slc39a10,SLC39A10
Ube2j1,UBE2J1
Med25,MED25
Ptov1,PTOV1
Ufl1,UFL1
Tmem185a,TMEM185A
Tmem185b,TMEM185B
Gpsm2,GPSM2
Tube1,TUBE1
Gps2,GPS2
Aldh4a1,ALDH4A1
Foxl1,FOXL1
Fam91a1,FAM91A1
Aqr,AQR
Tbc1d5,TBC1D5
Eif1ad,EIF1AD
Rasl12,RASL12
Coro6,CORO6
Xpa,XPA
Mtmr4,MTMR4
Ube3c,UBE3C
Pigb,PIGB
Zmynd10,ZMYND10
Ypel5,YPEL5
Ascc2,ASCC2
Dync2li1,DYNC2LI1
Sord,SORD
Tmem218,TMEM218
Zfp507,ZNF507
Jkamp,JKAMP
Vps4b,VPS4B
Pdcd2,PDCD2
Golga1,GOLGA1
Hao2,HAO2
Slc33a1,SLC33A1
Hpcal1,HPCAL1
Gys1,GYS1
Rars2,RARS2
Pgm1,PGM1
Zgpat,ZGPAT
Armh3,ARMH3
Slc25a39,SLC25A39
Plekha3,PLEKHA3
Tbc1d23,TBC1D23
Zfpl1,ZFPL1
Papolg,PAPOLG
Bcas3,BCAS3
Dus3l,DUS3L
Nt5e,NT5E
Tbc1d19,TBC1D19
Tmem68,TMEM68
Alg9,ALG9
Ddb1,DDB1
Hyi,HYI
Med18,MED18
Maff,MAFF
Bysl,BYSL
Plekhf1,PLEKHF1
Rnf144b,RNF144B
Mtfp1,MTFP1
Gpr19,GPR19
Wipf2,WIPF2
Efhc1,EFHC1
Pdcd6,PDCD6
Tnfaip8l3,TIPE3
Srp19,SRP19
Rtn4ip1,RTN4IP1
Apbb1ip,APBB1IP
Derl3,DERL3
Oser1,OSER1
Ttll1,TTLL1
Psmc2,PSMC2
Hsd17b3,HSD17B3
Rfc4,RFC4
Abhd14b,ABHD14B
Slc5a12,SLC5A12
Tmem134,TMEM134
Tmem254,TMEM254
Cul4a,CUL4A
Stx8,STX8
Acox3,ACOX3
Slx4ip,SLX4IP
Spata6l,SPATA6L
Slc44a4,SLC44A4
Mis12,MIS12
Xylb,XYLB
Sh3bgrl,SH3BGRL
Snx15,SNX15
Tdpoz2,SPOP
Cisd2,CISD2
Kcmf1,KCMF1
Elof1,ELOF1
Kdelr3,KDELR3
Ccdc25,CCDC25
Tra2a,TRA2A
Nek4,NEK4
Pigm,PIGM
Gpr39,GPR39
Bag2,BAG2
Tpst2,TPST2
Prorsd1,PRORSD1P
Wipi1,WIPI1
Slc30a4,SLC30A4
Lyar,LYAR
Rnf170,RNF170
Wdr77,WDR77
Pno1,PNO1
Cct4,CCT4
Surf4,SURF4
Mb,MB
Selenbp2,SELENBP1
Ptpn12,PTPN12
Slc25a34,SLC25A34
Cdkal1,CDKAL1
Psmd3,PSMD3
Irx2,IRX2
Fbxo45,FBXO45
Fzd6,FZD6
Tfap2e,TFAP2E
Shox2,SHOX2
Glipr1l3,GLIPR1L1
Glipr1,GLIPR1
Nkain1,NKAIN1
Rasd1,RASD1
Rasd2,RASD2
Gpr143,GPR143
Psmd2,PSMD2
Rps10,RPS10
Macrod2,MACROD2
Aprt,APRT
Arhgdib,ARHGDIB
Arhgdig,ARHGDIG
Rer1,RER1
Polr1c,POLR1C
Stk17b,STK17B
Mtap,MTAP
Plek,PLEK
Relch,RELCH
Slc2a12,SLC2A12
Vps28,VPS28
Lias,LIAS
Ammecr1,AMMECR1
Ammecr1l,AMMECR1L
Sik3,SIK3
Pdhx,PDHX
Nat10,NAT10
Pex13,PEX13
Tial1,TIAL1
Cds2,CDS2
Fancl,FANCL
Shmt1,SHMT1
Prmt7,PRMT7
Prpf31,PRPF31
Tm9sf4,TM9SF4
Htatsf1,HTATSF1
Rnf25,RNF25
Thyn1,THYN1
Ccdc43,CCDC43
Pfdn6,PFDN6
Pank4,PANK4
Myl3,MYL3
Zfand2a,ZFAND2A
Zfand2b,ZFAND2B
Klc1,KLC1
Mlh1,MLH1
Trappc6a,TRAPPC6A
Nup160,NUP160
Arl2bp,ARL2BP
Pygl,PYGL
Tiprl,TIPRL
Lbh,LBH
Sncb,SNCB
Sars2,SARS2
Timm50,TIMM50
Zc3h13,ZC3H13
Tmem170,TMEM170A
Hacl2,HACL2
Qtrt1,QTRT1
Creld2,CRELD2
Ubl5,UBL5
Ndufa11,NDUFA11
Spag7,SPAG7
Zfp277,ZNF277
Ngdn,NGDN
Hook2,HOOK2
Spef1,SPEF1
Marveld3,MARVELD3
Pik3ip1,PIK3IP1
Fbxo43,FBXO43
Tuba4a,TUBA4A
Btf3l4,BTF3L4
Lsm4,LSM4
Rnf185,RNF185
Gorasp2,GORASP2
Cib2,CIB2
Lin7a,LIN7A
Becn2,BECN2
Becn1,BECN1
Rpl8,RPL8
Ndufa13,NDUFA13
Wdr83os,WDR83OS
Sap18,SAP18
Efr3a,EFR3A
Necap1,NECAP1
Hpca,HPCA
Scg5,SCG5
Ndufa8,NDUFA8
Ssu72,SSU72
Rheb,RHEB
Ndufb10,NDUFB10
Ppp2r5d,PPP2R5D
Vamp4,VAMP4
Fhit,FHIT
Cdo1,CDO1
Edf1,EDF1
Ndufv2,NDUFV2
Pin1rt1,PIN1
Lypla2,LYPLA2
Rps19,RPS19
Rps7,RPS7
Rwdd3,RWDD3
Scg3,SCG3
Uqcc2,UQCC2
Dnajc19,DNAJC19
Gchfr,GCHFR
Pfkfb3,PFKFB3
Trappc4,TRAPPC4
Dctpp1,DCTPP1
Rmnd5b,RMND5B
Tbc1d7,TBC1D7
Ppcdc,PPCDC
Chmp7,CHMP7
Xrcc4,XRCC4
Aida,AIDA
Rbm18,RBM18
Romo1,ROMO1
Tmem126b,TMEM126B
Tmem126a,TMEM126A
Fam3a,FAM3A
Pole3,POLE3
Clu,CLU
Pam16,PAM16
Prdx6,PRDX6
Ndufb6,NDUFB6
Dpm3,DPM3
Cfap20,CFAP20
Ca7,CA7
Rps25,RPS25
Zfp593,ZNF593
Arl13a,ARL13A
Uqcrc1,UQCRC1
Ralbp1,RALBP1
Rtcb,RTCB
Med8,MED8
B3galt2,B3GALT2
Xpnpep3,XPNPEP3
Dok1,DOK1
Sult1d1,SULT1D1P
Klhl21,KLHL21
Cyb5b,CYB5B
Trib3,TRIB3
Rab5b,RAB5B
Cacybp,CACYBP
Stx11,STX11
Ube2f,UBE2F
Nup43,NUP43
Plscr1,PLSCR1
Lactb2,LACTB2
Nudcd3,NUDCD3
Tmem192,TMEM192
Yipf4,YIPF4
Hpgd,HPGD
Hoga1,HOGA1
Map1lc3a,MAP1LC3A
Pgm2,PGM2
Txn2,TXN2
Stard10,STARD10
Rad51d,RAD51D
Slc13a3,SLC13A3
Tdrd3,TDRD3
Plekhj1,PLEKHJ1
Pigf,PIGF
Cnksr1,CNKSR1
Scamp1,SCAMP1
Ift122,IFT122
Thumpd1,THUMPD1
Igsf8,IGSF8
Pithd1,PITHD1
Relt,RELT
Zc3h10,ZC3H10
Cyyr1,CYYR1
Rcor2,RCOR2
Clasp2,CLASP2
Lrr1,LRR1
Cfl2,CFL2
Wnt16,WNT16
Mettl14,METTL14
Rgl1,RGL1
Zfp410,ZNF410
Usp33,USP33
Snrpb,SNRPB
Aga,AGA
Zer1,ZER1
Sp6,SP6
Irx4,IRX4
Map3k12,MAP3K12
2410004B18Rik,C1orf52
Leo1,LEO1
Jmy,JMY
Asb7,ASB7
Wbp11,WBP11
Wbp1,WBP1
Eepd1,EEPD1
Snx16,SNX16
Fastkd1,FASTKD1
Zfp830,ZNF830
Bace1,BACE1
Tmem62,TMEM62
Caml,CAMLG
Slc30a6,SLC30A6
Srsf9,SRSF9
Tox2,TOX2
Adhfe1,ADHFE1
Cmc1,CMC1
Ercc1,ERCC1
Eif2b2,EIF2B2
Pdzd11,PDZD11
Exoc6,EXOC6
Pla2g7,PLA2G7
Dusp8,DUSP8
Gne,GNE
Fkbp8,FKBP8
Ctnnbl1,CTNNBL1
Rps17,RPS17
Smim14,SMIM14
Ppa2,PPA2
Tcea3,TCEA3
Csrp2,CSRP2
Parp16,PARP16
Arl5c,ARL5C
Slc25a20,SLC25A20
Amdhd2,AMDHD2
Myoz1,MYOZ1
Heatr3,HEATR3
Tex264,TEX264
Ndufb7,NDUFB7
Rffl,RFFL
Tmem38a,TMEM38A
Ark2n,ARK2N
C8g,C8G
Spo11,SPO11
Tmem45b,TMEM45B
Znrf1,ZNRF1
Ampd1,AMPD1
Tppp3,TPPP3
Hapln3,HAPLN3
Acbd4,ACBD4
Decr2,DECR2
Nhej1,NHEJ1
Dnajc2,DNAJC2
Spcs3,SPCS3
Ethe1,ETHE1
Sstr5,SSTR5
Rsrc1,RSRC1
Dcaf10,DCAF10
Klhdc3,KLHDC3
Rcan2,RCAN2
Lrrc59,LRRC59
Arfgap3,ARFGAP3
Tmem37,TMEM37
Slc5a2,SLC5A2
Stxbp2,STXBP2
Lta4h,LTA4H
Pccb,PCCB
Fggy,FGGY
Cdk7,CDK7
Mrpl38,MRPL38
Tada1,TADA1
Aaas,AAAS
Sp9,SP9
Fbxl15,FBXL15
Nptx1,NPTX1
Crls1,CRLS1
Otud3,OTUD3
Aamp,AAMP
Tmem43,TMEM43
Slc10a3,SLC10A3
Anks6,ANKS6
Msrb2,MSRB2
Abhd14a,ABHD14A
Ckap4,CKAP4
Wrnip1,WRNIP1
Sms,SMS
Sra1,SRA1
Dguok,DGUOK
Mrpl23,MRPL23
Stx12,STX12
Trnt1,TRNT1
Tmod2,TMOD2
Trmt61a,TRMT61A
Eif2b1,EIF2B1
Ndufa1,NDUFA1
Rac2,RAC2
Rpl36-ps4,RPL36
Vamp3,VAMP3
Sirt6,SIRT6
Imp4,IMP4
Rpl11,RPL11
Psmc3ip,PSMC3IP
Alkbh6,ALKBH6
Ak6,AK6
Rbks,RBKS
Arpc3,ARPC3
Psma5,PSMA5
Nudt15,NUDT15
Cdc40,CDC40
Tmem19,TMEM19
Timm10,TIMM10
Brk1,BRK1
Yipf6,YIPF6
Mapk11,MAPK11
Tubd1,TUBD1
Rnf141,RNF141
Tfcp2l1,TFCP2L1
Ubtd2,UBTD2
Spag6l,SPAG6
C1qb,C1QB
Tmem60,TMEM60
Rabepk,RABEPK
Prcp,PRCP
Ramp1,RAMP1
Tpgs2,TPGS2
Prpf18,PRPF18
Prpsap1,PRPSAP1
Sh3bgrl2,SH3BGRL2
Kxd1,KXD1
Cmtm3,CMTM3
Anks4b,ANKS4B
Smpx,SMPX
Pon1,PON1
Ebp,EBP
Usb1,USB1
Ipo11,IPO11
Tha1,THA1P
Mrrf,MRRF
Nudt2,NUDT2
Elavl2,ELAVL2
Dnajb4,DNAJB4
Ccr10,CCR10
B3gat2,B3GAT2
Adprh,ADPRH
Tipin,TIPIN
Ak1,AK1
Clrn1,CLRN1
Cybc1,CYBC1
Lysmd2,LYSMD2
Hdac11,HDAC11
Stac3,STAC3
Mrpl16,MRPL16
Hfe,HFE
Azgp1,AZGP1
Elac1,ELAC1
Nipal4,NIPAL4
Htra3,HTRA3
Rad17,RAD17
Rnaseh1,RNASEH1
Dgcr2,DGCR2
Gspt2,GSPT2
Yipf1,YIPF1
Enoph1,ENOPH1
Xrcc1,XRCC1
Egr3,EGR3
Phtf2,PHTF2
Gca,GCA
Dus4l,DUS4L
Ift74,IFT74
Rbm34,RBM34
Clptm1l,CLPTM1L
Serpinf1,SERPINF1
Rnf103,RNF103
Rgn,RGN
Slc5a11,SLC5A11
Acsl5,ACSL5
Eef1a2,EEF1A2
Tsr3,TSR3
Ppp1r21,PPP1R21
Slc25a48,SLC25A48
Ccdc47,CCDC47
Ankrd9,ANKRD9
Lyn,LYN
Hormad1,HORMAD1
Usp2,USP2
Leng1,LENG1
Pdss2,PDSS2
Cyb561d1,CYB561D1
Pla2g10,PLA2G10
Tspan4,TSPAN4
Hvcn1,HVCN1
Cdk2ap2,CDK2AP2
Arl5a,ARL5A
Ncoa5,NCOA5
Pnpla5,PNPLA5
Pnpla3,PNPLA3
Hax1,HAX1
Mapkapk5,MAPKAPK5
Tm2d2,TM2D2
Tmem53,TMEM53
Ccdc191,CCDC191
Cryzl1,CRYZL1
Dffa,DFFA
Bpgm,BPGM
Lrrc57,LRRC57
Cln3,CLN3
Supt3,SUPT3H
Plaat5,PLAAT5
Plaat3,PLAAT3
Sav1,SAV1
Slc10a7,SLC10A7
Irf8,IRF8
Creg2,CREG2
Nup37,NUP37
Cldn14,CLDN14
Cldn2,CLDN2
Peli2,PELI2
Rpl13,RPL13
Tyw3,TYW3
Eya2,EYA2
Zmynd12,ZMYND12
Psmb2,PSMB2
Rgp1,RGP1
Rnls,RNLS
Lemd1,LEMD1
Sirt5,SIRT5
Ric8a,RIC8A
Fbxl4,FBXL4
Zdhhc7,ZDHHC7
Ube2r2,UBE2R2
Glmp,GLMP
Sult1c2,SULT1C2
Lzic,LZIC
Sgce,SGCE
Gabarapl2,GABARAPL2
Gtpbp10,GTPBP10
Coasy,COASY
Macrod1,MACROD1
Fosb,FOSB
Tatdn1,TATDN1
Traf3,TRAF3
Fhl5,FHL5
Cth,CTH
Lsm6,LSM6
Acaa1a,ACAA1
Dnajc15,DNAJC15
Crbn,CRBN
Cmah,CMAHP
Ube2z,UBE2Z
Ntpcr,NTPCR
Sntb1,SNTB1
Dnase1,DNASE1
Dnase1l2,DNASE1L2
Coq5,COQ5
Slc25a36,SLC25A36
Dmtf1,DMTF1
Snx7,SNX7
C8a,C8A
Slc25a24,SLC25A24
Notum,NOTUM
Tm4sf4,TM4SF4
Cpsf2,CPSF2
Galm,GALM
Ace2,ACE2
Mettl21e,METTL21EP
Slc25a40,SLC25A40
Lhfpl3,LHFPL3
Ache,ACHE
Ica1,ICA1
Srp68,SRP68
Wipi2,WIPI2
Cox20,COX20
Pxmp2,PXMP2
Fundc1,FUNDC1
Ophn1,OPHN1
Pde6d,PDE6D
Tmc6,TMC6
Snrnp27,SNRNP27
Crebl2,CREBL2
Zfp706,ZNF706
Nubpl,NUBPL
Dpy30,DPY30
Hat1,HAT1
Dnajc9,DNAJC9
Entrep2,ENTREP2
Rgs20,RGS20
Mrpl43,MRPL43
Haus4,HAUS4
Gapvd1,GAPVD1
Mrps26,MRPS26
Epdr1,EPDR1
Zfyve19,ZFYVE19
Mrpl24,MRPL24
Crybb1,CRYBB1
Mpc1,MPC1
Gng7,GNG7
Faim,FAIM
B9d2,B9D2
Psma6,PSMA6
Sec63,SEC63
Psma1,PSMA1
Pmepa1,PMEPA1
Rab10,RAB10
Pigh,PIGH
Celf4,CELF4
Slc25a46,SLC25A46
Mrpl11,MRPL11
Polr3k,POLR3K
Nsmce1,NSMCE1
Pir,PIR
Taf11,TAF11
Psmf1,PSMF1
Polr2f,POLR2F
Ap3s2,AP3S2
Parp6,PARP6
Fam204a,FAM204A
Abhd3,ABHD3
Rwdd1,RWDD1
Rgs17,RGS17
Cdc42ep3,CDC42EP3
Nkiras1,NKIRAS1
Supt4a,SUPT4H1
Sec61g,SEC61G
Dctn5,DCTN5
Ndufa7,NDUFA7
Cmtm4,CMTM4
Mrpl15,MRPL15
Rpl35a,RPL35A
Mrps15,MRPS15
Tmem147,TMEM147
Rpl29,RPL29
Nkiras2,NKIRAS2
Mydgf,MYDGF
Cstpp1,CSTPP1
Spryd4,SPRYD4
Polr3h,POLR3H
Nkx6-1,NKX6-1
Arl1,ARL1
Brap,BRAP
Grifin,GRIFIN
Opcml,OPCML
Ntm,NTM
Nop16,NOP16
Rgs8,RGS8
Rab3c,RAB3C
Atp6v1f,ATP6V1F
Zhx2,ZHX2
Slc39a11,SLC39A11
Slc39a4,SLC39A4
Piwil1,PIWIL1
Kif21b,KIF21B
Nbeal1,NBEAL1
Smc1b,SMC1B
Txk,TXK
Ptprb,PTPRB
Ap1ar,AP1AR
Ccdc180,CCDC180
Fam81b,FAM81B
Zfp408,ZNF408
Irs3,IRS3P
Ntn5,NTN5
Trmt10a,TRMT10A
Cdh8,CDH8
Vgll3,VGLL3
Trappc8,TRAPPC8
Gpr180,GPR180
Cfap61,CFAP61
Dhx29,DHX29
Kpna6,KPNA6
Fnbp4,FNBP4
Cpeb2,CPEB2
Kifc2,KIFC2
Tmem131,TMEM131
Arap2,ARAP2
Ccdc30,CCDC30
Heatr5b,HEATR5B
Dnajc16,DNAJC16
Rptor,RPTOR
Map1b,MAP1B
Dner,DNER
Erc2,ERC2
Tbkbp1,TBKBP1
Tulp4,TULP4
Sec16a,SEC16A
Aadac,AADAC
Tulp3,TULP3
Ccdc177,CCDC177
Sstr2,SSTR2
Art1,ART1
Art5,ART5
Art4,ART4
Cdh19,CDH19
Ninl,NINL
Dock10,DOCK10
Mss51,MSS51
Grin3a,GRIN3A
Adad2,ADAD2
Atp10b,ATP10B
Ajm1,AJM1
Nfatc2,NFATC2
Fer1l4,FER1L4
Esco1,ESCO1
Tanc1,TANC1
Gmip,GMIP
Sorcs2,SORCS2
Zdhhc1,ZDHHC1
Szt2,SZT2
Brsk2,BRSK2
Dhx30,DHX30
Bcorl1,BCORL1
Mrc2,MRC2
Brinp1,BRINP1
Sema4f,SEMA4F
Baiap3,BAIAP3
Lrig3,LRIG3
Cldn18,CLDN18
Rhobtb1,RHOBTB1
Lrrc7,LRRC7
Prkd3,PRKD3
Zmat3,ZMAT3
Tmprss7,TMPRSS7
Acyp2,ACYP2
Slc8b1,SLC8B1
Oit3,OIT3
Dnah2,DNAH2
Ralgapb,RALGAPB
Nhsl2,NHSL2
Lrrk1,LRRK1
Ctif,CTIF
Lekr1,LEKR1
Cnbd1,CNBD1
Mmp19,MMP19
Hgfac,HGFAC
Plekha6,PLEKHA6
Lrfn3,LRFN3
Tmem87b,TMEM87B
Apbb3,APBB3
Alpk1,ALPK1
Capn15,CAPN15
Rab19,RAB19
Syt17,SYT17
Cytip,CYTIP
Sntg1,SNTG1
Dtx1,DTX1
Fpr2,FPR2
Fpr1,FPR1
Elmo2,ELMO2
Cyp2ab1,CYP2AB1P
Trip6,TRIP6
Tbc1d2,TBC1D2
Slc4a7,SLC4A7
Fbxl13,FBXL13
Pcdh12,PCDH12
Sipa1,SIPA1
Reps2,REPS2
Stag3,STAG3
Rai2,RAI2
Gpr20,GPR20
Cdh16,CDH16
Pdgfd,PDGFD
Hgsnat,HGSNAT
Dnase2b,DNASE2B
Ints5,INTS5
Rnf111,RNF111
Enox2,ENOX2
Arhgef40,ARHGEF40
Pelp1,PELP1
Hdx,HDX
Man2b2,MAN2B2
Fam135b,FAM135B
Bdkrb2,BDKRB2
Unc13b,UNC13B
Dthd1,DTHD1
Stk39,STK39
Crispld2,CRISPLD2
Ofcc1,OFCC1
Tmem132a,TMEM132A
Tfpt,TFPT
Ccdc57,CCDC57
Zfp318,ZNF318
Malrd1,MALRD1
Arel1,AREL1
Gpc5,GPC5
Parm1,PARM1
Cib3,CIB3
Il1rap,IL1RAP
Ttc34,TTC34
Cep120,CEP120
Scaper,SCAPER
Zfp319,ZNF319
Slc30a10,SLC30A10
P2rx1,P2RX1
Tbxa2r,TBXA2R
Robo1,ROBO1
Copz2,COPZ2
Bdnf,BDNF
Fgd3,FGD3
Dedd2,DEDD2
Pdp2,PDP2
Pax5,PAX5
Pax8,PAX8
Star,STAR
Slit2,SLIT2
Efnb1,EFNB1
Lcat,LCAT
Sim2,SIM2
Bivm,BIVM
Ngb,NGB
Glra3,GLRA3
Nek8,NEK8
Mab21l1,MAB21L1
Tbx18,TBX18
Hgd,HGD
Plagl2,PLAGL2
Reln,RELN
Adra2a,ADRA2A
Drd3,DRD3
Timm9,TIMM9
Nfe2,NFE2
Mcmdc2,MCMDC2
P2rx2,P2RX2
P2rx7,P2RX7
Nkx1-2,NKX1-2
Mc1r,MC1R
Mc2r,MC2R
Anxa4,ANXA4
Anxa6,ANXA6
Slc26a2,SLC26A2
Fgf15,FGF19
Tnr,TNR
Npff,NPFF
Zar1,ZAR1
Casp2,CASP2
Cbr3,CBR3
Vax2,VAX2
Vax1,VAX1
Dhcr7,DHCR7
Disp2,DISP2
Akt2,AKT2
Btg4,BTG4
Fem1c,FEM1C
Timm8b,TIMM8B
Apoh,APOH
Tubb5,TUBB
Foxi3,FOXI3
Sp4,SP4
Gpc3,GPC3
Ing3,ING3
Sox7,SOX7
Fancd2,FANCD2
Pgam2,PGAM2
Nfkbil1,NFKBIL1
Insig2,INSIG2
Mbd4,MBD4
Has1,HAS1
Sarm1,SARM1
Gnmt,GNMT
Vegfc,VEGFC
Casc3,CASC3
Pik3r2,PIK3R2
Fgf2,FGF2
Hcrt,HCRT
Elovl5,ELOVL5
Bcor,BCOR
6030458C11Rik,C5orf22
2310033P09Rik,C1orf35
Cutal,CUTALP
Nnmt,NNMT
Inmt,INMT
Cd53,CD53
1600012H06Rik,C6orf120
Ankle1,ANKLE1
B230219D22Rik,C5orf24
1110004F10Rik,C11orf58
Actr3,ACTR3
Ighv14-4,IGHV1-24
Ighv10-3,IGHV3-73
Ighv3-3,IGHV6-1
Ift52,IFT52
Serac1,SERAC1
Zic5,ZIC5
Top1mt,TOP1MT
Mafk,MAFK
Bsx,BSX
Runx2,RUNX2
Ren2,REN
Syk,SYK
Blnk,BLNK
Mcm3ap,MCM3AP
Cttn,CTTN
4921524J17Rik,HDIP1
Leprotl1,LEPROTL1
Ctdp1,CTDP1
6820408C15Rik,C20orf96
Braf,BRAF
1110059E24Rik,C9orf85
Ect2,ECT2
Rfx4,RFX4
3110009E18Rik,C2orf76
S100a1,S100A1
Lancl1,LANCL1
Hsd17b2,HSD17B2
Pygb,PYGB
Nudt16l2,NUDT16L2P
Nudt16l1,NUDT16L1
Nudt16,NUDT16
Clip4,CLIP4
Habp4,HABP4
BC005624,C9orf78
Lrg1,LRG1
Snip1,SNIP1
Myo3a,MYO3A
Mbd6,MBD6
Cd55b,CD55
Cd46,CD46
Pla2g4c,PLA2G4C
Foxp2,FOXP2
1500009L16Rik,C12orf75
D630045J12Rik,KIAA1549
Otop2,OTOP2
Edaradd,EDARADD
Lss,LSS
Yes1,YES1
Gpr151,GPR151
Ncstn,NCSTN
Fgf23,FGF23
Fgf5,FGF5
BC034090,KIAA1614
2310009B15Rik,C1orf53
Lbhd2,LBHD2
Fetub,FETUB
Zfp663,ZNF663P
Zscan10,ZSCAN10
Zkscan16,ZNF483
Zfp61,ZNF226
Zfp707,ZNF707
Zfp661,ZNF2
Zfp111,ZNF235
Zfp94,ZNF45
Zfp1,ZFP1
Zfp354c,ZNF354C
Zfp7,ZNF7
Opa3,OPA3
Tcf7,TCF7
Cd200,CD200
Zfp697,ZNF697
Matn1,MATN1
Ntn4,NTN4
Ntn3,NTN3
1110038F14Rik,C8orf33
Dnajc5b,DNAJC5B
Rab37,RAB37
A130010J15Rik,C1orf74
2610028H24Rik,C21orf58
Bcl2l14,BCL2L14
Cspg4,CSPG4
H1f5,H1-5
H1f6,H1-6
H1f4,H1-4
H1f3,H1-3
D16Ertd472e,C21orf91
Ism1,ISM1
Zbtb34,ZBTB34
Mib2,MIB2
Amh,AMH
Uncx,UNCX
Grk1,GRK1
Gpr139,GPR139
Vps13d,VPS13D
Cwf19l2,CWF19L2
Bend2,BEND2
Aph1a,APH1A
Il11,IL11
Yipf7,YIPF7
Gimap1,GIMAP1
Lpin3,LPIN3
Irgc,IRGC
Ripply2,RIPPLY2
Ripply1,RIPPLY1
Ripply3,RIPPLY3
Kctd16,KCTD16
Crybb2,CRYBB2
Crybb3,CRYBB3
Il15,IL15
Pld2,PLD2
Lgi2,LGI2
Anapc10,ANAPC10
St8sia3,ST8SIA3
Cubn,CUBN
Rhoh,RHOH
Ccdc78,CCDC78
Plag1,PLAG1
Polg,POLG
Syt8,SYT8
Fancf,FANCF
Cnpy1,CNPY1
St6galnac6,ST6GALNAC6
St8sia5,ST8SIA5
Tcf19,TCF19
Wnt5a,WNT5A
D8Ertd738e,C19orf53
Phf8,PHF8
Pdilt,PDILT
Capn13,CAPN13
Numb,NUMB
Cdkn3,CDKN3
Fgf16,FGF16
Ror2,ROR2
Brd9,BRD9
Btla,BTLA
Cd200r1l,CD200R1
Far2,FAR2
Cd300lg,CD300LG
Fcamr,FCAMR
Fcrlb,FCRLB
Cd22,CD22
Ffar2,FFAR2
Fgf14,FGF14
Fanca,FANCA
Fancb,FANCB
Fance,FANCE
Popdc2,POPDC2
Usp40,USP40
Edem2,EDEM2
Hao1,HAO1
0610030E20Rik,C2orf68
C87436,C2orf42
Tmem132b,TMEM132B
Tmem132c,TMEM132C
Megf9,MEGF9
Zswim6,ZSWIM6
Crb3,CRB3
Pus7,PUS7
Ddx52,DDX52
Fgf21,FGF21
Topbp1,TOPBP1
Xpo7,XPO7
B4galt5,B4GALT5
Tbc1d1,TBC1D1
Zranb3,ZRANB3
Scube3,SCUBE3
Tom1,TOM1
Upf3a,UPF3A
Rnf26,RNF26
Zfp696,ZNF696
Tbcd,TBCD
Elmod2,ELMOD2
Inafm2,INAFM2
Cln5,CLN5
Mgp,MGP
4930503L19Rik,C18orf54
Gimap4,GIMAP4
Bcl3,BCL3
1700024G13Rik,C10orf53
Usp9y,USP9Y
Usp9x,USP9X
Fas,FAS
Nyx,NYX
Il17c,IL17C
1810030O07Rik,CXorf38
Mgat4d,MGAT4D
Fto,FTO
Nkd1,NKD1
Rbl2,RBL2
Foxe1,FOXE1
Slc36a2,SLC36A2
Slc36a3,SLC36A3
Slc36a1,SLC36A1
1700067K01Rik,C19orf67
Plce1,PLCE1
Foxe3,FOXE3
Sergef,SERGEF
Ncdn,NCDN
Aass,AASS
Hyal4,HYAL4
Prdm11,PRDM11
Tmtc3,TMTC3
Sesn2,SESN2
AA986860,C1orf116
Pla2g1b,PLA2G1B
Celsr3,CELSR3
Dgkb,DGKB
Fstl4,FSTL4
Slc27a5,SLC27A5
Dazap1,DAZAP1
Gaa,GAA
Gpx3,GPX3
Gpx5,GPX5
Gpx6,GPX6
Aldh5a1,ALDH5A1
Utrn,UTRN
Nox1,NOX1
2300009A05Rik,C15orf61
A830018L16Rik,C8orf34
Fbxo15,FBXO15
BC004004,C6orf89
Atp1b4,ATP1B4
Luc7l2,LUC7L2
Ghrh,GHRH
Vps13c,VPS13C
Itga7,ITGA7
Strn4,STRN4
Slc1a5,SLC1A5
Col6a2,COL6A2
Arhgap18,ARHGAP18
Thtpa,THTPA
Dpys,DPYS
Isoc2b,ISOC2
Apln,APLN
Nostrin,NOSTRIN
Gba2,GBA2
Pex1,PEX1
Hrh1,HRH1
Arhgef11,ARHGEF11
Fadd,FADD
Cystm1,CYSTM1
Bmpr2,BMPR2
Daglb,DAGLB
Slc16a7,SLC16A7
Ghrl,GHRL
Nkx6-2,NKX6-2
Mark1,MARK1
Bbs12,BBS12
Nol9,NOL9
Lsm8,LSM8
Wrn,WRN
Purg,PURG
Blm,BLM
D930020B18Rik,C12orf56
Plscr4,PLSCR4
1700030J22Rik,C16orf46
Smc6,SMC6
4921504E06Rik,C10orf67
Tcp10a,TCP10L
Tomm40l,TOMM40L
Endod1,ENDOD1
Daam2,DAAM2
Suox,SUOX
Samd4,SAMD4A
Prr16,PRR16
Col4a2,COL4A2
Cyp2u1,CYP2U1
Herc4,HERC4
Edem3,EDEM3
Col4a3,COL4A3
Adam11,ADAM11
Dcst1,DCST1
Dcst2,DCST2
Adam22,ADAM22
Nkx6-3,NKX6-3
Adam33,ADAM33
Adamts1,ADAMTS1
Adamts13,ADAMTS13
Adamtsl4,ADAMTSL4
Tars2,TARS2
Mmp11,MMP11
Ovol3,OVOL3
Grik4,GRIK4
Grik5,GRIK5
Chrna3,CHRNA3
Trpc1,TRPC1
Cep78,CEP78
Map3k3,MAP3K3
Them6,THEM6
Gpr101,GPR101
Scn2b,SCN2B
Pcsk1,PCSK1
Cgnl1,CGNL1
Fem1b,FEM1B
Arhgap20,ARHGAP20
4930550C14Rik,C11orf65
Ankk1,ANKK1
Cysltr2,CYSLTR2
Ttc12,TTC12
Gpr27,GPR27
Nfkbiz,NFKBIZ
Gfpt2,GFPT2
Epor,EPOR
Zfp653,ZNF653
Tyk2,TYK2
Irak1,IRAK1
Ciita,CIITA
Nes,NES
Lrrc10,LRRC10
Traf1,TRAF1
Irf3,IRF3
Lrrn1,LRRN1
Atg12,ATG12
Radil,RADIL
Top3a,TOP3A
Shmt2,SHMT2
Pdgfc,PDGFC
Lrrk2,LRRK2
Ift46,IFT46
Hdc,HDC
Ankrd55,ANKRD55
Il23r,IL23R
Il6ra,IL6R
Il2rb,IL2RB
Dock5,DOCK5
Dock1,DOCK1
Il7r,IL7R
Slc7a9,SLC7A9
Fgf7,FGF7
Slc35d2,SLC35D2
Tekt3,TEKT3
Wnt9b,WNT9B
Gimap3,GIMAP5
Gimap8,GIMAP8
Ccdc89,CCDC89
Gk2,GK2
Sfi1,SFI1
Kif19a,KIF19
Plek2,PLEK2
Zfp933,ZNF333
Dmgdh,DMGDH
Nfic,NFIC
Myom3,MYOM3
Tert,TERT
Sp2,SP2
Myom1,MYOM1
Klhl5,KLHL5
Dhx40,DHX40
Zfp142,ZNF142
Slc5a9,SLC5A9
Bcar3,BCAR3
Cideb,CIDEB
Nsd1,NSD1
Ddhd2,DDHD2
Slc4a1ap,SLC4A1AP
Setd1a,SETD1A
Sbno1,SBNO1
Setd5,SETD5
Nt5dc3,NT5DC3
P4hb,P4HB
Prdm13,PRDM13
Prdm6,PRDM6
Zfp683,ZNF683
Prdm15,PRDM15
Mif,MIF
Depdc1b,DEPDC1B
Pabpn1l,PABPN1L
Dok2,DOK2
Loxl4,LOXL4
Kif17,KIF17
Ctso,CTSO
Slc23a1,SLC23A1
Nsun6,NSUN6
Gdap1l1,GDAP1L1
Xk,XK
Lrrc9,LRRC9
AAdacl4fm3,AADACL4
Aadacl3,AADACL3
Mycbpap,MYCBPAP
1700028K03Rik,C1orf146
Exosc1,EXOSC1
Mbnl3,MBNL3
Wnt3,WNT3
Arhgap5,ARHGAP5
Dnah1,DNAH1
Grpr,GRPR
Appl1,APPL1
Appl2,APPL2
Mapt,MAPT
Bbs9,BBS9
Pdcd1lg2,PDCD1LG2
Cd274,CD274
4930453N24Rik,C3orf38
2510002D24Rik,C22orf39
Siglec1,SIGLEC1
2510039O18Rik,KIAA2013
Sh2d6,SH2D6
Erfe,ERFE
C030006K11Rik,C8orf82
Rtp1,RTP1
Rtp4,RTP4
Actn1,ACTN1
Map3k9,MAP3K9
Tmc8,TMC8
Stmn3,STMN3
Pacs2,PACS2
Vill,VILL
Disc1,DISC1
Gemin6,GEMIN6
Eif2ak4,EIF2AK4
Card14,CARD14
Kif19b,KIF19BP
Pfkfb1,PFKFB1
Glyatl3,GLYATL3
Gm4952,GLYAT
Hs3st6,HS3ST6
Cimap3,CIMAP3
Art3,ART3
Litafd,LITAFD
Chst8,CHST8
Chst9,CHST9
Pde6b,PDE6B
Rufy1,RUFY1
Apc2,APC2
Olfml1,OLFML1
Thumpd2,THUMPD2
Ttc6,TTC6
Erlin2,ERLIN2
Lsm10,LSM10
Eml6,EML6
Dgke,DGKE
Cacna1g,CACNA1G
Igfbp6,IGFBP6
Slc23a2,SLC23A2
Tacc1,TACC1
Erfl,ERFL
Elk1,ELK1
Nt5m,NT5M
Pcsk2,PCSK2
Pcdh17,PCDH17
Fuz,FUZ
Fat4,FAT4
Nhs,NHS
Tbx22,TBX22
F8,F8
Nms,NMS
Raver2,RAVER2
Upf2,UPF2
Skap1,SKAP1
Akap11,AKAP11
Lyl1,LYL1
Tfeb,TFEB
Plekhg2,PLEKHG2
Lrp6,LRP6
Usp54,USP54
Kcnb1,KCNB1
Kif13a,KIF13A
Tdp1,TDP1
Rpap1,RPAP1
She,SHE
Nlgn1,NLGN1
Fancm,FANCM
Efhb,EFHB
Macc1,MACC1
Amotl1,AMOTL1
Dyrk4,DYRK4
Dbf4,DBF4
Chn2,CHN2
Tbrg4,TBRG4
Gpha2,GPHA2
Ubr1,UBR1
Recql4,RECQL4
Fam98a,TSLIG3A
Birc6,BIRC6
Ltbp1,LTBP1
Slc46a3,SLC46A3
Cd96,CD96
Neto1,NETO1
Med11,MED11
Trib2,TRIB2
Trib1,TRIB1
Pds5b,PDS5B
Srxn1,SRXN1
Dennd3,DENND3
Ppm1j,PPM1J
Rnf6,RNF6
Atp8a2,ATP8A2
Gpr12,GPR12
Usp15,USP15
Usp21,USP21
Usp45,USP45
Brcc3,BRCC3
Stambpl1,STAMBPL1
Card11,CARD11
Bcl10,BCL10
Mmp21,MMP21
Ifi35,IFI35
Ppfia3,PPFIA3
Gpr75,GPR75
Ablim2,ABLIM2
Map3k8,MAP3K8
Frmpd3,FRMPD3
Afap1l2,AFAP1L2
Nhlrc2,NHLRC2
Dpy19l3,DPY19L3
Tnrc18,TNRC18
Hectd2,HECTD2
Kctd20,KCTD20
Rilp,RILP
Git1,GIT1
Asxl2,ASXL2
Tymp,TYMP
Fjx1,FJX1
Abtb2,ABTB2
Ttc17,TTC17
Isg20,ISG20
Ninj2,NINJ2
B4galnt4,B4GALNT4
Rassf3,RASSF3
Epgn,EPGN
Ppip5k1,PPIP5K1
Aldh1l2,ALDH1L2
Vmac,VMAC
Nrtn,NRTN
Chpf,CHPF
Btbd16,BTBD16
Prune1,PRUNE1
Ttbk1,TTBK1
Armc6,ARMC6
Pigu,PIGU
Kcng2,KCNG2
Ccdc88a,CCDC88A
Rock1,ROCK1
Gpr137b,GPR137B
Ccnj,CCNJ
Prok2,PROK2
Naglu,NAGLU
Clip2,CLIP2
Itgb7,ITGB7
Stx1a,STX1A
Rnf5,RNF5
Snx20,SNX20
Cpne8,CPNE8
Fes,FES
Aatk,LMTK1
Abl1,ABL1
Cachd1,CACHD1
Maml1,MAML1
Aff4,AFF4
Sned1,SNED1
Klhl30,KLHL30
Jakmip3,JAKMIP3
Ceacam18,CEACAM18
Ceacam16,CEACAM16
Cd28,CD28
Siglec15,SIGLEC15
Igsf6,IGSF6
Gimap7,GIMAP7
Gpr174,GPR174
Col4a4,COL4A4
Uimc1,UIMC1
Grk6,GRK6
Dok3,DOK3
Impg1,IMPG1
Ankrd13d,ANKRD13D
Ccdc33,CCDC33
Arhgef6,ARHGEF6
Timm22,TIMM22
Srpk3,SRPK3
Ptpn5,PTPN5
Ptprt,PTPRT
Zdbf2,ZDBF2
Ptprg,PTPRG
Atp10a,ATP10A
Gabrb3,GABRB3
Ptpn7,PTPN7
Man2c1,MAN2C1
B3galt6,B3GALT6
Pusl1,PUSL1
Mmel1,MMEL1
Cep72,CEP72
Mtrr,MTRR
Scarf2,SCARF2
Rasal3,RASAL3
Phldb3,PHLDB3
Gpr4,GPR4
Sdr42e2,SDR42E2
Ppp2r5b,PPP2R5B
Xrra1,XRRA1
Rap1gds1,RAP1GDS1
Phactr1,PHACTR1
Angpt4,ANGPT4
Anks1,ANKS1A
Cyp2r1,CYP2R1
Rxfp1,RXFP1
Ap1m1,AP1M1
Rnf167,RNF167
Cass4,CASS4
Prrc2b,PRRC2B
Nup214,NUP214
Qsox2,QSOX2
P2ry12,P2RY12
P2ry13,P2RY13
Rnf212,RNF212
Ctnnd1,CTNND1
L3mbtl4,L3MBTL4
Rinl,RINL
Kl,KL
Adamts3,ADAMTS3
Kcnk7,KCNK7
Eml3,EML3
Peli3,PELI3
Ost4,OST4
Tmem214,TMEM214
Osbpl8,OSBPL8
Glipr1l2,GLIPR1L2
Fam161a,FAM161A
Pdzd8,PDZD8
Smoc1,SMOC1
Cdkn2d,CDKN2D
Rps19bp1,RPS19BP1
Ccdc66,CCDC66
Ip6k1,IP6K1
Pot1a,POT1
Mrpl52,MRPL52
Man2a2,MAN2A2
Serpina1f,SERPINA2
Slc9b2,SLC9B2
Slc9b1,SLC9B1
Cr2,CR2
Clec9a,CLEC9A
Clec1a,CLEC1A
Clec7a,CLEC7A
Cd69,CD69
Proca1,PROCA1
Stxbp4,STXBP4
Iqub,IQUB
Arhgap9,ARHGAP9
Npc1l1,NPC1L1
Susd4,SUSD4
Gfra3,GFRA3
Shprh,SHPRH
Tpo,TPO
Dscaml1,DSCAML1
Ccdc39,CCDC39
Cntd1,CNTD1
Tex9,TEX9
B4galt3,B4GALT3
Tmem97,TMEM97
Pipox,PIPOX
Cc2d1a,CC2D1A
Klb,KLB
Intu,INTU
Cd163,CD163
Trim14,TRIM14
Rab3il1,RAB3IL1
Pwwp2b,PWWP2B
Proser1,PROSER1
Cyp27b1,CYP27B1
Prkrip1,PRKRIP1
Hmgxb3,HMGXB3
Myoz3,MYOZ3
Lgr4,LGR4
Fbxl17,FBXL17
Fam89a,FAM89A
Rps6kl1,RPS6KL1
Vash1,VASH1
Angel1,ANGEL1
Iglc3,IGLC7
Bod1l,BOD1L1
Ano3,ANO3
Fam193b,FAM193B
Mblac1,MBLAC1
Clec3a,CLEC3A
Mpped1,MPPED1
Dgkz,DGKZ
Capn7,CAPN7
Kcng3,KCNG3
Cd302,CD302
Arsb,ARSB
Mustn1,MUSTN1
Mars2,MARS2
Ogdhl,OGDHL
Fbrs,FBRS
Trpm6,TRPM6
Spata17,SPATA17
Patz1,PATZ1
Aadat,AADAT
Mfap3l,MFAP3L
Cacng5,CACNG5
Chdh,CHDH
Kcnk12,KCNK12
Ppp1r1b,PPP1R1B
Poldip3,POLDIP3
Lpar3,LPAR3
Klhl3,KLHL3
Akap6,AKAP6
Syce1,SYCE1
Syce1l,SYCE1L
9530068E07Rik,C5orf15
1700088E04Rik,C22orf23
AU021092,C16orf89
Ffar1,FFAR1
Lrrc8e,LRRC8E
Kcns1,KCNS1
Alx3,ALX3
Irag1,IRAG1
Adm,ADM
Galnt3,GALNT3
Csrnp3,CSRNP3
Grb14,GRB14
Chd5,CHD5
Gpbar1,GPBAR1
Mms19,MMS19
Clmp,CLMP
Dgki,DGKI
Kcnj6,KCNJ6
Snapc2,SNAPC2
Rasip1,RASIP1
Cckar,CCKAR
Wdr25,WDR25
Drc7,DRC7
Plekho2,PLEKHO2
Gemin7,GEMIN7
Selplg,SELPLG
Sstr4,SSTR4
Tex26,TEX26
Bahd1,BAHD1
Rpusd2,RPUSD2
Dpep3,DPEP3
Dpep2,DPEP2
Ccdc17,CCDC17
Il6,IL6
Hc,C5
Il21,IL21
Nthl1,NTHL1
Marco,MARCO
Atp13a3,ATP13A3
Rfwd3,RFWD3
Rhbdl1,RHBDL1
Ankrd40,ANKRD40
Mgmt,MGMT
Atox1,ATOX1
Ccdc69,CCDC69
Mtbp,MTBP
Tgfbr3l,TGFBR3L
Klhdc8a,KLHDC8A
Shroom3,SHROOM3
Stbd1,STBD1
Cep164,CEP164
Phf21b,PHF21B
Limd2,LIMD2
Bcl6b,BCL6B
Slc16a11,SLC16A11
Slc16a13,SLC16A13
Tnfrsf11a,TNFRSF11A
Pop1,POP1
Tnip2,TNIP2
Jmjd8,JMJD8
Gcnt7,GCNT7
Gcnt2,GCNT2
Snta1,SNTA1
Pcif1,PCIF1
Sec24a,SEC24A
Tmem132e,TMEM132E
Mcm8,MCM8
Fam161b,FAM161B
Gal3st3,GAL3ST3
Psmg4,PSMG4
Frmpd4,FRMPD4
Tub,TUB
Msantd4,MSANTD4
Gucy1a2,GUCY1A2
Ushbp1,USHBP1
Crocc,CROCC
Acsf3,ACSF3
Xrcc2,XRCC2
Dydc1,DYDC1
Dydc2,DYDC2
Tbata,TBATA
Adamts17,ADAMTS17
Adamtsl3,ADAMTSL3
Serinc4,SERINC4
Lmf1,LMF1
Chd3,CHD3
Snx25,SNX25
Ankrd34c,ANKRD34C
Dnajc14,DNAJC14
Muc5b,MUC5B
Phf13,PHF13
Pigv,PIGV
Uba7,UBA7
Slc16a8,SLC16A8
Sh3bp1,SH3BP1
Map7d3,MAP7D3
Ecm1,ECM1
Tubgcp6,TUBGCP6
Chadl,CHADL
Gmnc,GMNC
Ostn,OSTN
Igflr1,IGFLR1
Nags,NAGS
Hdac5,HDAC5
Gan,GAN
Eme2,EME2
Msantd1,MSANTD1
Il16,IL16
Stard5,STARD5
Mthfsl,MTHFS
Slc25a1,SLC25A1
Tbc1d10c,TBC1D10C
Mex3a,MEX3A
Stmnd1,STMND1
Zfat,ZFAT
Rb1cc1,RB1CC1
Mocs1,MOCS1
Nanos2,NANOS2
Nckipsd,NCKIPSD
Efemp1,EFEMP1
Rnf20,RNF20
Agap1,AGAP1
Pik3ca,PIK3CA
Sash3,SASH3
Slc6a14,SLC6A14
Shkbp1,SHKBP1
Phka2,PHKA2
Unc93b1,UNC93B1
Ptdss2,PTDSS2
Dmwd,DMWD
Gvin2,GVINP1
Card10,CARD10
Tcap,TCAP
Mtnap1,MTNAP1
Fdxr,FDXR
Fank1,FANK1
Dhx32,DHX32
Sema4d,SEMA4D
Miip,MIIP
Prrg2,PRRG2
Ccdc83,CCDC83
Akt1,AKT1
Gzf1,GZF1
Lamtor1,LAMTOR1
Spink4,SPINK4
Qpct,QPCT
Sycp2l,SYCP2L
Smim20,SMIM20
E2f1,E2F1
Zfp608,ZNF608
Umod,UMOD
Gp2,GP2
2610528J11Rik,C1orf210
Prrt3,PRRT3
Gpr33,GPR33
Msh4,MSH4
Steap2,STEAP2
Ralgapa2,RALGAPA2
Pde4a,PDE4A
Prss43,PRSS43P
Prss46,PRSS46P
Prss44,PRSS44P
Prss50,PRSS50
Prss47,PRSS47P
6430571L13Rik,C3orf18
Mxra7,MXRA7
Gm13889,C11orf96
Muc13,MUC13
Zfyve1,ZFYVE1
Erich2,ERICH2
Slc7a15,SLC7A15P
Itgal,ITGAL
Trpc3,TRPC3
Slitrk4,SLITRK4
Frmpd1,FRMPD1
Tex11,TEX11
Lrp10,LRP10
Inf2,INF2
Lin28b,LIN28B
Sco1,SCO1
Pnpla1,PNPLA1
Fads6,FADS6
Npr2,NPR2
Mcc,MCC
Cd48,CD48
Klk12,KLK12
Gprin2,GPRIN2
BC051019,C11orf16
Gpr62,GPR62
1110002E22Rik,C4orf54
Fam107a,FAM107A
Spindoc,SPINDOC
Lrrn4cl,LRRN4CL
Efcc1,EFCC1
Kdm5a,KDM5A
Dqx1,DQX1
Foxo4,FOXO4
Tex14,TEX14
Cpxm2,CPXM2
Slc7a11,SLC7A11
Stx19,STX19
Kcnj15,KCNJ15
Ssh3,SSH3
Tcaim,TCAIM
Tarm1,TARM1
Fcrla,FCRLA
Lilra5,LILRA5
Ncr1,NCR1
Gp6,GP6
Wnk2,WNK2
Slc51b,SLC51B
Ccdc166,CCDC166
Iqgap3,IQGAP3
Ppef2,PPEF2
Samd14,SAMD14
Muc12,MUC12
Muc17,MUC17
1810009A15Rik,C11orf98
Sapcd1,SAPCD1
Cfap99,CFAP99
Lsm3,LSM3
Rell1,RELL1
Manbal,MANBAL
Mad2l1bp,MAD2L1BP
Cacul1,CACUL1
Ppic,PPIC
Slc37a3,SLC37A3
Sprtn,SPRTN
Spag8,SPAG8
Hacd1,HACD1
Eng,ENG
Slc6a13,SLC6A13
Bphl,BPHL
Mlana,MLANA
Lat,LAT
C5ar1,C5AR1
Kif1c,KIF1C
Nek3,NEK3
Cenpq,CENPQ
Togaram1,TOGARAM1
Slc35d3,SLC35D3
Grik3,GRIK3
Ythdc2,YTHDC2
Tmem229a,TMEM229A
Zfp821,ZNF821
Sctr,SCTR
Cd207,CD207
Grm7,GRM7
Map4k1,MAP4K1
Tex47,TEX47
Pierce2,PIERCE2
Traf3ip3,TRAF3IP3
Evx2,EVX2
Gata4,GATA4
Wnt8b,WNT8B
Dbh,DBH
Frat2,FRAT2
Frat1,FRAT1
Sox17,SOX17
A1bg,A1BG
A2m,A2M
A3galt2,A3GALT2
A4galt,A4GALT
A4gnt,A4GNT
Aadacl2,AADACL2
Abca13,ABCA13
Abca6,ABCA6
Abca8b,ABCA8
Abca9,ABCA9
Abcd2,ABCD2
Abhd1,ABHD1
Abhd5,ABHD5
Abo,ABO
Acad12,ACAD10
Accsl,ACCSL
Acd,ACD
Ace3,ACE3P
Ackr1,ACKR1
Ackr2,ACKR2
Acot12,ACOT12
Acox2,ACOX2
Acp3,ACP3
Acp4,ACP4
Acr,ACR
Acrbp,ACRBP
Acrv1,ACRV1
Acss2,ACSS2
Actbl2,ACTBL2
Actl10,ACTL10
Actl11,ACTL11P
Actl7a,ACTL7A
Actl7b,ACTL7B
Actl9,ACTL9
Actrt1,ACTRT1
Actrt2,ACTRT2
Actrt3,ACTRT3
Acvr1c,ACVR1C
Adam18,ADAM18
Adam1a,ADAM1A
Adam1b,ADAM1B
Adam2,ADAM2
Adam39,ADAM20
Adam21,ADAM21
Adam24,ADAM24P
Adam29,ADAM29
Adam30,ADAM30
Adam32,ADAM32
Adam3,ADAM3A
Adam5,ADAM5
Adam6a,ADAM6
Adam7,ADAM7
Adamdec1,ADAMDEC1
Adamts14,ADAMTS14
Adamts16,ADAMTS16
Adamts19,ADAMTS19
Adamts20,ADAMTS20
Adamts4,ADAMTS4
Adamts5,ADAMTS5
Adamts7,ADAMTS7
9530026P05Rik,ADAMTS9-AS2
Adamtsl1,ADAMTSL1
Adap1,ADAP1
Adcy10,ADCY10
Adcy4,ADCY4
Adgrd2-ps,ADGRD2
Adgre4,ADGRE4P
Adig,ADIG
Adora1,ADORA1
Aen,AEN
Afm,AFM
Afp,AFP
Agbl1,AGBL1
Agbl3,AGBL3
Ager,AGER
Agtrap,AGTRAP
Ahnak2,AHNAK2
Ahsp,AHSP
Aif1,AIF1
Aifm3,AIFM3
Aim2,AIM2
Airn,AIRN
Ak3,AK3
Akain1,AKAIN1
Akap14,AKAP14
Akap17a,AKAP17A
Akap3,AKAP3
Akap4,AKAP4
Akap5,AKAP5
Akap7,AKAP7
Akap8,AKAP8
Akap8l,AKAP8L
Akr1d1,AKR1D1
Akr1e1,AKR1E2
Alb,ALB
Aldh1a1,ALDH1A1
Als2cl,ALS2CL
Ambn,AMBN
Amhr2,AMHR2
Amigo2,AMIGO2
Amtn,AMTN
Amz1,AMZ1
Amz2,AMZ2
Ankar,ANKAR
Ankrd16,ANKRD16
Ankrd17,ANKRD17
Ankrd23,ANKRD23
Ankrd26,ANKRD26
Ankrd31,ANKRD31
Ankrd34a,ANKRD34A
Ankrd35,ANKRD35
Ankrd37,ANKRD37
Ankrd40cl,ANKRD40CL
Ankrd42,ANKRD42
Ankrd44,ANKRD44
Ankrd60,ANKRD60
Ankrd61,ANKRD61
Ankrd63,ANKRD63
Ankrd66,ANKRD66
Ankrd7,ANKRD7
Ankub1,ANKUB1
Ano4,ANO4
Anxa10,ANXA10
Anxa2r2,ANXA2R
Anxa7,ANXA7
Aoah,AOAH
Ap2a2,AP2A2
Ap3b2,AP3B2
Ap4e1,AP4E1
Apba3,APBA3
Apcdd1,APCDD1
Apoa5,APOA5
Apobec1,APOBEC1
Apobec4,APOBEC4
Apobr,APOBR
Apoc1,APOC1
Apoc2l,APOC2
Apoc3,APOC3
Apoc4,APOC4
Apon,APONP
Aqp2,AQP2
Aqp5,AQP5
Aqp6,AQP6
Arap3,ARAP3
Arc,ARC
Arhgap26,ARHGAP26
Arhgap30,ARHGAP30
Arhgap40,ARHGAP40
Arhgap8,ARHGAP8
Arhgef26,ARHGEF26
Arih2os,ARIH2OS
Arl14epl,ARL14EPL
Arln,ARLN
Armc12,ARMC12
Armc5,ARMC5
Armc9,ARMC9
Armcx1,ARMCX1
Armcx2,ARMCX2
Armcx3,ARMCX3
Armcx4,ARMCX4
Armcx5,ARMCX5
Armcx6,ARMCX6
Armcx7-ps,ARMCX7P
Armh2,ARMH2
Armh4,ARMH4
Arrdc4,ARRDC4
Arrdc5,ARRDC5
Arsj,ARSJ
Art2b,ART2BP
Art2a,ART2P
Artn,ARTN
Asb17,ASB17
Asb9,ASB9
Ascl2,ASCL2
Ascl3,ASCL3
Ascl4,ASCL4
Ascl5,ASCL5
Asic5,ASIC5
Asph,ASPH
Asprv1,ASPRV1
Astn2,ASTN2
Asxl3,ASXL3
Gm4275,ATE1OSP
Atp12a,ATP12A
Atp13a1,ATP13A1
Atp13a4,ATP13A4
Atp13a5,ATP13A5
Atp1a4,ATP1A4
Atp2c2,ATP2C2
Atp4a,ATP4A
Atp4b,ATP4B
Atp5mc2,ATP5MC2
Atp6ap2,ATP6AP2
Atp6v0a4,ATP6V0A4
Atp6v0d2,ATP6V0D2
Atp6v1b1,ATP6V1B1
Atp9a,ATP9A
Atpsckmt,ATPSCKMT
Atrn,ATRN
5033430I15Rik,ATXN1-AS1
Atxn1l,ATXN1L
Atxn3,ATXN3
Atxn7,ATXN7
Atxn7l3b,ATXN7L3B
Aunip,AUNIP
Avpr1b,AVPR1B
Awat1,AWAT1
Awat2,AWAT2
Axl,AXL
Azin2,AZIN2
B3galnt1,B3GALNT1
B3galt9,B3GALT9
B3gat3,B3GAT3
B3gnt4,B3GNT4
B3gnt6,B3GNT6
Bak1,BAK1
Banf2,BANF2
Bank1,BANK1
Batf2,BATF2
Bbx,BBX
Bcas1,BCAS1
Bche,BCHE
Bcl2a1c,BCL2A1
Bcl2l15,BCL2L15
Bcl2l2,BCL2L2
Bcl7c,BCL7C
Bclaf1,BCLAF1
Bend4,BEND4
Best3,BEST3
Bex3,BEX3
Bex4,BEX4
Bfar,BFAR
Bfsp1,BFSP1
Bik,BIK
Bltp2,BLTP2
Bmncr,BMNCR
Bmp8b,BMP8B
Bmx,BMX
Bnip2,BNIP2
Bnip5,BNIP5
Boll,BOLL
Bpi,BPI
Bpifa1,BPIFA1
Bpifa2,BPIFA2
Bpifa3,BPIFA3
Bpifb1,BPIFB1
Bpifb2,BPIFB2
Bpifb3,BPIFB3
Bpifb4,BPIFB4
Bpifb5,BPIFB5P
Bpifb6,BPIFB6
Bpifb9a,BPIFB9P
Bpifc,BPIFC
Bpnt1,BPNT1
Brca1,BRCA1
Brd10,BRD10
Brd3os,BRD3OS
Brix1,BRIX1
Brme1,BRME1
Brs3,BRS3
Bsph1,BSPH1
Bst1,BST1
Bst2,BST2
Btbd1,BTBD1
Btbd18,BTBD18
Btbd19,BTBD19
Btk,BTK
Btnl12,BTNL12P
Btnl2,BTNL2
Btrc,BTRC
Gm17455,C10orf105
4933402N03Rik,C10orf120
9430038I01Rik,C10orf143
4933411K16Rik,C10orf62
Gm5901,C11orf42
Gm5617,C11orf71
2010003K11Rik,C11orf86
A930018P22Rik,C11orf91
1700012B09Rik,C11orf97
1700113H08Rik,C12orf42
Zc3h11d,ZC3H11D
1700031M16Rik,C12orf54
BC049715,C12orf60
1700034J05Rik,C12orf71
Gm4131,C13orf42
1700029H14Rik,C13orf46
D430019H16Rik,C14orf132
A530016L24Rik,C14orf180
4930447C04Rik,C14orf39
4931414P19Rik,C14orf93
Gm14137,C15orf62
AI467606,C16orf54
4933402J07Rik,C16orf78
4933405L10Rik,C16orf86
1700037C18Rik,C16orf90
Fimp1,FIMP1
1700018B08Rik,C16orf95
4930562C15Rik,C16orf96
4930563E22Rik,C17orf100
4930544D05Rik,C17orf107
Gm40193,C17orf114
1700020L24Rik,PGBDF
1810010H24Rik,C17orf58
Gm11437,C17orf78
6030468B19Rik,IL40
BC031181,C18orf32
2900092C05Rik,C19orf18
2200002D01Rik,C19orf33
AB124611,C19orf38
2410002F23Rik,C19orf48P
1700008O03Rik,C19orf81
Gm38999,C19orf84
Gm36210,C19orf85
4930558K02Rik,C1orf105
1110065P20Rik,C1orf122
4921539E11Rik,C1orf141
I830077J02Rik,C1orf162
4930522H14Rik,C1orf185
5730409E04Rik,C1orf216
Gm7694,C1orf226
Gm30191,C1orf232
BC028528,C1orf54
Gm128,C1orf56
Gm12695,C1orf87
CK137956,C1orf94
C1ql2,C1QL2
C1qtnf3,C1QTNF3
C1qtnf7,C1QTNF7
C1ra,C1R
C1rl,C1RL
C2,C2
1700020A23Rik,C20orf141
1700003F12Rik,C20orf144
6430550D23Rik,C20orf173
Tmem74bos,C20orf202
Gm29797,C20orf204
Fam243,C21orf140
Gm867,C22orf15
4930407I10Rik,C22orf46P
C2cd2,C2CD2
C2cd4c,C2CD4C
Gm34066,C2orf66
2810459M11Rik,C2orf72
Dema1,DEMA1
Gm4884,C2orf78
D630023F18Rik,C2orf80
1700003E16Rik,C2orf81
4933424G06Rik,C2orf92
C3ar1,C3AR1
4930590J08Rik,FAM194C
BC048671,C3orf22
Gm11100,C3orf49
BC016579,C3orf52
1700102P08Rik,C3orf62
1110032F04Rik,C3orf80
Gm5485,C3orf85
Gm35549,C3orf86P
4930579F01Rik,C4orf17
1700016H13Rik,C4orf36
4930579G24Rik,C4orf46
Gm1043,C4orf50
1700011L22Rik,C4orf51
C5ar2,C5AR2
Gm94,C5orf46
4930524B15Rik,C5orf47
4921536K21Rik,C5orf52
4930469K13Rik,C5orf58
1700010I14Rik,C6orf118
AI661453,C6orf132
9130008F23Rik,C6orf141
2300002M23Rik,C6orf15
Gm136,C6orf163
D17H6S53E,C6orf47
Gm11992,C7orf57
AI429214,C8orf48
9930012K11Rik,C8orf58
Gm11837,C8orf88
4930444P10Rik,C8orf89
Gm6569,C8orf90
D630039A03Rik,C9orf152
4921517D22Rik,C9orf153
D030056L22Rik,C9orf40
4933430I17Rik,C9orf43
1700001O22Rik,C9orf50
Gm3443,C9orf57
Ca11,CA11
Caap1,CAAP1
Cabs1,CABS1
Cabyr,CABYR
Cage1,CAGE1
Calcoco2,CALCOCO2
Calhm3,CALHM3
Calml3,CALML3
Calm5,CALML5
Calr4,CALR4P
Caly,CALY
Camkk2,CAMKK2
Camp,CAMP
Capn6,CAPN6
Capza3,CAPZA3
Card6,CARD6
Carmn,CARMN
Carns1,CARNS1
Casp14,CASP14
Casp16,CASP16P
Catsper1,CATSPER1
Catsper2,CATSPER2
Catsper3,CATSPER3
Catsper4,CATSPER4
Catsperb,CATSPERB
Catsperd,CATSPERD
Catspere1,CATSPERE
Catsperg1,CATSPERG
Catsperh,CATSPERH
Catsperq,CATSPERQ
Capstert,CATSPERT
Catsperz,CATSPERZ
Cblb,CBLB
Cblif,CBLIF
Cbln1,CBLN1
Cbln3,CBLN3
Cby2,CBY2
Cc2d2b,CC2D2B
Ccdc107,CCDC107
Ccdc110,CCDC110
Ccdc112,CCDC112
Ccdc116,CCDC116
Ccdc121rt2,CCDC121
Ccdc122,CCDC122
Ccdc138,CCDC138
Ccdc148,CCDC148
Ccdc152,CCDC152
Ccdc154,CCDC154
Ccdc158,CCDC158
Ccdc159,CCDC159
Ccdc160,CCDC160
Ccdc162,CCDC162P
Ccdc163,CCDC163
Ccdc178,CCDC178
Ccdc179,CCDC179
Ccdc182,CCDC182
Ccdc183,CCDC183
Ccdc184,CCDC184
Ccdc185,CCDC185
Ccdc187,CCDC187
Ccdc188,CCDC188
Ccdc190,CCDC190
Ccdc192,CCDC192
Ccdc194,CCDC194
Ccdc196,CCDC196
Ccdc198,CCDC198
Ccdc200,CCDC200
Ccdc201,CCDC201
Ccdc27,CCDC27
Ccdc38,CCDC38
Ccdc54,CCDC54
Ccdc60,CCDC60
Ccdc68,CCDC68
Ccdc7a,CCDC7
Ccdc70,CCDC70
Ccdc71l,CCDC71L
Ccdc8,CCDC8
Ccdc81,CCDC81
Ccdc91,CCDC91
Ccdc9b,CCDC9B
Ccer1,CCER1
Ccer2,CCER2
Cchcr1,CCHCR1
Ccin,CCIN
Ccl1,CCL1
Ccl17,CCL17
Ccl22,CCL22
Ccl26,CCL26
Ccn3,CCN3
Ccnb1ip1,CCNB1IP1
Ccnl2,CCNL2
Ccno,CCNO
Ccrl2,CCRL2
Cct8,CCT8
Cd101,CD101
Cd14,CD14
Cd160,CD160
Lypd10,CD177
Cd19,CD19
Cd1d2,CD1D
Cd24a,CD24
Cd244a,CD244
Cd27,CD27
Cd300a,CD300A
Cd300c,CD300C
Cd300e,CD300E
Cd300lb,CD300LB
Cd300ld,CD300LD
Cd300lf,CD300LF
Cd320,CD320
Siglech,CD33
Cd34,CD34
Cd38,CD38
Cd3d,CD3D
Cd3e,CD3E
Cd3g,CD3G
Cd47,CD47
Cd5,CD5
Cd52,CD52
Cd5l,CD5L
Cd6,CD6
Cd68,CD68
Cd70,CD70
Cd72,CD72
Cd80,CD80
Cd84,CD84
Cd86,CD86
Cd9,CD9
Cd93,CD93
Cdc20b,CDC20B
Cdc25a,CDC25A
Cdc25b,CDC25B
Cdc25c,CDC25C
Cdc42bpg,CDC42BPG
Cdca2,CDCA2
Cdh20,CDH20
Cdh22,CDH22
Cdh24,CDH24
Cdhr17,CDHR17P
Cdhr18,CDHR18P
Cdhr2,CDHR2
Cdhr3,CDHR3
Cdhr4,CDHR4
Cdiptos,CDIPTOSP
Cdk2ap1,CDK2AP1
Cdk3,CDK3
Cdk6os1,CDK6-AS1
Cdkl2,CDKL2
Cdkl3,CDKL3
Cdkl4,CDKL4
Cdrt4,CDRT4
Cdsn,CDSN
Cdyl2,CDYL2
Ceacam1,CEACAM1
Ceacam19,CEACAM19
Cebpzos,CEBPZOS
Cend1,CEND1
Cenpa,CENPA
Cenpb,CENPB
Cenpc1,CENPC
Cenpi,CENPI
Cep152,CEP152
Cep250,CEP250
Cep295nl,CEP295NL
Cep85l,CEP85L
Cep95,CEP95
Cerox1,CEROX1
Cers1,CERS1
Cetn1,CETN1
Cfap141,CFAP141
Cfap20dc,CFAP20DC
Cfap44,CFAP44
Cfap46,CFAP46
Cfap47,CFAP47
Cfap54,CFAP54
Cfap69,CFAP69
Cfap95,CFAP95
Cfap97d1,CFAP97D1
Cfap97d2,CFAP97D2
Cggbp1,CGGBP1
Chaer1,CHAER1
Champ1,CHAMP1
Chaserr,CHASERR
Chchd5,CHCHD5
Chchd7,CHCHD7
Chct1,CHCT1
Gm19935,CHD9NB
Chga,CHGA
Chka,CHKA
Chlsn,CHLSN
Chrdl1,CHRDL1
Chst13,CHST13
Cib4,CIB4
Cibar2,CIBAR2
Cilk1,CILK1
Cimap1c,CIMAP1C
Cimap2,CIMAP2
Cimip1,CIMIP1
Cimip2a,CIMIP2A
Cimip3,CIMIP3
Cimip4,CIMIP4
Cimip6,CIMIP6
Cimip7,CIMIP7
Cirop,CIROP
Cisd3,CISD3
Gm3336,CIST1
Cistr,CISTR
Ckap2,CKAP2
Cklf,CKLF
Clba1,CLBA1
Clcn6,CLCN6
Cldn16,CLDN16
Cldn20,CLDN20
Cldn22,CLDN22
Cldn24,CLDN24
Cldn25,CLDN25
Cldn34c1,CLDN34
Cldnd2,CLDND2
Clec12a,CLEC12A
Clec12b,CLEC12B
Clec1b,CLEC1B
Clec2e,CLEC2D
Clec2l,CLEC2L
Clec4g,CLEC4G
Clec5a,CLEC5A
Clhc1,CLHC1
Clic6,CLIC6
Clip3,CLIP3
Clk1,CLK1
Clk3,CLK3
Clmb,CLMB
Cln8,CLN8
Clnk,CLNK
Clps,CLPS
Clpsl2,CLPSL2
Clrn3,CLRN3
Clspn,CLSPN
Clvs1,CLVS1
Cmc4,CMC4
Cmtm1,CMTM1
Cmtm2b,CMTM2
Cmtm5,CMTM5
Cnbd2,CNBD2
Cnnm1,CNNM1
Cnnm3,CNNM3
Cnnm4,CNNM4
Cntn6,CNTN6
Coil,COIL
Col20a1,COL20A1
Col24a1,COL24A1
Col25a1,COL25A1
Col26a1,COL26A1
Col3a1,COL3A1
Col6a1,COL6A1
Coprs,COPRS
Cops7a,COPS7A
Cops7b,COPS7B
Cox10,COX10
Cox6c,COX6C
Cox8b,COX8BP
Cox8c,COX8C
Coxfa4l2,COXFA4L2
Cpa3,CPA3
Cplx1,CPLX1
Cpne6,CPNE6
Cpq,CPQ
Cpsf4l,CPSF4L
Cpsf7,CPSF7
Cpxcr1,CPXCR1
Crct1,CRCT1
Creld1,CRELD1
Crisp4,CRISP1
Crisp2,CRISP2
Crisp1,CRISP3
Crnde,CRNDE
Crnn,CRNN
Crocc2,CROCC2
Crtam,CRTAM
Crybg3,CRYBG3
Cryzl2,CRYZL2P
Csf2,CSF2
Csf2ra,CSF2RA
Csn1s1,CSN1S1
Csn1s2a,CSN1S2AP
Csn1s2b,CSN1S2BP
Csn2,CSN2
Csn3,CSN3
Csnk1g3,CSNK1G3
Csnk2a2ip,CSNK2A2IP
Cst11,CST11
Cst12,CST12P
Cst13,CST13P
Cst3,CST3
Cst5,CST5
Cst6,CST6
Cst7,CST7
Cst8,CST8
Cstf2t,CSTF2T
Cstl1,CSTL1
Ct55,CT55
Ctcfl,CTCFL
Ctf1,CTF1
Ctf2,CTF2P
Ctsw,CTSW
Ctxn3,CTXN3
Ctxnd1,CTXND1
Ctxnd2,CTXND2
Cul7,CUL7
Cul9,CUL9
Cuta,CUTA
Cwh43,CWH43
Cx3cl1,CX3CL1
Cxcl10,CXCL10
Cxcl13,CXCL13
Cxcl16,CXCL16
Cxcl17,CXCL17
Cxcr1,CXCR1
Cxcr2,CXCR2
Cxcr5,CXCR5
Cxcr6,CXCR6
Gm7073,CXorf66
Cyb5rl,CYB5RL
Cylc1,CYLC1
Cylc2,CYLC2
Cym,CYMP
Cyp27a1,CYP27A1
Cyp2e1,CYP2E1
Cyp2s1,CYP2S1
Cyp2t4,CYP2T1P
Cyp4b1,CYP4B1
Cyp4x1,CYP4X1
Cyren,CYREN
Cys1,CYS1
Cysrt1,CYSRT1
Cytl1,CYTL1
Dalir,DALIR
Dancr,DANCR
Dcdc2c,DCDC2C
Dcstamp,DCSTAMP
Dcun1d5,DCUN1D5
Ddit4l,DDIT4L
Ddn,DDN
Ddx10,DDX10
Ddx25,DDX25
Ddx5,DDX5
Ddx50,DDX50
Ddx60,DDX60
Defa16,DEFA5
Defa-rs12,DEFA6
Defb1,DEFB1
Defb48,DEFB109B
Defb41,DEFB110
Defb18,DEFB113
Defb28,DEFB115
Defb29,DEFB116
Defb21,DEFB118
Defb19,DEFB119
Defb36,DEFB123
Defb25,DEFB124
Defb26,DEFB125
Defb22,DEFB126
Defb20,DEFB128
Defb23,DEFB129
Defb30,DEFB135
Defb42,DEFB136
Dennd4b,DENND4B
Depp1,DEPP1
Deup1,DEUP1
Dgat2l6,DGAT2L6
Dgkd,DGKD
Dgkg,DGKG
Dgkk,DGKK
Dgkq,DGKQ
Diaph1,DIAPH1
Dimt1,DIMT1
Dio3os,DIO3OS
Diras2,DIRAS2
Dkc1,DKC1
Dkk4,DKK4
Dkkl1,DKKL1
Dlk1,DLK1
Dlx6os1,DLX6-AS1
Dmbt1,DMBT1
Cdcp3,DMBT1L1
Dmkn,DMKN
Dmp1,DMP1
Dmpk,DMPK
Dmrta1,DMRTA1
Dmrtb1,DMRTB1
Dmrtc1b,DMRTC1B
Dmrtc2,DMRTC2
Dmxl1,DMXL1
Dnaaf8,DNAAF8
Dnah14,DNAH14
Dnah17,DNAH17
Dnah6,DNAH6
Dnah8,DNAH8
Dnajc12,DNAJC12
Dnajc13,DNAJC13
Dnhd1,DNHD1
Dnmt3l,DNMT3L
Dnttip1,DNTTIP1
Doc2g,DOC2GP
Dock11,DOCK11
Dok5,DOK5
Donson,DONSON
Dph5,DPH5
Dpp10,DPP10
Dpp8,DPP8
Dppa2,DPPA2
Dppa3,DPPA3
Dppa4,DPPA4
Dppa5a,DPPA5
Dpy19l4,DPY19L4
Drc11l,DRC11L
Drp2,DRP2
Dsn1,DSN1
Dspp,DSPP
Dubr,DUBR
Dus1l,DUS1L
Dusp26,DUSP26
Dusp7,DUSP7
Dusp9,DUSP9
Dynap,DYNAP
Dynlt1f,DYNLT1
Dynlt2a2,DYNLT2
Dynlt4,DYNLT4
Dzip3,DZIP3
Ebf4,EBF4
Ecel1,ECEL1
Ect2l,ECT2L
Eddm13,EDDM13
Eea1,EEA1
Eef1akmt3,EEF1AKMT3
Efcab15,EFCAB15P
Efcab3,EFCAB3
Efcab5,EFCAB5
Efcab8,EFCAB8
Efcab9,EFCAB9
Egfem1,EGFEM1P
Egflam,EGFLAM
Ehd3,EHD3
Eid1,EID1
Eid2,EID2
Eid2b,EID2B
Elane,ELANE
Eldr,ELDR
Elf3,ELF3
Elf5,ELF5
Ell3,ELL3
Elovl3,ELOVL3
Emcn,EMCN
Eml4,EML4
Emx2os,EMX2OS
Enam,ENAM
Endov,ENDOV
Enho,ENHO
Enkur,ENKUR
Enpp3,ENPP3
Enthd1,ENTHD1
Entpd1,ENTPD1
Entpd7,ENTPD7
Epb41l2,EPB41L2
Epb42,EPB42
Epcip,EPCIP
Epha10,EPHA10
Epha5,EPHA5
Ephb1,EPHB1
Ephx3,EPHX3
Epm2aip1,EPM2AIP1
Epop,EPOP
Eppk1,EPPK1
Eqtn,EQTN
Eras,ERAS
Ereg,EREG
Eri3,ERI3
Erich1,ERICH1
Erich4,ERICH4
Erich5,ERICH5
Erich6,ERICH6
Erich6b,ERICH6B
Erln,ERLN
Ermap,ERMAP
Ermard,ERMARD
Ermn,ERMN
Ermp1,ERMP1
Erp27,ERP27
Erp29,ERP29
Syna,ERVFRD-1
Esx1,ESX1
Etv3,ETV3
Etv3l,ETV3L
Evc,EVC
Evc2,EVC2
Evi2a,EVI2A
Evi2b,EVI2B
Exog,EXOG
Exph5,EXPH5
Ezhip,EZHIP
F11,F11
F12,F12
F2rl3,F2RL3
Fam124a,FAM124A
Fam124b,FAM124B
Fam13b,FAM13B
Fam13c,FAM13C
Fam162b,FAM162B
Fam170a,FAM170A
Fam170b,FAM170B
Fam171b,FAM171B
Fam174a,FAM174A
Fam178b,FAM178B
Fam180a,FAM180A
Fam181a,FAM181A
Fam181b,FAM181B
Fam186a,FAM186A
Fam186b,FAM186B
Fam187a,FAM187A
Fam187b,FAM187B
Fam216a,FAM216A
Fam216b,FAM216B
Fam217a,FAM217A
Fam221b,FAM221B
Fam227a,FAM227A
Fam227b,FAM227B
Fam229a,FAM229A
Fam229b,FAM229B
Fam237a,FAM237A
Fam237b,FAM237B
Fam240a,FAM240A
Fam240b,FAM240B
Fam241b,FAM241B
Fam3b,FAM3B
Fam3d,FAM3D
Fam53a,FAM53A
Fam76a,FAM76A
Fam81a,FAM81A
Fam90a1a,FAM90A2P
Fam98c,TSLIG3C
Fancd2os,FANCD2OS
Fastkd5,FASTKD5
Fate1,FATE1
Fbf1,FBF1
Fbln7,FBLN7
Fbxl12,FBXL12
Fbxl16,FBXL16
Fbxl21,FBXL21P
Fbxl8,FBXL8
Fbxo17,FBXO17
Fbxo24,FBXO24
Fbxo27,FBXO27
Fbxo33,FBXO33
Fbxo39,FBXO39
Fbxo47,FBXO47
Fbxw24,FBXW12
Fbxw7as1,FBXW7-AS1
Fcer1a,FCER1A
Fcer2a,FCER2
Fcgbp,FCGBP
Fcgr3,FCGR2A
Fcgrt,FCGRT
Fchsd1,FCHSD1
Fchsd2,FCHSD2
Fcmr,FCMR
Fcrl6,FCRL6
Fcsk,FCSK
Fendrr,FENDRR
Fer1l5,FER1L5
Ferd3l,FERD3L
Ffar4,FFAR4
Fgd2,FGD2
Firre,FIRRE
Fiz1,FIZ1
Fkbp4,FKBP4
Flacc1,FLACC1
Flg2,FLG2
Flt3l,FLT3LG
Flywch1,FLYWCH1
Flywch2,FLYWCH2
Fmr1nb,FMR1NB
Fn1,FN1
Fndc1,FNDC1
Fndc11,FNDC11
Fndc8,FNDC8
Fndc9,FNDC9
Foxc2,FOXC2
Foxj2,FOXJ2
Foxs1,FOXS1
Fra10ac1,FRA10AC1
Frem3,FREM3
Frey1,FREY1
Frrs1l,FRRS1L
Fsbp,FSBP
Fscb,FSCB
Fscn3,FSCN3
Fsd2,FSD2
Fsip2,FSIP2
Fsip2l,FSIP2LP
Ftx,FTX
Fut1,FUT1
Fut2,FUT2
Fut4,FUT4
Fxyd2,FXYD2
Fxyd3,FXYD3
Fxyd4,FXYD4
Fxyd5,FXYD5
Fxyd7,FXYD7
Fzd10os,FZD10-AS1
G6pc2,G6PC2
Gabre,GABRE
Gabrg3,GABRG3
Gabrq,GABRQ
Gadl1,GADL1
Galnt10,GALNT10
Galnt15,GALNT15
Galnt16,GALNT16
Galnt5,GALNT5
Galnt9,GALNT9
Galp,GALP
Gapt,GAPT
Garin1a,GARIN1A
Garin1b,GARIN1B
Garin2,GARIN2
Garin3,GARIN3
Garin4,GARIN4
Garin5a,GARIN5A
Garin5b,GARIN5B
Garre1,GARRE1
Gas2l2,GAS2L2
Gast,GAST
Gcat,GCAT
Gcc2,GCC2
Gck,GCK
Gcm1,GCM1
Gcnt1,GCNT1
Gcnt3,GCNT3
Gcsam,GCSAM
Gdf15,GDF15
Gen1,GEN1
Gfy,GFY
Gga2,GGA2
Ggn,GGN
Ggnbp1,GGNBP1
Ggt7,GGT7
Ggta1,GGTA1
Gimap6,GIMAP6
Gimd1,GIMD1
Gin1,GIN1
Gja6,GJA6P
Gjc3,GJC3
Gjd2os,GJD2-DT
Gjd3,GJD3
Gkn1,GKN1
Gkn2,GKN2
Gkn3,GKN3P
Gla,GLA
Glis1,GLIS1
Glp1r,GLP1R
Glp2r,GLP2R
Glt6d1,GLT6D1
Glycam1,GLYCAM1
Gml,GML
Gna14,GNA14
Gnasas1,GNAS-AS1
Gnat3,GNAT3
Gng10,GNG10
Gng2,GNG2
Gng4,GNG4
Gnrh1,GNRH1
Golga3,GOLGA3
Gon7,GON7
Got1l1,GOT1L1
Gp1ba,GP1BA
Gp5,GP5
Gpatch2l,GPATCH2L
Gpatch8,GPATCH8
Gpbp1,GPBP1
Gpihbp1,GPIHBP1
Gpld1,GPLD1
Gpr108,GPR108
Gpr119,GPR119
Gpr135,GPR135
Gpr141b,GPR141BP
Gm7582,GPR148
Gpr149,GPR149
Gpr15,GPR15
Gpr150,GPR150
Gpr152,GPR152
Gpr153,GPR153
Gpr15lg,GPR15LG
Gpr162,GPR162
Gpr165,GPR165P
Gpr21,GPR21
Gpr6,GPR6
Gpr68,GPR68
Gpr82,GPR82
Gpr87,GPR87
Gprasp1,GPRASP1
Bhlhb9,GPRASP3
Gprc5a,GPRC5A
Gprc5d,GPRC5D
Gprin1,GPRIN1
Gpsm3,GPSM3
Gramd2b,GRAMD2B
Grep1,GREP1
Grhl1,GRHL1
Grk2,GRK2
Grk3,GRK3
Grp,GRP
Grsf1,GRSF1
Grxcr2,GRXCR2
Gsc2,GSC2
Gsdma,GSDMA
Gsdmc2,GSDMC
Gsdmd,GSDMD
Gsg1,GSG1
Gtf2h3,GTF2H3
Gtf2i,GTF2I
Gtf3c1,GTF3C1
Gtsf1l,GTSF1L
Guca2a,GUCA2A
Guca2b,GUCA2B
Gucy1b2,GUCY1B2
Gulo,GULOP
Gzmm,GZMM
H1f7,H1-7
H1f9,H1-9P
H19,H19
H2ac1,H2AC1
H2al1f,H2AL3
H2ap,H2AP
H2bl1,H2BL1P
H2bw2,H2BW1
H3f4,H3-4
Haghl,HAGHL
Hand1,HAND1
Hcfc1r1,HCFC1R1
Hck,HCK
Hcn1,HCN1
Hcrtr1,HCRTR1
Hdac2,HDAC2
Hdgf,HDGF
Hdgfl1,HDGFL1
Heatr9,HEATR9
Hectd4,HECTD4
Heph,HEPH
Herpud1,HERPUD1
Hhat,HHAT
Hhipl1,HHIPL1
Hhla1,HHLA1
Higd1b,HIGD1B
Hilpda,HILPDA
Hipk4,HIPK4
Hivep3,HIVEP3
Hjurp,HJURP
Hk3,HK3
H2-DMa,HLA-DMA
H2-DMb1,HLA-DMB
Hmgb4,HMGB4
Hmgn1,HMGN1
Hmgn5,HMGN5
Hnrnpa2b1,HNRNPA2B1
Hnrnpll,HNRNPLL
Hnrnpul2,HNRNPUL2
Hotair,HOTAIR
Hotairm1,HOTAIRM1
Hottip,HOTTIP
Hoxaas3,HOXA-AS3
Hoxa11os,HOXA11-AS
Hoxa6,HOXA6
Hoxa7,HOXA7
Hoxd1,HOXD1
Hoxd8,HOXD8
Hpgds,HPGDS
Hps6,HPS6
Hr,HR
Hrc,HRC
Hrct1,HRCT1
Hrg,HRG
Hrk,HRK
Hrnr,HRNR
Hs3st5,HS3ST5
Hsbp1l1,HSBP1L1
Hsd17b11,HSD17B11
Hsd17b13,HSD17B13
Hspa2,HSPA2
Hymai,HYMAI
Iapp,IAPP
Iars2,IARS2
Ibsp,IBSP
Icam4,ICAM4
Ice2,ICE2
Icos,ICOS
Icosl,ICOSLG
Idh3b,IDH3B
Idi2,IDI2
Idnk,IDNK
Ifi207,IFI16
Ifitm10,IFITM10
Ifngas1,IFNG-AS1
Ift25,IFT25
Ift43,IFT43
Igf2os,IGF2-AS
Igfbp4,IGFBP4
Igfbpl1,IGFBPL1
Ighd,IGHD
Ighe,IGHE
Ighj1,IGHJ2
Ighj2,IGHJ4
Ighv8-13,IGHV2-26
Ighv5-16,IGHV3-48
Igip,IGIP
Igkc,IGKC
Igkv17-127,IGKV5-2
Igsf1,IGSF1
Igsf11,IGSF11
Igsf23,IGSF23
Iho1,IHO1
Ikzf3,IKZF3
Il17b,IL17B
Il17rb,IL17RB
Il17re,IL17RE
Il18,IL18
Il18bp,IL18BP
Il18r1,IL18R1
Il18rap,IL18RAP
Il1a,IL1A
Il1f10,IL1F10
Il1r1,IL1R1
Il1r2,IL1R2
Il1rl2,IL36R
Il2,IL2
Il20rb,IL20RB
Il23a,IL23A
Il24,IL24
Il25,IL25
Il27,IL27
Il27ra,IL27RA
Il2ra,IL2RA
Il3,IL3
Il31,IL31
Il31ra,IL31RA
Il33,IL33
Il36rn,IL36RN
Il3ra,IL3RA
Il5,IL5
Il5ra,IL5RA
Il7,IL7
Il9,IL9
Il9r,IL9R
Immp1l,IMMP1L
Inafm1,INAFM1
Inca1,INCA1
Inhbc,INHBC
Inhbe,INHBE
Ino80dos,INO80D-AS1
Inpp5a,INPP5A
Insc,INSC
Insl6,INSL6
Insm2,INSM2
Insrr,INSRR
Insyn2b,INSYN2B
Ip6k3,IP6K3
Ipo5,IPO5
Iqank1,IQANK1
Iqcf1,IQCF1
Iqcf4,IQCF4P
Iqcf5,IQCF5
Iqcf6,IQCF6
Iqcj,IQCJ
Iqcm,IQCM
Iqcn,IQCN
Irak2,IRAK2
Igtp,IRGM
Irgq,IRGQ
Isx,ISX
Isyna1,ISYNA1
Itfg1,ITFG1
Itm2a,ITM2A
Itpka,ITPKA
Itpripl1,ITPRIPL1
Itpripl2,ITPRIPL2
Ivl,IVL
Iws1,IWS1
Izumo1,IZUMO1
Izumo2,IZUMO2
Izumo3,IZUMO3
Izumo4,IZUMO4
Jaml,JAML
Jchain,JCHAIN
Jhy,JHY
Jph4,JPH4
Jpx,JPX
Jrk,JRK
Jrkl,JRKL
Jsrp1,JSRP1
Jund,JUND
Kantr,KANTR
Kash5,KASH5
Katnip,KATNIP
Kbtbd11,KBTBD11
Kbtbd3,KBTBD3
Kcna5,KCNA5
Kcnab3,KCNAB3
Kcne1,KCNE1
Kcne2,KCNE2
Kcne3,KCNE3
Kcne4,KCNE4
Kcne5,KCNE5
Kcnk15,KCNK15
Kcnk16,KCNK16
Kcnk3,KCNK3
Kcnmb4,KCNMB4
Kcnq1ot1,KCNQ1OT1
Kcnq4,KCNQ4
Kcnrg,KCNRG
Kcns2,KCNS2
Kcnu1,KCNU1
Kctd11,KCTD11
Kctd18,KCTD18
Kctd19,KCTD19
Kctd21,KCTD21
Kctd3,KCTD3
Kdelr1,KDELR1
Kdm1b,KDM1B
Kdm3a,KDM3A
Kdm5d,KDM5D
Kel,KEL
Khdc3,KHDC3L
4930523C07Rik,KIAA0040
D5Ertd579e,KIAA0232
9330159F19Rik,KIAA0408
Gm14569,KIAA1210
E130308A19Rik,KIAA1958
Gm973,KIAA2012
Kif11,KIF11
Kif12,KIF12
Kif18b,KIF18B
Kif24,KIF24
Kif27,KIF27
Kif2b,KIF2B
Kif9,KIF9
Kirrel2,KIRREL2
Klf14,KLF14
Klf16,KLF16
Klhdc1,KLHDC1
Klhdc7a,KLHDC7A
Klhdc7b,KLHDC7B
Klhdc9,KLHDC9
Klhl1,KLHL1
Klhl28,KLHL28
Klhl29,KLHL29
Klhl33,KLHL33
Klhl34,KLHL34
Klhl6,KLHL6
Klhl9,KLHL9
Klk1b24,KLK1
Klk10,KLK10
Klk11,KLK11
Klk13,KLK13
Klk14,KLK14
Klk15,KLK15
Klk4,KLK4
Klk5,KLK5
Klk6,KLK6
Klk7,KLK7
Klk8,KLK8
Klk9,KLK9
Klkb1,KLKB1
Klrb1a,KLRB1
Klrd1,KLRD1
Klrg1,KLRG1
Klrg2,KLRG2
Kndc1,KNDC1
Kplce,KPLCE
Kpnb1,KPNB1
Kprp,KPRP
Krabd3,KRABD3
Krabd5,KRABD5
Kras,KRAS
Krcc1,KRCC1
Kremen2,KREMEN2
Krt10,KRT10
Krt20,KRT20
Krt23,KRT23
Krt24,KRT24
Krt25,KRT25
Krt26,KRT26
Krt27,KRT27
Krt28,KRT28
Krt32,KRT32
Krt33a,KRT33A
Krt35,KRT35
Krt36,KRT36
Krt39,KRT39
Krt40,KRT40
Krt80,KRT80
Krt88,KRT88P
Krt9,KRT9
Krtap11-1,KRTAP11-1
Krtap12-23,KRTAP12-2
Krtap13-22,KRTAP13-2
Krtap13-24,KRTAP13-3
Krtap15-1,KRTAP15-1
Krtap16-1,KRTAP16-1
Krtap17-1,KRTAP17-1
Krtap16-3,KRTAP19-1
Krtap19-4,KRTAP19-3
Krtap19-2,KRTAP19-5
Krtap19-5,KRTAP19-8
Krtap20-22,KRTAP20-1
Krtap20-24,KRTAP20-2
Krtap24-1,KRTAP24-1
Krtap26-1,KRTAP26-1
Krtap27-1,KRTAP27-1
Krtap29-1,KRTAP29-1
Krtap3-1,KRTAP3-1
Krtap3-2,KRTAP3-3
Krtap4-16,KRTAP4-1
Krtap4-25,KRTAP4-11
Gm4553,KRTAP5-2
Krtap5-25,KRTAP5-4
Krtap7-1,KRTAP7-1
Krtap8-1,KRTAP8-1
Krtap9-5,KRTAP9-1
Krtap9-22,KRTAP9-4
Krtcap3,KRTCAP3
Krtdap,KRTDAP
L1td1,L1TD1
L3hypdh,L3HYPDH
Lag3,LAG3
Lage3,LAGE3
Lancl3,LANCL3
Laptm5,LAPTM5
B230217C12Rik,LASP1NB
Lat2,LAT2
Lax1,LAX1
Lbhd1,LBHD1
Lbp,LBP
Lca5l,LCA5L
Lce6a,LCE6A
2210017I01Rik,LCE7A
Lcmt2,LCMT2
Lcn10,LCN10
Lcn15,LCN15
Lcn6,LCN6
Lcn8,LCN8
Lcn9,LCN9
Ldaf1,LDAF1
Ldc1,LDC1P
Ldlrad1,LDLRAD1
Ldoc1,LDOC1
Lelp1,LELP1
Lemd2,LEMD2
Lgals12,LGALS12
Lgr5,LGR5
Lgr6,LGR6
Lhfpl1,LHFPL1
Lhfpl7,LHFPL7
AI606473,LHX8-AS1
Liat1,LIAT1
Lif,LIF
Lncpint,LINC-PINT
9030622O22Rik,LINC00261
2610035D17Rik,LINC00673
AI480526,LINC01089
Lncenc1,LINC01157
9330117O12Rik,LINC01170
D030068K23Rik,LINC01572
Nkx2-2os,LINC01727
Gm32929,LINC02915
Lincmd1,LINCMD1
Lipk,LIPK
Lipm,LIPM
Lipn,LIPN
Lkaaear1,LKAAEAR1
Sofu1,SOFU1
Lman1l,LMAN1L
Lmntd1,LMNTD1
Lmntd2,LMNTD2
Lmtk2,LMTK2
Lnp1,LNP1
Lnpep,LNPEP
Lonp1,LONP1
Lonrf3,LONRF3
Loricrin,LORICRIN
Lrcol1,LRCOL1
Lrrc10b,LRRC10B
Lrrc14,LRRC14
Lrrc17,LRRC17
Lrrc19,LRRC19
Lrrc25,LRRC25
Lrrc26,LRRC26
Lrrc27,LRRC27
Lrrc32,LRRC32
Lrrc36,LRRC36
Lrrc3c,LRRC3C
Lrrc43,LRRC43
Lrrc45,LRRC45
Lrrc46,LRRC46
Lrrc49,LRRC49
Lrrc55,LRRC55
Lrrc63,LRRC63
Lrrc66,LRRC66
Lrrc72,LRRC72
Lrrc74a,LRRC74A
Lrrc8b,LRRC8B
Lrrd1,LRRD1
Lrriq3,LRRIQ3
Lrriq4,LRRIQ4
Lrrn4,LRRN4
Lrrtm1,LRRTM1
Lrrtm2,LRRTM2
Lrrtm3,LRRTM3
Lrrtm4,LRRTM4
Lrtm1,LRTM1
Lrtm3,LRTM3
Lsmem1,LSMEM1
Lsmem2,LSMEM2
Lst1,LST1
Ltb,LTB
Ltbp2,LTBP2
Ltbp4,LTBP4
Ltbr,LTBR
Ltf,LTF
Lurap1l,LURAP1L
Lvrn,LVRN
Ly6d,LY6D
Ly6e,LY6E
Ly6g5b,LY6G5B
Ly6g5c,LY6G5C
Ly6g6c,LY6G6C
Ly6g6d,LY6G6D
Ly6g6e,LY6G6E
Ly6g6f,LY6G6F
Ly6h,LY6H
Ly6k,LY6K
Ly6l,LY6L
Ly9,LY9
Ly96,LY96
Lypd1,LYPD1
Lypd2,LYPD2
Lypd3,LYPD3
Lypd4,LYPD4
Lypd5,LYPD5
Lypd8,LYPD8
Lypd9,LYPD9P
Mab21l4,MAB21L4
Madcam1,MADCAM1
Mael,MAEL
Magea8,MAGEA10
Magea13,MAGEA13P
Mageb16,MAGEB16
Mageb18,MAGEB18
Mageb5b,MAGEB5
Magee2,MAGEE2
Mageh1,MAGEH1
Majin,MAJIN
Malat1,MALAT1
Mall,MALL
Mamld1,MAMLD1
Mamstr,MAMSTR
Man1a,MAN1A1
Man1c1,MAN1C1
Mansc4,MANSC4
Map2k3,MAP2K3
Map3k11,MAP3K11
Map3k6,MAP3K6
Map4,MAP4
Mapk1ip1,MAPK1IP1L
Marchf10,MARCHF10
Marcol,MARCOL
Marf1,MARF1
Mas1,MAS1
Mast4,MAST4
Matcap1,MATCAP1
Matn2,MATN2
Matr3,MATR3
Mbd3l1,MBD3L1
Mcat,MCAT
Mcemp1,MCEMP1
Mcm2,MCM2
Mcub,MCUB
Mdga1,MDGA1
Med13l,MED13L
Medag,MEDAG
Meg3,MEG3
Rian,MEG8
Mei1,MEI1
Meikin,MEIKIN
Meioc,MEIOC
Mepe,MEPE
Mettl25b,METTL25B
Mettl4,METTL4
Mex3c,MEX3C
Mex3d,MEX3D
Mfap3,MFAP3
Mfap5,MFAP5
Mgat5b,MGAT5B
Mhrt,MHRT
Miat,MIAT
Milr1,MILR1
Minar2,MINAR2
Mipol1,MIPOL1
Mir1a-1,MIR1-1
Mir1a-2,MIR1-2
Mir100,MIR100
Mir100hg,MIR100HG
Mir101a,MIR101-1
Mir101b,MIR101-2
Mir103-1,MIR103A1
Mir103-2,MIR103A2
Mir106a,MIR106A
Mir106b,MIR106B
Mir107,MIR107
Mir10a,MIR10A
Mir10b,MIR10B
Mir1193,MIR1179
Mir1197,MIR1197
Mir1199,MIR1199
Mir122,MIR122
Mir1224,MIR1224
Mir1231,MIR1231
Mir124a-1,MIR124-1
Mir124a-1hg,MIR124-1HG
Mir124a-2,MIR124-2
Mir124a-3,MIR124-3
Mir1247,MIR1247
Mir1249,MIR1249
Mir1251,MIR1251
Mir125a,MIR125A
Mir125b-1,MIR125B1
Mir125b-2,MIR125B2
Mir1264,MIR1264
Mir127,MIR127
Mir128-1,MIR128-1
Mir128-2,MIR128-2
Mir129-1,MIR129-1
Mir1291,MIR1291
Mir1298,MIR1298
Mir1306,MIR1306
Mir130a,MIR130A
Mir130b,MIR130B
Mir133a-1,MIR133A1
Mir133a-2,MIR133A2
Mir133b,MIR133B
Mir134,MIR134
Mir135a-1,MIR135A1
Mir135a-2,MIR135A2
Mir135b,MIR135B
Mir136,MIR136
Mir137,MIR137
Gm26871,MIR137HG
Mir138-1,MIR138-1
Mir138-2,MIR138-2
Mir139,MIR139
Mir141,MIR141
Mir143,MIR143
Mir144,MIR144
Mir145a,MIR145
Mir146b,MIR146B
Mir147,MIR147B
Mir148a,MIR148A
Mir148b,MIR148B
Mir149,MIR149
Mir151,MIR151A
Mir152,MIR152
Mir153,MIR153-2
Mir154,MIR154
Mir155,MIR155
Mir155hg,MIR155HG
Mir15a,MIR15A
Mir16-1,MIR16-1
Mir16-2,MIR16-2
Mir17hg,MIR17HG
Mir181a-1,MIR181A1
Mir181a-2,MIR181A2
Mir181b-1,MIR181B1
Mir181b-2,MIR181B2
Mir181c,MIR181C
Mir181d,MIR181D
Mir182,MIR182
Mir183,MIR183
Mir184,MIR184
Mir185,MIR185
Mir186,MIR186
Mir187,MIR187
Mir188,MIR188
Mir18b,MIR18B
Mir190a,MIR190A
Mir190b,MIR190B
Mir191,MIR191
Mir1912,MIR1912
Mir192,MIR192
Mir193a,MIR193A
Mir193b,MIR193B
Mir194-1,MIR194-1
Mir194-2,MIR194-2
Mir195a,MIR195
Mir196a-1,MIR196A1
Mir196a-2,MIR196A2
Mir196b,MIR196B
Mir199a-1,MIR199A1
Mir199a-2,MIR199A2
Mir199b,MIR199B
Mir19b-2,MIR19B2
Mir200a,MIR200A
Mir200b,MIR200B
Mir200c,MIR200C
Mir202,MIR202
Mir204,MIR204
Mir205,MIR205
Mir205hg,MIR205HG
Mir206,MIR206
Mir208a,MIR208A
Mir208b,MIR208B
Mir20b,MIR20B
Mir210,MIR210
Mir211,MIR211
Mir212,MIR212
Mir214,MIR214
Mir215,MIR215
Mir216a,MIR216A
Mir216b,MIR216B
Mir217,MIR217
Mir218-1,MIR218-1
Mir218-2,MIR218-2
Mir219a-1,MIR219A1
Mir219a-2,MIR219A2
Mir219b,MIR219B
Mir22,MIR22
Mir221,MIR221
Mir222,MIR222
Mir223,MIR223
Mir224,MIR224
Mir22hg,MIR22HG
Mir23a,MIR23A
Mir23b,MIR23B
Mir24-1,MIR24-1
Mir24-2,MIR24-2
Mir25,MIR25
Mir26a-1,MIR26A1
Mir26a-2,MIR26A2
Mir26b,MIR26B
Mir27a,MIR27A
Mir27b,MIR27B
Mir28a,MIR28
Mir2861,MIR2861
Mir296,MIR296
Mir298,MIR298
Mir299a,MIR299
Mir29a,MIR29A
Mir29b-1,MIR29B1
Mir29b-2,MIR29B2
Mir29c,MIR29C
Mir301,MIR301A
Mir301b,MIR301B
Mir302a,MIR302A
Mir302b,MIR302B
Mir302c,MIR302C
Mir302d,MIR302D
Mir3059,MIR3059
Mir3064,MIR3064
Mir3065,MIR3065
Mir3074-1,MIR3074
Mir3085,MIR3085
Mir30a,MIR30A
Mir30b,MIR30B
Mir30c-1,MIR30C1
Mir30c-2,MIR30C2
Mir30d,MIR30D
Mir30e,MIR30E
Mir31,MIR31
Mir3154,MIR3154
Mir32,MIR32
Mir320,MIR320A
Mir323,MIR323A
Mir324,MIR324
Mir325,MIR325
Mir326,MIR326
Mir328,MIR328
Mir330,MIR330
Mir331,MIR331
Mir335,MIR335
Mir337,MIR337
Mir338,MIR338
Mir339,MIR339
Mir33,MIR33A
Mir340,MIR340
Mir342,MIR342
Mir345,MIR345
Mir346,MIR346
Mir34a,MIR34A
Mir34b,MIR34B
Mir34c,MIR34C
Mir361,MIR361
Mir3618,MIR3618
Mir362,MIR362
Mir363,MIR363
Mir365-1,MIR365A
Mir365-2,MIR365B
Mir367,MIR367
Mir369,MIR369
Mir370,MIR370
Mir374b,MIR374B
Mir374c,MIR374C
Mir375,MIR375
Mir376a,MIR376A1
Mir376b,MIR376B
Mir376c,MIR376C
Mir377,MIR377
Mir378a,MIR378A
Mir379,MIR379
Mir380,MIR380
Mir381,MIR381
Mir382,MIR382
Mir383,MIR383
Mir384,MIR384
Mir409,MIR409
Mir410,MIR410
Mir411,MIR411
Mir412,MIR412
Mir421,MIR421
Mir423,MIR423
Mir322,MIR424
Mir425,MIR425
Mir429,MIR429
Mir431,MIR431
Mir432,MIR432
Mir433,MIR433
Morrbid,MIR4435-2HG
Mir448,MIR448
Mir449a,MIR449A
Mir449b,MIR449B
Mir449c,MIR449C
Mir450-1,MIR450A1
Mir450-2,MIR450A2
Mir450b,MIR450B
Mir451b,MIR451B
Mir452,MIR452
Mir455,MIR455
Mir483,MIR483
Mir484,MIR484
Mir485,MIR485
Mir486,MIR486-1
Mir3107,MIR486-2
Mir487b,MIR487B
Mir488,MIR488
Mir489,MIR489
Mir490,MIR490
Mir491,MIR491
Mir493,MIR493
Mir494,MIR494
Mir495,MIR495
Mir496a,MIR496
Mir497,MIR497
Mir501,MIR501
Mir503,MIR503
Mir504,MIR504
Mir505,MIR505
Mir511,MIR511
Mir532,MIR532
Mir539,MIR539
Mir541,MIR541
Mir542,MIR542
Mir543,MIR543
Mir544,MIR544A
Mir551b,MIR551B
Mir568,MIR568
Mir574,MIR574
Mir582,MIR582
Mir590,MIR590
Mir592,MIR592
Mir598,MIR598
Mir599,MIR599
Mir615,MIR615
Mir652,MIR652
Mir653,MIR653
Mir654,MIR654
Mir664,MIR664B
Mir665,MIR665
Mir668,MIR668
Mir670,MIR670
Mir670hg,MIR670HG
Mir671,MIR671
Mir6715,MIR6715A
Mir675,MIR675
Mir676,MIR676
Mir7b,MIR7-3
Mir708,MIR708
Mir711,MIR711
Mir718,MIR718
Mir744,MIR744
Mir758,MIR758
Mir759,MIR759
Mir760,MIR760
Mir761,MIR761
Mir762,MIR762
Mir764,MIR764
Mir767,MIR767
Mir770,MIR770
Mir802,MIR802
Mir873a,MIR873
Mir874,MIR874
Mir875,MIR875
Mir876,MIR876
Mir877,MIR877
Gm3764,MIR9-1HG
Mir9-2,MIR9-2
Mir9-2hg,MIR9-2HG
Mir9-3hg,MIR9-3HG
Mir92-2,MIR92A2
Mir92b,MIR92B
Mir93,MIR93
Mir96,MIR96
Mir98,MIR98
Mir99a,MIR99A
Mir99b,MIR99B
Mirlet7a-1,MIRLET7A1
Mirlet7a-2,MIRLET7A2
Mirlet7c-2,MIRLET7A3
Mirlet7b,MIRLET7B
Mirlet7c-1,MIRLET7C
Mirlet7d,MIRLET7D
Mirlet7e,MIRLET7E
Mirlet7f-1,MIRLET7F1
Mirlet7f-2,MIRLET7F2
Mirlet7g,MIRLET7G
Mirlet7i,MIRLET7I
Misfa,MISFA
Mkrn2os,MKRN2OS
Mlkl,MLKL
Mllt6,MLLT6
Mme,MME
Mmp1b,MMP1
Mmp10,MMP10
Mmp12,MMP12
Mmp24os1,MMP24OS
Mmp27,MMP27
Mmp3,MMP3
Mmp8,MMP8
Mmrn1,MMRN1
Moap1,MOAP1
Mob3b,MOB3B
Mobp,MOBP
Mog,MOG
Mok,MOK
Morc1,MORC1
Morc4,MORC4
Morf4l1,MORF4L1
Morf4l2,MORF4L2
Morn1,MORN1
Mospd3,MOSPD3
Mpdz,MPDZ
Mphosph9,MPHOSPH9
Mpig6b,MPIG6B
Mpzl1,MPZL1
Mrgprd,MRGPRD
Mrgpre,MRGPRE
Mrgprf,MRGPRF
Mrgprg,MRGPRG
Mrgprb2,MRGPRX2
Mrln,MRLN
Mro,MRO
Mroh2a,MROH2A
Mroh2b,MROH2B
Mroh3,MROH3P
Mroh4,MROH4P
Mroh5,MROH5
Mroh6,MROH6
Mroh7,MROH7
Mroh8,MROH8
Mroh9,MROH9
Mrpl42,MRPL42
Mrpl50,MRPL50
Mrpl55,MRPL55
Mrs2,MRS2
Ms4a19,MS4A19P
Msantd2,MSANTD2
Msantd3,MSANTD3
Msantd5f2,MSANTD5
Msantd7,MSANTD7
Msc,MSC
Msl3,MSL3
Msr1,MSR1
mt-Atp8,ATP8
mt-Rnr1,RNR1
mt-Rnr2,RNR2
mt-Ta,TRNA
mt-Tc,TRNC
mt-Td,TRND
mt-Te,TRNE
mt-Tf,TRNF
mt-Tg,TRNG
mt-Th,TRNH
mt-Ti,TRNI
mt-Tk,TRNK
mt-Tl1,TRNL1
mt-Tl2,TRNL2
mt-Tm,TRNM
mt-Tn,TRNN
mt-Tp,TRNP
mt-Tq,TRNQ
mt-Tr,TRNR
mt-Ts1,TRNS1
mt-Ts2,TRNS2
mt-Tt,TRNT
mt-Tv,TRNV
mt-Tw,TRNW
mt-Ty,TRNY
Mt3,MT3
Mtch1,MTCH1
Mtcl1,MTCL1
Mtcp1,MTCP1
Mterf1b,MTERF1
Mtln,MTLN
Mtrf1l,MTRF1L
Muc1,MUC1
Muc15,MUC15
Muc16,MUC16
Muc19,MUC19
Muc20,MUC20
Muc21,MUC21
Muc4,MUC4
Muc5ac,MUC5AC
Muc6,MUC6
Mucl3,MUCL3
Mxd4,MXD4
Myadml2,MYADML2
Mybphl,MYBPHL
Myh15,MYH15
Myl12a,MYL12A
Mymx,MYMX
Myo18b,MYO18B
Myo19,MYO19
Myo1a,MYO1A
Myo5c,MYO5C
Myo9b,MYO9B
Myocos,MYOCOS
Mypop,MYPOP
Myrfl,MYRFL
Mzb1,MZB1
Mzf1,MZF1
N4bp2l1,N4BP2L1
Naa16,NAA16
Naa80,NAA80
Naaa,NAAA
Naaladl2,NAALADL2
Nacad,NACAD
Nacc2,NACC2
Naip1,NAIP
Nap1l2,NAP1L2
Nap1l3,NAP1L3
Nap1l5,NAP1L5
Nbdy,NBDY
Ncbp1,NCBP1
Nckap5,NCKAP5
Ncoa7,NCOA7
Ncr3-ps,NCR3
Ndst4,NDST4
Ndufb1,NDUFB1
Ndufs2,NDUFS2
Ndufs7,NDUFS7
Neat1,NEAT1
Nebl,NEBL
Nectin4,NECTIN4
Nefh,NEFH
Neil2,NEIL2
Nek5,NEK5
Nek6,NEK6
Nek9,NEK9
Nell1,NELL1
Nemf,NEMF
Nepn,NEPNP
Neu2,NEU2
Neurl3,NEURL3
Neurog2,NEUROG2
Nfam1,NFAM1
Nfatc2ip,NFATC2IP
Nfib,NFIB
Nfkb1,NFKB1
Nfkbid,NFKBID
Nherf2,NHERF2
Nhlrc1,NHLRC1
Nhlrc3,NHLRC3
Nhlrc4,NHLRC4
Niban3,NIBAN3
Nipal1,NIPAL1
Nipal2,NIPAL2
Nisch,NISCH
Nkain3,NKAIN3
Nkg7,NKG7
Nkrf,NKRF
Nlrc4,NLRC4
Nlrc5,NLRC5
Nmnat3,NMNAT3
Nmral1,NMRAL1
Nmrk1,NMRK1
Nnat,NNAT
Nol3,NOL3
Nol4,NOL4
Nop9,NOP9
Norad,NORAD
Nos3,NOS3
Notch4,NOTCH4
Nox3,NOX3
Nox4,NOX4
Npas3,NPAS3
Npat,NPAT
Nps,NPS
Npsr1,NPSR1
Npy5r,NPY5R
Npy6r,NPY6RP
Nqo1,NQO1
Nqo2,NQO2
Nr1h2,NR1H2
Nr1i3,NR1I3
Nrep,NREP
Nrg4,NRG4
Nrgn,NRGN
Nrip3,NRIP3
Nrk,NRK
Nron,NRON
Nrsn2,NRSN2
Nsa2,NSA2
Nsg1,NSG1
Nsun7,NSUN7
Nt5c,NT5C
Nt5c3b,NT5C3B
Nt5el,NT5ELP
Ntf5,NTF4
Ntsr2,NTSR2
Nudt9,NUDT9
Nufip2,NUFIP2
Nup210l,NUP210L
Nupr2,NUPR2
Nutm1,NUTM1
Nwd2,NWD2
Nxpe2,NXPE2
Nxpe4,NXPE4
Nxph3,NXPH3
Nxph4,NXPH4
Nyap1,NYAP1
Nynrin,NYNRIN
Oas1e,OAS1
Oas2,OAS2
Oas3,OAS3
Oasl1,OASL
Oasl2,OASL2P
Oaz3,OAZ3
Odam,ODAM
Odaph,ODAPH
Odf1,ODF1
Odf2l,ODF2L
Odf4,ODF4
Ogfod1,OGFOD1
Oip5,OIP5
Olr1,OLR1
Ooep,OOEP
Oosp1,OOSP1
Oosp2,OOSP2
Opalin,OPALIN
Or10a4,OR10A4
Or10a5,OR10A5
Or10a48,OR10A6
Or10ac1,OR10AC1
Or10ad1b,OR10AD1
Or10ag56,OR10AG1
Or10c1,OR10C1
Or10d3,OR10D3
Or10g1b,OR10G2
Or10g3b,OR10G3
Or10g6,OR10G6
Or10j5,OR10J5
Or10p1,OR10P1
Or10q1b,OR10Q1
Or10s1,OR10S1
Or10v1,OR10V1
Or10w3,OR10W1
Or10x4,OR10X1
Or10z1,OR10Z1
Or11h23,OR11H7
Or11l3,OR11L1
Or13a1,OR13A1
Or13c3,OR13C3
Or13c25,OR13C8
Or13j1,OR13J1
Or14a256,OR14A2
Or2ag2b,OR2AG2
Or2aj6,OR2AJ1
Or2ak5,OR2AK2
Or6c8,OR2AP1
Or2b11,OR2B11
Or2b6,OR2B6
Or2c1,OR2C1
Or2d2b,OR2D2
Or2f1b,OR2F1
Or2f2,OR2F2
Or2h1b,OR2H1
Or2h2c,OR2H2
Or2i1,OR2I1
Or2k2,OR2K2
Or2l13b,OR2L13
Or2t1,OR2T1
Or2t6,OR2T6
Or2v1,OR2V1
Or2v2,OR2V2
Or2w1b,OR2W1
Or2w3,OR2W3
Or2z9,OR2Z1
Or3a1c,OR3A1
Or3a4,OR3A4P
Or4a73,OR4A5
Or4c11b,OR4C11
Or4c12b,OR4C12
Or4d11,OR4D11
Or4d2,OR4D2
Or4d5,OR4D5
Or4d6,OR4D6
Or4f15,OR4F15
Or4k2,OR4K2
Or4q3,OR4Q3
Or51a7,OR51A7
Or51b17,OR51B2
Or51b4,OR51B4
Or51f23,OR51C1
Or51e2,OR51E2
Or51f1d,OR51F1
Or51f2,OR51F2
Or51g1,OR51G1
Or51g2,OR51G2
Or51m1,OR51M1
Or51q1,OR51Q1
Or51s1,OR51S1
Or51t4,OR51T1
Or52d1,OR52D1
Or52e4,OR52E4
Or52e5,OR52E5
Or52h1,OR52H1
Or52j3,OR52J3
Or52n2c,OR52N2
Or52w1,OR52W1
Or52z1,OR52Z1
Or56a4,OR56A4
Or56a5,OR56A5
Or56b1b,OR56B1
Or56b34,OR56B4
Or5a1,OR5A1
Or5a21,OR5A2
Or5al5,OR5AL1
Or5an1,OR5AN1
Or5ap2,OR5AP2
Or5ar1,OR5AR1
Or5as1,OR5AS1
Or5au1,OR5AU1
Or5c1,OR5C1
Or5d36,OR5D14
Or5d16,OR5D16
Or5d47,OR5D18
Or5d45,OR5D3
Or5g23,OR5G3
Or5i1,OR5I1
Or5j3,OR5J2
Or5m11b,OR5M11
Or5m3b,OR5M3
Or5m8,OR5M8
Or5m9,OR5M9
Or5p61,OR5P2
Or5p80,OR5P3
Or5t9,OR5T1
Or5t16,OR5T2
Or5t5,OR5T3
Or5v1,OR5V1
Or5w15,OR5W2
Or6a2,OR6A2
Or6b1,OR6B1
Or6b2b,OR6B2
Or6c1b,OR6C1
Or6c2b,OR6C2
Or6c3,OR6C3
Or6c6,OR6C6
Or6c65,OR6C65
Or6c68,OR6C68
Or6c70,OR6C70
Or6c74,OR6C74
Or6c75,OR6C75
Or6c76b,OR6C76
Or6f1,OR6F1
Or6n1,OR6N1
Or6n2,OR6N2
Or6p1,OR6P1
Or6ae1,OR6Q1
Or6s1,OR6S1
Or6x1,OR6X1
Or6y1,OR6Y1
Or7a36,OR7A2P
Or7g19,OR7G3
Or8a1b,OR8A1
Or8b12c,OR8B12
Or8b4,OR8B4
Or8b8,OR8B8
Or8d23,OR8D1
Or8d2,OR8D2
Or8d4,OR8D4
Or8h8,OR8H3
Or8i2,OR8I2
Or8k1,OR8K1
Or8k25,OR8K3
Or8k20,OR8K5
Or8u3,OR8U3
Or8u8,OR8U8
Or9a7,OR9A1P
Or9a2,OR9A2
Or9a4,OR9A4
Or9g19,OR9G1
Or9g4,OR9G4
Or9i1b,OR9I1
Or9k2,OR9K2
Or9q1,OR9Q1
Or9q2,OR9Q2
Orai3,ORAI3
Oscar,OSCAR
Otop3,OTOP3
Otor,OTOR
Otub2,OTUB2
Otud1,OTUD1
Otx2os1,OTX2-AS1
Ovch2,OVCH2
Ovol2,OVOL2
Oxct1as,OXCT1-AS1
Oxsm,OXSM
P2ry14,P2RY14
P2ry6,P2RY6
P3h2,P3H2
P3r3urf,P3R3URF
Pabpc4l,PABPC4L
Pabpc5,PABPC5
Pacrgl,PACRGL
Pacsin2,PACSIN2
Pafah2,PAFAH2
Paip2,PAIP2
Pak3,PAK3
Pan3,PAN3
Pank3,PANK3
Pantr1,PANTR1
Parail,PARAIL
Paral1,PARAL1
Parp11,PARP11
Pate1,PATE1
Pate2,PATE2
Pate3,PATE3
Pate4,PATE4
Paupar,PAUPAR
Paxbp1,PAXBP1
Pcbd2,PCBD2
Pcdh9,PCDH9
Pcdhac1,PCDHAC1
Pcdhb1,PCDHB1
Pcdhb20,PCDHB14
Pcdhb22,PCDHB15
Pcdhb17,PCDHB16
Pcdhb21,PCDHB18P
Pcdhb2,PCDHB2
Pcdhb3,PCDHB3
Pcdhb9,PCDHB4
Pcdhb6,PCDHB5
Pcdhb13,PCDHB6
Pcdhb15,PCDHB7
Pcdhgb8,PCDHGB8P
Pcgf2,PCGF2
Pcgf3,PCGF3
Pcp2,PCP2
Pcsk1n,PCSK1N
Pcsk4,PCSK4
Pcyox1l,PCYOX1L
Pdcd1,PDCD1
Pdcl2,PDCL2
Pde1b,PDE1B
Pde2a,PDE2A
Pde3b,PDE3B
Pde7b,PDE7B
Pdha2,PDHA2
Pdk1,PDK1
Pdpn,PDPN
Pdzd9,PDZD9
Pea15a,PEA15
Pebp4,PEBP4
Peg10,PEG10
Peg13,PEG13
Peg3,PEG3
Pepb,PEPB
Percc1,PERCC1
Pet117,PET117
Pex39,PEX39
Pfn3,PFN3
Pfn4,PFN4
Pgc,PGC
Pgcka1,PGCKA1
Pgs1,PGS1
Phaf1,PHAF1
Phf7,PHF7
Phgr1,PHGR1
Phyhip,PHYHIP
Pi16,PI16
Pias3,PIAS3
Piezo2,PIEZO2
Pigbos1,PIGBOS1
Pigyl,PIGY
Pigz,PIGZ
Pilrb2,PILRB
Pimreg,PIMREG
Pinlyp,PINLYP
Sval2,PIP
Pip4k2b,PIP4K2B
Pirt,PIRT
Pitpnm1,PITPNM1
Pitpnm2,PITPNM2
Piwil4,PIWIL4
Pkd1l1,PKD1L1
Pkd2l2,PKD2L2
Pkdrej,PKDREJ
Pkhd1,PKHD1
Pkib,PKIB
Pla2g12b,PLA2G12B
Pla2g2a,PLA2G2A
Pla2g2c,PLA2G2C
Pla2g2d,PLA2G2D
Pla2g2e,PLA2G2E
Pla2g2f,PLA2G2F
Pla2g5,PLA2G5
Plac1,PLAC1
Plac9,PLAC9
Plagl1,PLAGL1
Plcl2,PLCL2
Plcz1,PLCZ1
Pld4,PLD4
Plekhg1,PLEKHG1
Plekhg3,PLEKHG3
Plekhg5,PLEKHG5
Plekhh3,PLEKHH3
Plet1,PLET1
Plin4,PLIN4
Plk5,PLK5
Plscr5,PLSCR5
Plut,PLUT
Pm20d2,PM20D2
Pmfbp1,PMFBP1
Pmis2,PMIS2
Pml,PML
Pmm1,PMM1
Pmp2,PMP2
Pnldc1,PNLDC1
Pnlip,PNLIP
Pnliprp1,PNLIPRP1
Pnliprp2,PNLIPRP2
Pnma1,PNMA1
Pnma2,PNMA2
Pnma3,PNMA3
Pnma5,PNMA5
Pnma8a,PNMA8A
Pnma8b,PNMA8B
Pnma8c,PNMA8C
Pnmt,PNMT
Pnpt1,PNPT1
Podnl1,PODNL1
Pofut1,POFUT1
Pogk,POGK
Pola2,POLA2
Pole,POLE
Polr1has,POLR1HASP
Pom121l12,POM121L12
Pom121l2,POM121L2
Pou2af1,POU2AF1
Pou2af3,POU2AF3
D930028M14Rik,POU2F2-AS2
Pou3f4,POU3F4
Pp2d1,PP2D1
Ppfibp1,PPFIBP1
Ppm1m,PPM1M
Ppp1r12b,PPP1R12B
Ppp1r1a,PPP1R1A
Ppp1r36,PPP1R36
Ppp1r3e,PPP1R3E
Ppp1r3f,PPP1R3F
Ppp3cb,PPP3CB
Ppp6r1,PPP6R1
Ppy,PPY
Pradc1,PRADC1
Pram1,PRAM1
Prap1,PRAP1
Prcd,PRCD
Prdm16os,PRDM16-DT
Prdm4,PRDM4
Prelid2,PRELID2
Prex1,PREX1
Prg2,PRG2
Prg3,PRG3
Prickle4,PRICKLE4
Prkar2b,PRKAR2B
Prm1,PRM1
Prm2,PRM2
Prm3,PRM3
Prnd,PRND
Procr,PROCR
Proser2,PROSER2
Prpf40b,PRPF40B
Prpf6,PRPF6
Prps2,PRPS2
Prr15,PRR15
Prr19,PRR19
Prr22,PRR22
Prr27,PRR27
Prr29,PRR29
Prr3,PRR3
Prr30,PRR30
Prr32,PRR32
Prr7,PRR7
Prr9,PRR9
Prrc2a,PRRC2A
Prrg3,PRRG3
Prrt1b,PRRT1B
Prrx2,PRRX2
Prss21,PRSS21
Prss22,PRSS22
Prss33,PRSS33
Prss36,PRSS36
Prss37,PRSS37
Prss38,PRSS38
Prss41,PRSS41
Prss42,PRSS42P
Prss45,PRSS45P
Prss48,PRSS48
Prss51,PRSS51
Prss52,PRSS52P
Prss53,PRSS53
Prss54,PRSS54
Prss55,PRSS55
Prss57,PRSS57
Prss58,PRSS58
Prss59,PRSS59P
Prtn3,PRTN3
Psapl1,PSAPL1
Psca,PSCA
Psd4,PSD4
Psors1c2,PSORS1C2
Pspn,PSPN
Psrc1,PSRC1
Pstk,PSTK
Ptcd1,PTCD1
Ptchd1,PTCHD1
Ptcra,PTCRA
Ptgdr,PTGDR
Ptgdr2,PTGDR2
Ptgr3,PTGR3
Ptms,PTMS
Ptpn14,PTPN14
Ptprcap,PTPRCAP
Ptprjos1,PTPRJ-AS1
Ptprv,PTPRVP
Pttg1ip2,PTTG1IP2
Pum3,PUM3
Pvrig,PVRIG
Pvt1,PVT1
Pxdn,PXDN
Pxt1,PXT1
Pygo2,PYGO2
Qprt,QPRT
Qrfp,QRFP
Qrich2,QRICH2
R3hdm2,R3HDM2
Rab11bos1,RAB11B-AS1
Rab11fip2,RAB11FIP2
Rab17,RAB17
Rab26,RAB26
Rab29,RAB29
Rab2b,RAB2B
Rab5if,RAB5IF
Rab7b,RAB7B
Rabgap1,RABGAP1
Rad51ap2,RAD51AP2
Rad54b,RAD54B
Raet1c,RAET1E
Rai1,RAI1
Ramp3,RAMP3
Ranbp17,RANBP17
Ranbp3l,RANBP3L
Ranbp6,RANBP6
Rarb,RARB
Rasal1,RASAL1
Rasgef1a,RASGEF1A
Rasgef1c,RASGEF1C
Rasgrp1,RASGRP1
Rassf4,RASSF4
Rbak,RBAK
Rbbp8nl,RBBP8NL
Rbsn,RBSN
Rcbtb2,RCBTB2
Rdx,RDX
Rec114,REC114
Redic1,REDIC1
Reep4,REEP4
Reno1,RENO1
Rep15,REP15
Repin1,REPIN1
Resf1,RESF1
Resp18,RESP18
Retn,RETN
Retnla,RETNLB
Rexo2,REXO2
Rexo5,REXO5
Rfpl4b,RFPL4B
Rfx8,RFX8
Rgs10,RGS10
Rgs22,RGS22
Rgsl1,RGSL1
Rhbdf2,RHBDF2
Rhob,RHOB
Rhox12,RHOXF1
Rhox2g,RHOXF2B
Ribc2,RIBC2
Riiad1,RIIAD1
Ring1,RING1
Riok2,RIOK2
Rit2,RIT2
Rita1,RITA1
Rmdn2,RMDN2
Rmnd5a,RMND5A
Rmrp,RMRP
Rn7sk,RN7SK
Rnase10,RNASE10
Rnase11,RNASE11
Rnase12,RNASE12
Rnase13,RNASE13
Rnase6,RNASE6
Rnase9,RNASE9
Rnasel,RNASEL
Rnf112,RNF112
Rnf123,RNF123
Rnf125,RNF125
Rnf135,RNF135
Rnf138,RNF138
Rnf148,RNF148
Rnf149,RNF149
Rnf166,RNF166
Rnf186,RNF186
Rnf187,RNF187
Rnf212b,RNF212B
Rnf217,RNF217
Rnf222,RNF222
Rnf223,RNF223
Rnf227,RNF227
Rnf228,RNF228
Rnf39,RNF39
Rnf40,RNF40
Rnf43,RNF43
Rnu11,RNU11
Rny1,RNY1
Rp1,RP1
Rpap3,RPAP3
Rph3al,RPH3AL
Rpl37rt,RPL37
Rpl3l,RPL3L
Rpl41,RPL41
Rpph1,RPPH1
Rps6ka2,RPS6KA2
Rps6kb2,RPS6KB2
Rptn,RPTN
Rpusd3,RPUSD3
Rrp1,RRP1
Rsbn1,RSBN1
Rsbn1l,RSBN1L
Rsc1a1,RSC1A1
Rskr,RSKR
Rtl3,RTL3
Rtl4,RTL4
Rtl5,RTL5
Rtl6,RTL6
Rtl9,RTL9
Rufy4,RUFY4
Rwdd2a,RWDD2A
Rxfp4,RXFP4
S100a2,S100A2
S100a3,S100A3
S100a8,S100A8
S100a9,S100A9
S100g,S100G
S100pbp,S100PBP
Sack1a,SACK1A
Samd15,SAMD15
Samd4b,SAMD4B
Samd5,SAMD5
Sap25,SAP25
Satl1,SATL1
Saxo1,SAXO1
Saxo5,SAXO5
Sbspon,SBSPON
Scand1,SCAND1
Scart2,SCART1
Scgb1a1,SCGB1A1
Scgb3a1,SCGB3A1
Scgb3a2,SCGB3A2
Scimp,SCIMP
Scn11a,SCN11A
Scn3b,SCN3B
Scnn1a,SCNN1A
Scnn1b,SCNN1B
Scnn1g,SCNN1G
Scpppq1,SCPPPQ1
Scrg1,SCRG1
Scrn1,SCRN1
Sct,SCT
Sdc1,SDC1
Sdr9c7,SDR9C7
Sec11c,SEC11C
Sec14l2,SEC14L2
Sec14l3,SEC14L3
Sec14l4,SEC14L4
Sec14l5,SEC14L5
Sec24b,SEC24B
Sec24c,SEC24C
Sec61a2,SEC61A2
Sectm1a,SECTM1
Sel1l2,SEL1L2
Sel1l3,SEL1L3
Selenov,SELENOV
Sema3g,SEMA3G
Septin1,SEPTIN1
Septin11,SEPTIN11
Septin12,SEPTIN12
Serinc3,SERINC3
Serpinb10,SERPINB10
Serpinb11,SERPINB11
Serpinb12,SERPINB12
Serpinb13,SERPINB13
Serpinb2,SERPINB2
Serpinb5,SERPINB5
Serpinb7,SERPINB7
Serpini2,SERPINI2
Sertad4b-ps,SERTAD4BP
Sertm1,SERTM1
Sertm2,SERTM2
Sez6l,SEZ6L
Sfrp4,SFRP4
Sfta2,SFTA2
Sftpc,SFTPC
Sgcz,SGCZ
Sgms1os1,SGMS1-AS1
Sgpl1,SGPL1
Sh2b2,SH2B2
Sh2d1b2,SH2D1B
Sh2d2a,SH2D2A
Sh3rf3,SH3RF3
Sh3tc1,SH3TC1
Shb,SHB
Shc4,SHC4
Shcbp1l,SHCBP1L
Shisa6,SHISA6
Shisal2a,SHISAL2A
Shisal2b,SHISAL2B
Shld1,SHLD1
Shoc1,SHOC1
Shpk,SHPK
Shroom4,SHROOM4
Siah3,SIAH3
Sidt1,SIDT1
Silc1,SILC1
Sirpa,SIRPA
Gm5150,SIRPB2
Sirpd,SIRPD
Sirpb1b,SIRPG
Sit1,SIT1
Slamf1,SLAMF1
Slamf6,SLAMF6
Slamf7,SLAMF7
Slamf8,SLAMF8
Slamf9,SLAMF9
Slc10a5,SLC10A5
Slc10a6,SLC10A6
Slc12a3,SLC12A3
Slc15a3,SLC15A3
Slc16a14,SLC16A14
Slc18a1,SLC18A1
Slc22a12,SLC22A12
Slc25a13,SLC25A13
Slc25a30,SLC25A30
Slc25a31,SLC25A31
Slc25a45,SLC25A45
Slc25a53,SLC25A53
Slc26a7,SLC26A7
Slc26a8,SLC26A8
Slc26a9,SLC26A9
Slc27a3,SLC27A3
Slc28a3,SLC28A3
Slc2a4,SLC2A4
Slc2a7,SLC2A7
Slc30a3,SLC30A3
Slc34a3,SLC34A3
Gprasp3,SLC35D4
Slc35f1,SLC35F1
Slc35f5,SLC35F5
Slc38a1,SLC38A1
Slc39a12,SLC39A12
Slc41a3,SLC41A3
Slc44a3,SLC44A3
Slc46a2,SLC46A2
Slc4a9,SLC4A9
Slc66a2,SLC66A2
Slc6a12,SLC6A12
Slc6a20b,SLC6A20
Slc6a7,SLC6A7
Slc7a13,SLC7A13
Slc9a9,SLC9A9
Slc9c1,SLC9C1
Slco4c1,SLCO4C1
Slco6d1,SLCO6A1
Slfn1,SLFN12
Slfn14,SLFN14
Slfn5,SLFN5
Slfnl1,SLFNL1
Slitrk1,SLITRK1
Slitrk5,SLITRK5
Slitrk6,SLITRK6
Sln,SLN
Slpi,SLPI
Slurp1,SLURP1
Slurp2,SLURP2
Smagp,SMAGP
Smarcd2,SMARCD2
Smbd1,SMBD1P
Smco1,SMCO1
Smco2,SMCO2
Smco3,SMCO3
Smcp,SMCP
Smim10l1,SMIM10L1
Smim11,SMIM11
Smim17,SMIM17
Smim22,SMIM22
Smim23,SMIM23
Smim26,SMIM26
Smim3,SMIM3
Smim30,SMIM30
Smim31,SMIM31
Smim32,SMIM32
Smim33,SMIM33
Smim34,SMIM34
Smim35,SMIM35
Smim36,SMIM36
Smim38,SMIM38
Smim39,SMIM39
Smim40,SMIM40
Smim41,SMIM41
Smim43,SMIM43
Smim45,SMIM45
Smim9,SMIM9
Smlr1,SMLR1
Smr3a,SMR3A
Smr2,SMR3B
Snca,SNCA
Snhg10,SNHG10
Snhg11,SNHG11
Snhg12,SNHG12
Snhg14,SNHG14
Snhg15,SNHG15
Snhg16,SNHG16
Snhg18,SNHG18
Snhg20,SNHG20
Snhg3,SNHG3
Snhg5,SNHG5
Snhg6,SNHG6
Snhg7,SNHG7
Snhg8,SNHG8
Snhg9,SNHG9
Snora62,SNORA62
Snora64,SNORA64
Snord123,SNORD123
Snord32a,SNORD32A
Snord33,SNORD33
Snord34,SNORD34
Snord35b,SNORD35B
Snord61,SNORD61
Snord82,SNORD82
Sntg2,SNTG2
Sntn,SNTN
Snurf,SNURF
Snx31,SNX31
Snx32,SNX32
Sohlh1,SOHLH1
Sorbs1,SORBS1
Sowahb,SOWAHB
Sox1ot,SOX1-OT
Sox21os1,SOX21-AS1
Sox30,SOX30
Sp110,SP110
Spaar,SPAAR
Spaca1,SPACA1
Spaca4,SPACA4
Spaca7,SPACA7
Spag16,SPAG16
Spag4,SPAG4
Spag5,SPAG5
Spata16,SPATA16
Spata19,SPATA19
Spata21,SPATA21
Spata22,SPATA22
Spata24,SPATA24
Spata25,SPATA25
Spata3,SPATA3
Spata31d1d,SPATA31D1
Spata31d1c,SPATA31D3
Spata31e1,SPATA31E1
Spata31f3,SPATA31F3
Spata31g1,SPATA31G1
Spata32,SPATA32
Spata33,SPATA33
Spata46,SPATA46
Spata9,SPATA9
Spatc1,SPATC1
Spatc1l,SPATC1L
Spats1,SPATS1
Spdef,SPDEF
Spdye4a,SPDYE4
Spem1,SPEM1
Spem2,SPEM2
Spem3,SPEM3
Spesp1,SPESP1
Sphk1,SPHK1
Spib,SPIB
Spin1,SPIN1
Spink1,SPINK1
Spink13,SPINK13
Spink14,SPINK14
Spink5,SPINK5
Spink6,SPINK6
Spink7,SPINK7
Spink8,SPINK8
Spink12,SPINK9
Spint3,SPINT3
Spint4,SPINT4
Spint5,SPINT5P
Spmap1,SPMAP1
Spmap2l,SPMAP2L
Spmip1,SPMIP1
Spmip10,SPMIP10
Spmip11,SPMIP11
Spmip2,SPMIP2
Spmip3,SPMIP3
Spmip4,SPMIP4
Spmip5,SPMIP5
Spmip6,SPMIP6
Spmip7,SPMIP7
Spmip8,SPMIP8
Spmip9,SPMIP9
Spn,SPN
Spocd1,SPOCD1
Spp1,SPP1
Sppl2c,SPPL2C
Sprr1a,SPRR1A
Sprr1b,SPRR1B
Sprr3,SPRR3
Sprr4,SPRR4
Sprr5,SPRR5
Spry3,SPRY3
Spsb2,SPSB2
Spta1,SPTA1
Spz1,SPZ1
Srarp,SRARP
Srgap3,SRGAP3
Sri,SRI
Srm,SRM
Srsf12,SRSF12
Srsf19,SRSF8
Ss18l1,SS18L1
Ssbp4,SSBP4
Ssc4d,SSC4D
Ssc5d,SSC5D
Ssmem1,SSMEM1
Ssr2,SSR2
Sstr1,SSTR1
Sstr3,SSTR3
St3gal6,ST3GAL6
St6galnac5,ST6GALNAC5
Stab2,STAB2
Stac2,STAC2
Stam,STAM
Stap1,STAP1
Stard6,STARD6
Stard9,STARD9
Steap4,STEAP4
Stk11ip,STK11IP
Stk32c,STK32C
Stk4,STK4
Stkld1,STKLD1
Stpg3,STPG3
Stra8,STRA8
Strit1,STRIT1
Sts,STS
Sucnr1,SUCNR1
Sugp2,SUGP2
Sult6b2,SULT6B2P
Sun3,SUN3
Sun5,SUN5
Surf6,SURF6
Susd3,SUSD3
Suv39h2,SUV39H2
Svep1,SVEP1
Swi5,SWI5
Syde1,SYDE1
Syde2,SYDE2
Syndig1,SYNDIG1
Syngr4,SYNGR4
Synj2,SYNJ2
Synpo,SYNPO
Syt11,SYT11
Syt3,SYT3
Taar7f,TAAR7P
Taar8a,TAAR8
Taf1d,TAF1D
Taf3,TAF3
Taf9,TAF9
Taf9b,TAF9B
Tas2r118,TAS2R16
Tasl,TASL
Tbc1d21,TBC1D21
Tbc1d2b,TBC1D2B
Tbc1d8,TBC1D8
Tbc1d9b,TBC1D9B
Tbx10,TBX10
Tbxas1,TBXAS1
Tc2n,TC2N
Tcea2,TCEA2
Tceal1,TCEAL1
Tceal5,TCEAL5
Tceal7,TCEAL7
Tceal8,TCEAL8
Tceal9,TCEAL9
Tceanc,TCEANC
Tcfl5,TCFL5
Tchh,TCHH
Tchhl1,TCHHL1
Tcl1,TCL1A
Tcl1b1,TCL1B
Tcp11,TCP11
Tcp11x2,TCP11X2
Tctn3,TCTN3
Tdrp,TDRP
Tead2,TEAD2
Tead4,TEAD4
Tecpr2,TECPR2
Tedc2,TEDC2
Teddm1a,TEDDM1
Teddm2,TEDDM2P
Teddm3,TEDDM3P
Tekt1,TEKT1
Tekt5,TEKT5
Tektip1,TEKTIP1
Tent5d,TENT5D
Tesl1,TES
Teshl,TESHL
Tex101,TEX101
Tex12,TEX12
Tex13b,TEX13B
Tex13c1,TEX13C
Arhgap33os,TEX14BP
Tex15,TEX15
Tex16,TEX16P
Tex19.2,TEX19
Tex21,TEX21P
Tex22,TEX22
Tex28,TEX28
Tex29,TEX29
Tex35,TEX35
Tex38,TEX38
Tex44,TEX44
Tex46,TEX46
Tex48,TEX48
Tex50,TEX50
Tex51,TEX51
Tex52,TEX52
Tex53,TEX53
Tex54,TEX54
Tex56,TEX56P
Trf,TF
Tfap4,TFAP4
Tff1,TFF1
Tff2,TFF2
Tff3,TFF3
Tgfb1i1,TGFB1I1
Tgif2,TGIF2
Tgm3,TGM3
Tgm4,TGM4
Tgm7,TGM7
Tgoln1,TGOLN2
Thap2,THAP2
5430416N02Rik,THAP9-AS1
Them7,THEM7P
Themis3,THEMIS3P
Thnsl1,THNSL1
Thoc2l,THOC2
Thsd1,THSD1
Gt(ROSA)26Sor,THUMPD3-AS1
Ticam2,TICAM2
Tifab,TIFAB
Tigd2,TIGD2
Tigd3,TIGD3
Tigd4,TIGD4
Tigd5,TIGD5
Tigit,TIGIT
Timp1,TIMP1
Timp3,TIMP3
Tincr,TINCR
Tiparp,TIPARP
Tldc2,TLDC2
Tle1,TLE1
Tle4,TLE4
Tll2,TLL2
Tm4sf1,TM4SF1
Tm4sf19,TM4SF19
Tm4sf20,TM4SF20
Tmbim7,TMBIM7P
Tmc3,TMC3
Tmc5,TMC5
Tmc7,TMC7
Tmco2,TMCO2
Tmco5a,TMCO5A
Tmco5b,TMCO5B
Tmdd1,TMDD1
Tmed11,TMED11P
Tmem102,TMEM102
Tmem109,TMEM109
Tmem114,TMEM114
Tmem132d,TMEM132D
Tmem139,TMEM139
Tmem140,TMEM140
Tmem143,TMEM143
Tmem151a,TMEM151A
Tmem156,TMEM156
Tmem158,TMEM158
Tmem164,TMEM164
Tmem171,TMEM171
Tmem176b,TMEM176B
Tmem181a,TMEM181
Tmem190,TMEM190
Tmem198b,TMEM198B
Tmem200b,TMEM200B
Tmem202,TMEM202
Tmem207,TMEM207
Tmem210,TMEM210
Tmem212,TMEM212
Tmem213,TMEM213
Tmem215,TMEM215
Tmem217b,TMEM217B
Tmem225,TMEM225
Tmem233,TMEM233
Tmem238l,TMEM238L
Tmem239,TMEM239
Tmem247,TMEM247
Tmem25,TMEM25
Tmem250,TMEM250
Tmem252,TMEM252
Tmem255b,TMEM255B
Tmem265,TMEM265
Tmem270,TMEM270
Tmem271rt,TMEM271
Tmem273,TMEM273
Tmem274,TMEM274P
Tmem275,TMEM275
Tmem278,TMEM278
Tmem35b,TMEM35B
Tmem40,TMEM40
Tmem52,TMEM52
Tmem52b,TMEM52B
Tmem61,TMEM61
Tmem74,TMEM74
Tmem80,TMEM80
Tmem87a,TMEM87A
Tmem89,TMEM89
Tmem8b,TMEM8B
Tmem9,TMEM9
Tmem92,TMEM92
Tmem95,TMEM95
Tmlhe,TMLHE
Tmprss11a,TMPRSS11A
Tmprss11b,TMPRSS11B
Tmprss11c,TMPRSS11CP
Tmprss11d,TMPRSS11D
Tmprss11e,TMPRSS11E
Tmprss11f,TMPRSS11F
Tmprss11g,TMPRSS11GP
Tmprss6,TMPRSS6
Tmsb15a,TMSB15A
Tnfaip6,TNFAIP6
Tnfrsf12a,TNFRSF12A
Tnfrsf13b,TNFRSF13B
Tnfrsf13c,TNFRSF13C
Tnfrsf17,TNFRSF17
Tnfrsf25,TNFRSF25
Tnfrsf4,TNFRSF4
Tnfrsf8,TNFRSF8
Tnfsf15,TNFSF15
Tnfsf4,TNFSF4
Tnfsf8,TNFSF8
Tnfsf9,TNFSF9
Tnip3,TNIP3
Cnot12,CNOT12
Tnks2,TNKS2
Tnp1,TNP1
Tnp2,TNP2
Tns4,TNS4
Tob2,TOB2
Togaram2,TOGARAM2
Tom1l1,TOM1L1
Tomm20l,TOMM20L
Tomm5,TOMM5
Toporsl,TOPORSLP
Tor3a,TOR3A
Trp53cor1,TP53COR1
Trp53tg5,TP53TG5
Trpd52l3,TPD52L3
Tppp,TPPP
Traf3ip2os1,TRAF3IP2-AS1
Traj17,TRAJ17
Traj23,TRAJ23
Traj31,TRAJ31
Traj32,TRAJ32
Traj33,TRAJ33
Traj38,TRAJ38
Traj39,TRAJ39
Traj40,TRAJ40
Traj48,TRAJ48
Traj52,TRAJ52
Traj53,TRAJ53
Traj57,TRAJ57
Traj7,TRAJ7
Trank1,TRANK1
Trappc9,TRAPPC9
Trat1,TRAT1
Trav12d-2,TRAV18
Trav13-5,TRAV22
Trav14n-1,TRAV23DV6
Trav18,TRAV27
Trav19,TRAV29DV5
Trav23,TRAV39
Trav9n-4,TRAV8-3
Trav6-5,TRAV9-1
Trav6-3,TRAV9-2
Trbj2-5,TRBJ2-5
Trbv16,TRBV12-5
Trbv12-1,TRBV13
Trbv17,TRBV15
Trbv19,TRBV19
Trbv3,TRBV2
Trbv26,TRBV23-1
Trbv29,TRBV28
Trbv30,TRBV29-1
Trbv4,TRBV3-1
Trbv31,TRBV30
Trdj1,TRDJ1
Trdj2,TRDJ3
Trav15n-1,TRDV1
Trdv4,TRDV2
Trdv5,TRDV3
Trem1,TREM1
Trem2,TREM2
Treml1,TREML1
Treml2,TREML2
Treml4,TREML4
Trerf1,TRERF1
Trgv3,TRGV11
Trgv5,TRGV9
Trim10,TRIM10
Trim15,TRIM15
Trim26,TRIM26
Trim28,TRIM28
Trim31,TRIM31
Trim41,TRIM41
Trim42,TRIM42
Trim47,TRIM47
Trim30b,TRIM48
Trim52,TRIM52
Trim56,TRIM56
Trim67,TRIM67
Trmo,TRMO
Trnp1,TRNP1
Trpc5os,TRPC5OS
Trpm8,TRPM8
Trpv3,TRPV3
Tsacc,TSACC
Tsbp1,TSBP1
Tsc22d4,TSC22D4
Tsga10ip,TSGA10IP
Tsga13,TSGA13
Tshz2,TSHZ2
Tsix,TSIX
Tsks,TSKS
Tslp,TSLP
Tspan32,TSPAN32
Tspan8,TSPAN8
Tspoap1,TSPOAP1
Tssk2,TSSK2
Tssk3,TSSK3
Tssk4,TSSK4
Tssk5,TSSK5P
Tstd2,TSTD2
Ttc16,TTC16
Ttc23l,TTC23L
Ttc24,TTC24
Ttc39b,TTC39B
Ttc39d,TTC39DP
Ttc9,TTC9
Tubb3,TUBB3
Tug1,TUG1
Tusc1,TUSC1
Tvp23a,TVP23A
Txnrd1,TXNRD1
Tzmp1,TZMP1
U2af1l4,U2AF1L4
Ubash3a,UBASH3A
Ubd,UBD
Ube2l6,UBE2L6
Ube2m,UBE2M
Ube2q1,UBE2Q1
Ube2u,UBE2U
Ubl4b,UBL4B
Ubp1,UBP1
Ubqln1,UBQLN1
Ubqln2,UBQLN2
Ubqln3,UBQLN3
Ubqlnl,UBQLNL
Ubxn2b,UBXN2B
Uhrf2,UHRF2
Ulbp3,ULBP3
Unc5cl,UNC5CL
Unc79,UNC79
Unc80,UNC80
Upk1b,UPK1B
Upk3a,UPK3A
Upk3bl,UPK3BL1
Uqcc5,UQCC5
Urb1,URB1
Usf2,USF2
Usf3,USF3
Usp26,USP26
Usp29,USP29
Usp3,USP3
Usp31,USP31
Usp35,USP35
Usp38,USP38
Usp50,USP50
Utf1,UTF1
Utp14b,UTP14A
Uts2r,UTS2R
Vamp9,VAMP9P
Vars1,VARS1
Vav1,VAV1
Vcf1,VCF1
Vinac1,VINAC1P
Vmn1r231,VN1R3
Vnn1,VNN1
Vnn3,VNN3P
Vpreb1a,VPREB1
Vpreb3,VPREB3
Vps13b,VPS13B
Vps35,VPS35
Vps52,VPS52
Vrk2,VRK2
Vsig1,VSIG1
Vsig10l2,VSIG10L2
Vsig2,VSIG2
Vsig4,VSIG4
Vstm5,VSTM5
Vwa3b,VWA3B
Vwce,VWCE
Vxn,VXN
Wdr36,WDR36
Wdr49,WDR49
Wdr64,WDR64
Wdr7,WDR7
Wdr70,WDR70
Wdr72,WDR72
Wdr86,WDR86
Wdr87,WDR87
Wdr88,WDR88
Wfdc11,WFDC11
Wfdc12,WFDC12
Wfdc13,WFDC13
Wfdc21,WFDC21P
Wfdc3,WFDC3
Wfdc5,WFDC5
Wfdc8,WFDC8
Wfdc9,WFDC9
Whamm,WHAMM
Wls,WLS
Wt1os,WT1-AS
Wwc2,WWC2
Wwp1,WWP1
Xist,XIST
Xpc,XPC
Xpnpep1,XPNPEP1
Xpo5,XPO5
Ybx2,YBX2
Ybx3,YBX3
Yme1l1,YME1L1
Ypel4,YPEL4
Yy2,YY2
Zbed3,ZBED3
Chchd2l2,ZBED5
Zbed6,ZBED6
Zbp1,ZBP1
Zbtb39,ZBTB39
Zbtb5,ZBTB5
Zbtb6,ZBTB6
Zbtb7c,ZBTB7C
Zbtb9,ZBTB9
Zc3h12c,ZC3H12C
Zc3h12d,ZC3H12D
Zc3h6,ZC3H6
Zc3h8,ZC3H8
Zc3hav1l,ZC3HAV1L
Zcchc10,ZCCHC10
Zcchc3,ZCCHC3
Zcwpw1,ZCWPW1
Zcwpw2,ZCWPW2
Zdhhc19,ZDHHC19
Zeb1os1,ZEB1-AS1
Zeb2os,ZEB2-AS1
Zfas1,ZFAS1
Zfc3h1,ZFC3H1
Zfp14,ZFP14
Zfp2,ZFP2
Zfp28,ZFP28
Zfp3,ZFP3
Zfp30,ZFP30
Zfp37,ZFP37
Zfp41,ZFP41
Zfp42,ZFP42
Zfp57,ZFP57
Zfp62,ZFP62
Zfp69,ZFP69
Zfp82,ZFP82
Zfp90,ZFP90
Zfp92,ZFP92
Zg16,ZG16
Sbpl,ZG16B
Zgrf1,ZGRF1
Zhx1,ZHX1
Zik1,ZIK1
Zkscan1,ZKSCAN1
Zkscan2,ZKSCAN2
Zkscan4,ZKSCAN4
Zkscan5,ZKSCAN5
Zkscan8,ZKSCAN8
Zmym1,ZMYM1
Zmym3,ZMYM3
Zmym5,ZMYM5
Zmym6,ZMYM6
Zmynd15,ZMYND15
Zmynd8,ZMYND8
Zfp12,ZNF12
Zfp560,ZNF121
Zbtb35,ZBTB35
Zfp169,ZNF169
Zfp174,ZNF174
Zkscan6,ZNF18
Zfp180,ZNF180
Zfp182,ZNF182
Zfp184,ZNF184
Zfp202,ZNF202
Zfp13,ZNF205
Zfp212,ZNF212
Zfp213,ZNF213
Zfp422,ZNF22
Zfp612,ZNF23
Zfp239,ZNF239
Zfp24,ZNF24
Zfp248,ZNF248
Zfp9,ZNF25
Zfp647,ZNF250
Zfp251,ZNF251
Zfp263,ZNF263
Zfp267,ZNF267
Zfp369,ZNF274
Zfp275,ZNF275
Zfp282,ZNF282
Zfp287,ZNF287
Zfp113,ZNF3
Zfp316,ZNF316
Zfp317,ZNF317
Zfp637,ZNF32
Zfp322a,ZNF322
Zfp329,ZNF329
Zfp334,ZNF334
Zfp105,ZNF35
Zfp354a,ZNF354A
Zfp354b,ZNF354B
Zfp382,ZNF382
Zfp383,ZNF383
Zkscan14,ZNF394
Zfp397,ZNF397
Zfp398,ZNF398
Zfp420,ZNF420
Zfp426,ZNF426
Zfp428,ZNF428
Zfp87,ZNF429
Zfp46,ZNF436
Zfp444,ZNF444
Zfp445,ZNF445
Zfp446,ZNF446
Zfp449,ZNF449
Zfp454,ZNF454
Zfp467,ZNF467
Zfp469,ZNF469
Zfp78,ZNF471
Zfp473,ZNF473
Zfp474,ZNF474
1700034E13Rik,ZNF475
Zfp553,ZNF48
Zfp948,ZNF484
Zkscan17,ZNF496
Zfp518b,ZNF518B
Zfp941,ZNF519
Zfp524,ZNF524
Zfp551,ZNF551
Zfp566,ZNF566
Zfp74,ZNF569
Zfp575,ZNF575
Zfp580,ZNF580
Zfp582,ZNF582
Zfp583,ZNF583
Zfp593os,ZNF593OS
Zfp874a,ZNF595
Zfp597,ZNF597
Zfp605,ZNF605
Zfp606,ZNF606
Zfp84,ZNF607
Zfp622,ZNF622
Zfp623,ZNF623
Zfp629,ZNF629
Zfp639,ZNF639
Zfp641,ZNF641
Zfp655,ZNF655
Zfp664,ZNF664
Zfp672,ZNF672
4930481B07Rik,ZNF687-AS1
Zfp688,ZNF688
Zfp689,ZNF689
Zfp691,ZNF691
Zfp729b,ZNF729
Zfp746,ZNF746
Zfp768,ZNF768
Zfp771,ZNF771
Zfp777,ZNF777
Zfp784,ZNF784
Zfp786,ZNF786
Zfp787,ZNF787
Zfp790,ZNF790
Zfp791,ZNF791
Zfp128,ZNF8
Zfp804a,ZNF804A
Zfp804b,ZNF804B
Zfp999,ZNF835
Zfp846,ZNF846
Zfp619,ZNF850
Zfp853,ZNF853
Zfp799,ZNF878
Zfp879,ZNF879
Zfp273,ZNF93
Znrf4,ZNRF4
Zp2,ZP2
Zpbp,ZPBP
Zpbp2,ZPBP2
Zscan12,ZSCAN12
Zscan18,ZSCAN18
Zscan2,ZSCAN2
Zscan20,ZSCAN20
Zscan21,ZSCAN21
Zscan22,ZSCAN22
Zscan25,ZSCAN25
Zscan26,ZSCAN26
Zscan29,ZSCAN29
Zscan30,ZSCAN30
Zscan4-ps3,ZSCAN4
Zswim1,ZSWIM1
Zswim3,ZSWIM3
Zswim4,ZSWIM4
Zswim9,ZSWIM9
Zwint,ZWINT
