scheme,setting,train,test,model,seed,n_train,n_test,macro_f1,bal_acc,acc,f1_SPG,f1_SPC,f1_RS,f1_ES,f1_TubSom,f1_Interst,f1_Sertoli,f1_Myoid,f1_Leydig,f1_Endothelial,f1_Macrophage
germ4,WT->WT,WT2+WT3,WT1,expr,0,59964,24962,0.6895751097236495,0.7294776997592285,0.7395240765964266,0.4470302188259812,0.7043709616115545,0.7674277937396038,0.8394714647174585,,,,,,,
germ4,WT->WT,WT2+WT3,WT1,smooth_a0.25,0,59964,24962,0.6957349594262493,0.7325372556795556,0.7470154635045269,0.4543478260869565,0.7108140947752126,0.7738550333558204,0.8439228834870075,,,,,,,
germ4,WT->WT,WT2+WT3,WT1,smooth_a0.5,0,59964,24962,0.6944666327877179,0.7263670870781324,0.7473359506449804,0.4564796905222437,0.7090204422828482,0.7715750915750915,0.8407913067706883,,,,,,,
germ4,WT->WT,WT2+WT3,WT1,smooth_a0.75,0,59964,24962,0.6720740257672174,0.6935893719147542,0.7291082445316882,0.4326923076923077,0.6891676168757127,0.748033170316819,0.8184030081840301,,,,,,,
germ4,WT->WT,WT2+WT3,WT1,smooth_a1.0,0,59964,24962,0.6186826242947454,0.6321376216030115,0.6864033330662607,0.3494241607449154,0.6351786535807391,0.7138126121153581,0.7763150707379691,,,,,,,
germ4,WT->WT,WT2+WT3,WT1,nbr_k5,0,59964,24962,0.6993397197958641,0.7416539696610583,0.7481371684961141,0.461405330564209,0.7127578304048893,0.7782458251842936,0.8449498930300642,,,,,,,
germ4,WT->WT,WT2+WT3,WT1,nbr_only_k5,0,59964,24962,0.6475520827958958,0.6892792462988562,0.6948161205031648,0.4166666666666667,0.6423267326732673,0.7352502979737783,0.7959646338698708,,,,,,,
germ4,WT->WT,WT2+WT3,WT1,nbr_k15,0,59964,24962,0.6969797602116693,0.7392859471274353,0.7460540020831664,0.4582900657667013,0.7084899148707723,0.7775280898876404,0.8436109703215633,,,,,,,
germ4,WT->WT,WT2+WT3,WT1,nbr_only_k15,0,59964,24962,0.6330776582861138,0.6706800977392767,0.682797852736159,0.3872289568038244,0.6342589031612953,0.7278206541712605,0.7830021190080751,,,,,,,
germ4,WT->WT,WT2+WT3,WT1,nbr_k30,0,59964,24962,0.6925569989859205,0.7334191658529098,0.7424485217530646,0.4506258692628651,0.7066390994716287,0.7712789827973074,0.8416840444118807,,,,,,,
germ4,WT->WT,WT2+WT3,WT1,nbr_only_k30,0,59964,24962,0.6054535049348682,0.6381419934810328,0.6571989423924365,0.3487161693268563,0.6125534514355528,0.7026129637649776,0.757931435212086,,,,,,,
germ4,WT->WT,WT2+WT3,WT1,expr_mlp,0,59964,24962,0.6838113270821105,0.7059936034490626,0.7431295569265284,0.4152,0.7225557461406518,0.7567110222290593,0.8407785399587306,,,,,,,
germ4,WT->WT,WT2+WT3,WT1,nbr_k15_mlp,0,59964,24962,0.6861531262091909,0.702201969542769,0.7495392997355981,0.409310496267018,0.7338331114692076,0.7601803155522163,0.8412885815483218,,,,,,,
germ4,WT->WT,WT2+WT3,WT1,sage_k15,0,59964,24962,0.6986506360526026,0.7316773405247465,0.751221857222979,0.449649575802287,0.7258123940756024,0.7724948485079752,0.8466457258245457,,,,,,,
germ4,WT->WT,WT2+WT3,WT1,expr_mlp,1,59964,24962,0.6803009580238406,0.7084346134636469,0.736920118580242,0.4147069802164987,0.7102189781021898,0.7561837455830389,0.8400941281936352,,,,,,,
germ4,WT->WT,WT2+WT3,WT1,nbr_k15_mlp,1,59964,24962,0.6885988812610404,0.7079804686857989,0.7501802740165051,0.4154131465073151,0.7313538854950987,0.7595328331657514,0.8480956598759964,,,,,,,
germ4,WT->WT,WT2+WT3,WT1,sage_k15,1,59964,24962,0.6945669307950806,0.7340691559173954,0.7452928451245894,0.4439108061749571,0.7162965750846819,0.7715821812596007,0.8464781606610827,,,,,,,
germ4,WT->WT,WT2+WT3,WT1,expr_mlp,2,59964,24962,0.6802784564906681,0.6998249565603532,0.7402451726624469,0.4100124120810922,0.7267263069611406,0.7510135393559244,0.8333615675645152,,,,,,,
germ4,WT->WT,WT2+WT3,WT1,nbr_k15_mlp,2,59964,24962,0.6915452410960409,0.7032659650731363,0.7576716609246054,0.4098436062557498,0.7437573089358189,0.7650038372985418,0.847576211894053,,,,,,,
germ4,WT->WT,WT2+WT3,WT1,sage_k15,2,59964,24962,0.6964257789335013,0.7348077171092013,0.7472157679673103,0.446521287642783,0.7184306705452376,0.7735234847310495,0.8472276728149353,,,,,,,
germ4,WT->WT,WT1+WT3,WT2,expr,0,59586,25340,0.6947516179544412,0.7300155810261502,0.7576558800315707,0.4429979542495815,0.7045255706673029,0.7538109154095253,0.8776720314913549,,,,,,,
germ4,WT->WT,WT1+WT3,WT2,smooth_a0.25,0,59586,25340,0.7091961403598283,0.7379342210391646,0.7726913970007893,0.4690553745928338,0.719070943276979,0.7627369899352423,0.8859212536342581,,,,,,,
germ4,WT->WT,WT1+WT3,WT2,smooth_a0.5,0,59586,25340,0.7152006326775049,0.732748938524626,0.7794001578531965,0.4887549269649895,0.7240729101194218,0.7633798497163011,0.8845948439093072,,,,,,,
germ4,WT->WT,WT1+WT3,WT2,smooth_a0.75,0,59586,25340,0.689033014605094,0.6925930581897995,0.7606945540647199,0.4495185694635488,0.7023332547725666,0.7400340211522817,0.8642462130319788,,,,,,,
germ4,WT->WT,WT1+WT3,WT2,smooth_a1.0,0,59586,25340,0.6234436465947545,0.6221079727654568,0.7111286503551697,0.33625,0.6427721830148283,0.6945105676981894,0.8202418356660002,,,,,,,
germ4,WT->WT,WT1+WT3,WT2,nbr_k5,0,59586,25340,0.7178133308773124,0.7486384601462395,0.7777032359905288,0.4949000407996736,0.723377342082378,0.7655091689426453,0.8874667716845526,,,,,,,
germ4,WT->WT,WT1+WT3,WT2,nbr_only_k5,0,59586,25340,0.6609713025196491,0.6923057135463981,0.7222178374112076,0.4299902629016553,0.65017160188363,0.7218430034129693,0.8418803418803419,,,,,,,
germ4,WT->WT,WT1+WT3,WT2,nbr_k15,0,59586,25340,0.7130603977622901,0.7441713660029226,0.7732833464877664,0.4875682231655548,0.7192234848484849,0.7610619469026548,0.884387936132466,,,,,,,
germ4,WT->WT,WT1+WT3,WT2,nbr_only_k15,0,59586,25340,0.6378027070522049,0.6688611178577377,0.6997632202052092,0.4000757002271007,0.6262545802134778,0.7001403399345081,0.824740207833733,,,,,,,
germ4,WT->WT,WT1+WT3,WT2,nbr_k30,0,59586,25340,0.708775161193265,0.7403615124161154,0.7705998421468034,0.4743411927877947,0.7176284584980237,0.7583320170589164,0.8847989764283254,,,,,,,
germ4,WT->WT,WT1+WT3,WT2,nbr_only_k30,0,59586,25340,0.6092066896845376,0.6374230374786896,0.6713496448303078,0.3600819214299013,0.6107456140350878,0.6687417321609214,0.7972574911122398,,,,,,,
germ4,WT->WT,WT1+WT3,WT2,expr_mlp,0,59586,25340,0.6900869248593977,0.711674489675188,0.7601026045777427,0.4160736709920469,0.7119565217391305,0.7551262766210118,0.8771912300854018,,,,,,,
germ4,WT->WT,WT1+WT3,WT2,nbr_k15_mlp,0,59586,25340,0.7019050284264431,0.719424271628203,0.7692580899763221,0.4490263459335624,0.723996111568085,0.7566320645905421,0.8779655916135828,,,,,,,
germ4,WT->WT,WT1+WT3,WT2,sage_k15,0,59586,25340,0.7101560862552874,0.7382006713865966,0.773559589581689,0.4701783152285304,0.7194672933803369,0.7649502312093425,0.8860285052029393,,,,,,,
germ4,WT->WT,WT1+WT3,WT2,expr_mlp,1,59586,25340,0.6921753214946896,0.7139362240320573,0.7609707971586425,0.4268422170312168,0.7138831772142259,0.7513648416783653,0.8766110500549505,,,,,,,
germ4,WT->WT,WT1+WT3,WT2,nbr_k15_mlp,1,59586,25340,0.7019668342332968,0.7083070507311041,0.778689818468824,0.4234811586772622,0.7412041807743265,0.7604550804236956,0.882726917057903,,,,,,,
germ4,WT->WT,WT1+WT3,WT2,sage_k15,1,59586,25340,0.7119971624706058,0.7375602494753521,0.7753354380426204,0.472620050547599,0.7276104961684341,0.7631332082551595,0.8846248949112309,,,,,,,
germ4,WT->WT,WT1+WT3,WT2,expr_mlp,2,59586,25340,0.6835245852461076,0.7104244944117037,0.7511444356748224,0.4157735085945399,0.6990245437382001,0.7495104684440428,0.8697898202076475,,,,,,,
germ4,WT->WT,WT1+WT3,WT2,nbr_k15_mlp,2,59586,25340,0.7009608682461116,0.7134734943034502,0.7724151539068667,0.4420184376516254,0.7230546892827261,0.7569085939872456,0.881861752062849,,,,,,,
germ4,WT->WT,WT1+WT3,WT2,sage_k15,2,59586,25340,0.7094852356783122,0.7378070379767666,0.773559589581689,0.4656472986748216,0.7173366834170855,0.7679549366296354,0.8870020239917066,,,,,,,
germ4,WT->WT,WT1+WT2,WT3,expr,0,50302,34624,0.7138968530576417,0.7591862011065418,0.7747227356746765,0.4848140789100199,0.7458563535911602,0.7338684968441693,0.8910484828852175,,,,,,,
germ4,WT->WT,WT1+WT2,WT3,smooth_a0.25,0,50302,34624,0.7233589778598404,0.7639580299387576,0.7833872458410351,0.5048019207683073,0.7534516765285996,0.7411117898594991,0.8940705242829554,,,,,,,
germ4,WT->WT,WT1+WT2,WT3,smooth_a0.5,0,50302,34624,0.7266402537867505,0.7583845357955683,0.7865642329020333,0.5181076672104404,0.7591478289152708,0.7375749137356983,0.8917306052855924,,,,,,,
germ4,WT->WT,WT1+WT2,WT3,smooth_a0.75,0,50302,34624,0.7044681076835795,0.7191872513450701,0.7689752772643254,0.4900413378429162,0.7395564168819982,0.7166223796870387,0.871652296322365,,,,,,,
germ4,WT->WT,WT1+WT2,WT3,smooth_a1.0,0,50302,34624,0.6369530853437627,0.6384884914186228,0.7156885397412199,0.3779628443305573,0.6772710057891035,0.669167724806649,0.8234107664487411,,,,,,,
germ4,WT->WT,WT1+WT2,WT3,nbr_k5,0,50302,34624,0.726636078904483,0.7723746984019002,0.7844269870609981,0.5126785193821043,0.7553261585767626,0.7434478564913347,0.8950917811677306,,,,,,,
germ4,WT->WT,WT1+WT2,WT3,nbr_only_k5,0,50302,34624,0.6642492234076955,0.7142477538840099,0.7216092883548983,0.4436238955558486,0.6805838424983028,0.6882817243472981,0.8445074312293325,,,,,,,
germ4,WT->WT,WT1+WT2,WT3,nbr_k15,0,50302,34624,0.7233144057251311,0.7709423538004427,0.781856515711645,0.5019897669130188,0.7527012799911342,0.7437155490944334,0.8948510269019381,,,,,,,
germ4,WT->WT,WT1+WT2,WT3,nbr_only_k15,0,50302,34624,0.6368844801787958,0.6900700172174985,0.6942871996303143,0.4042501221299462,0.643829242759102,0.6719282511210762,0.8275303047050587,,,,,,,
germ4,WT->WT,WT1+WT2,WT3,nbr_k30,0,50302,34624,0.7212070341428317,0.7698673470441447,0.7796903881700554,0.4988050049205679,0.7505555555555555,0.7419706702217913,0.8934969058734122,,,,,,,
germ4,WT->WT,WT1+WT2,WT3,nbr_only_k30,0,50302,34624,0.6051317485476779,0.6605364320520215,0.6621996303142329,0.3602401601067378,0.6039012017633915,0.6493537435225445,0.8070318887980377,,,,,,,
germ4,WT->WT,WT1+WT2,WT3,expr_mlp,0,50302,34624,0.7144841947448539,0.7477926323412634,0.780759011090573,0.4711316397228637,0.7569542925711792,0.73653172799312,0.893319118692253,,,,,,,
germ4,WT->WT,WT1+WT2,WT3,nbr_k15_mlp,0,50302,34624,0.7206841099836878,0.7443623210604672,0.7871707486136784,0.488039924281535,0.7673212882953653,0.7337263571604028,0.8936488701974481,,,,,,,
germ4,WT->WT,WT1+WT2,WT3,sage_k15,0,50302,34624,0.7261610032704229,0.7618257524925002,0.7869396950092421,0.5097545626179988,0.7654085045389393,0.7350003102314326,0.8944806356933209,,,,,,,
germ4,WT->WT,WT1+WT2,WT3,expr_mlp,1,50302,34624,0.7070051867937691,0.7460583370428979,0.7725854898336414,0.465359477124183,0.7405189620758483,0.7296558578705429,0.8924864501045024,,,,,,,
germ4,WT->WT,WT1+WT2,WT3,nbr_k15_mlp,1,50302,34624,0.7234366727488967,0.7488530351168436,0.7871418669131238,0.5004266939750811,0.7616089291355165,0.7394198473282443,0.8922912205567451,,,,,,,
germ4,WT->WT,WT1+WT2,WT3,sage_k15,1,50302,34624,0.728647991216228,0.7602692533010525,0.7897989833641405,0.5133724722765819,0.7692062987116272,0.7376201034737621,0.8943930904029409,,,,,,,
germ4,WT->WT,WT1+WT2,WT3,expr_mlp,2,50302,34624,0.7041087410076611,0.7425478420805951,0.7704193622920518,0.4581037982023775,0.7347664278175859,0.7313368323556654,0.8922279056550156,,,,,,,
germ4,WT->WT,WT1+WT2,WT3,nbr_k15_mlp,2,50302,34624,0.7265649571097346,0.7464430089405001,0.7919939926062847,0.5011701170117012,0.7714270827906008,0.7394671056642887,0.8941955229723477,,,,,,,
germ4,WT->WT,WT1+WT2,WT3,sage_k15,2,50302,34624,0.725680642083753,0.759026759866123,0.7880949630314233,0.5038119440914867,0.7661009690026233,0.7378616664597044,0.8949479887811979,,,,,,,
germ4,WT->DB,WT1+WT2+WT3,DB1,expr,0,84926,21574,0.7214555055079434,0.7398208717506248,0.753545934921665,0.5597816817329012,0.7110310480025431,0.782496977025393,0.8325123152709359,,,,,,,
germ4,WT->DB,WT1+WT2+WT3,DB1,smooth_a0.25,0,84926,21574,0.7296873698055659,0.7461735665549659,0.7618893112079355,0.5701830863121186,0.721004469035965,0.7906002095494686,0.8369617143247117,,,,,,,
germ4,WT->DB,WT1+WT2+WT3,DB1,smooth_a0.5,0,84926,21574,0.7317483791406801,0.744121507068482,0.7647631408176508,0.5771397419589315,0.7198275862068966,0.7945265945707349,0.8354995938261576,,,,,,,
germ4,WT->DB,WT1+WT2+WT3,DB1,smooth_a0.75,0,84926,21574,0.6939588674296584,0.6961023113726535,0.7352832112728284,0.5179971847979087,0.6778021978021977,0.7729196050775741,0.8071164820409533,,,,,,,
germ4,WT->DB,WT1+WT2+WT3,DB1,smooth_a1.0,0,84926,21574,0.6010577800474171,0.5987527804283832,0.6591267266153703,0.3710387323943662,0.5778322925958965,0.716853777808389,0.7385063173910167,,,,,,,
germ4,WT->DB,WT1+WT2+WT3,DB1,nbr_k5,0,84926,21574,0.72861687203365,0.7507925190850707,0.7588300732363029,0.5692332842896844,0.7202323330106486,0.7887260087653015,0.8362758620689655,,,,,,,
germ4,WT->DB,WT1+WT2+WT3,DB1,nbr_only_k5,0,84926,21574,0.6419820484379021,0.665002041413449,0.672939649578196,0.4845801526717557,0.604281615537409,0.7177553175441242,0.7613111079983191,,,,,,,
germ4,WT->DB,WT1+WT2+WT3,DB1,nbr_k15,0,84926,21574,0.7261249482515443,0.7476000416311447,0.7569759896171318,0.5617385577872901,0.7219262731728106,0.7845639623214828,0.8362709997245937,,,,,,,
germ4,WT->DB,WT1+WT2+WT3,DB1,nbr_only_k15,0,84926,21574,0.6144905367207355,0.6357761418399863,0.645684620376379,0.4424540976265114,0.5823888404533566,0.6967096918600313,0.7364095169430426,,,,,,,
germ4,WT->DB,WT1+WT2+WT3,DB1,nbr_k30,0,84926,21574,0.7228210695055644,0.7429941570795671,0.7541485120978956,0.5582094538166026,0.7176121930567316,0.7834472285497343,0.8320154025991886,,,,,,,
germ4,WT->DB,WT1+WT2+WT3,DB1,nbr_only_k30,0,84926,21574,0.577978766013274,0.5956322583331197,0.6096226939834987,0.3957681418566532,0.5519473513863415,0.6683876677976103,0.6958119030124909,,,,,,,
germ4,WT->DB,WT1+WT2+WT3,DB1,expr_mlp,0,84926,21574,0.7094081790762655,0.7202445220210775,0.7446926856401224,0.550531914893617,0.6877782274382841,0.771927162367223,0.8273954116059379,,,,,,,
germ4,WT->DB,WT1+WT2+WT3,DB1,nbr_k15_mlp,0,84926,21574,0.7117484506848102,0.7177699552650425,0.752062668026328,0.5288401902005375,0.7029941272744777,0.7819959081609457,0.8331635771032797,,,,,,,
germ4,WT->DB,WT1+WT2+WT3,DB1,sage_k15,0,84926,21574,0.7234182152139421,0.7426773184913489,0.7558171873551497,0.5549506634909833,0.7195844155844155,0.7820748925721301,0.8370628892082392,,,,,,,
germ4,WT->DB,WT1+WT2+WT3,DB1,expr_mlp,1,84926,21574,0.7131428890105459,0.7279458130325479,0.7476592194307963,0.5475679542203148,0.6951156812339332,0.7786674724278592,0.8312204481600768,,,,,,,
germ4,WT->DB,WT1+WT2+WT3,DB1,nbr_k15_mlp,1,84926,21574,0.7138284168815106,0.7258234703210292,0.7500231760452396,0.5417057169634489,0.7019682285942651,0.7780901010407961,0.8335496209275323,,,,,,,
germ4,WT->DB,WT1+WT2+WT3,DB1,sage_k15,1,84926,21574,0.7224495584405474,0.742895602077612,0.7546583850931677,0.552591847005536,0.7187532467532467,0.7794863908965093,0.8389667491068975,,,,,,,
germ4,WT->DB,WT1+WT2+WT3,DB1,expr_mlp,2,84926,21574,0.7134728747805277,0.7282174842199113,0.7488643737832577,0.5418143160878809,0.6991547532088073,0.7795435715899676,0.8333788582354548,,,,,,,
germ4,WT->DB,WT1+WT2+WT3,DB1,nbr_k15_mlp,2,84926,21574,0.7084014337394848,0.7158475778999218,0.747102994345045,0.5327064595257563,0.7013261579857775,0.7682608027064431,0.8313123147399623,,,,,,,
germ4,WT->DB,WT1+WT2+WT3,DB1,sage_k15,2,84926,21574,0.725365423279392,0.7431913045589995,0.7571613979790488,0.5642732049036777,0.722547508988187,0.7783243658724058,0.8363166133532974,,,,,,,
germ4,DB->DB,DB2+DB3,DB1,expr,0,58073,21574,0.7209295866898504,0.7312407959151257,0.7499304718642811,0.5942812982998454,0.7126819126819127,0.7584022251410029,0.818352910636641,,,,,,,
germ4,DB->DB,DB2+DB3,DB1,smooth_a0.25,0,58073,21574,0.7257002192233816,0.733187634142859,0.7541948641883749,0.6040588937524871,0.7181039883065358,0.7627313925800753,0.8179066022544283,,,,,,,
germ4,DB->DB,DB2+DB3,DB1,smooth_a0.5,0,58073,21574,0.7240849767196724,0.7255781793583195,0.7532678223787893,0.6049461001902346,0.7164682330629017,0.7618832050701675,0.8130423685553854,,,,,,,
germ4,DB->DB,DB2+DB3,DB1,smooth_a0.75,0,58073,21574,0.6713974102793364,0.6634666453556026,0.7131732641142116,0.5096711798839458,0.6684612899752342,0.7304309906243186,0.7770261806338469,,,,,,,
germ4,DB->DB,DB2+DB3,DB1,smooth_a1.0,0,58073,21574,0.5812496299404863,0.5744669638017923,0.6427644386761843,0.3567048786990136,0.570049369171695,0.6853693181818182,0.7128749537094186,,,,,,,
germ4,DB->DB,DB2+DB3,DB1,nbr_k5,0,58073,21574,0.7279975116300472,0.7392980463627674,0.7547510892741263,0.6108128834355828,0.7210926910645397,0.7603804221758292,0.8197040498442367,,,,,,,
germ4,DB->DB,DB2+DB3,DB1,nbr_only_k5,0,58073,21574,0.6357489237528169,0.6503213587634471,0.6665894131825345,0.4997371648852287,0.601896239480132,0.6950333131435493,0.7463289775023575,,,,,,,
germ4,DB->DB,DB2+DB3,DB1,nbr_k15,0,58073,21574,0.7237340397120937,0.7344309389650026,0.7509502178548253,0.6045612678778508,0.7181987964307948,0.7550499187369398,0.8171261758027895,,,,,,,
germ4,DB->DB,DB2+DB3,DB1,nbr_only_k15,0,58073,21574,0.6094032812882951,0.6222690437629275,0.6422082135904329,0.4555458515283843,0.583464981569247,0.6735611510791367,0.7250411409764125,,,,,,,
germ4,DB->DB,DB2+DB3,DB1,nbr_k30,0,58073,21574,0.7225886812795045,0.7327433102718433,0.7503939927690739,0.6009699321047527,0.7165109034267912,0.7563726247489572,0.8165012648375171,,,,,,,
germ4,DB->DB,DB2+DB3,DB1,nbr_only_k30,0,58073,21574,0.5756562483754594,0.5851188603206403,0.6108742004264393,0.4082934609250399,0.5534977246269447,0.6534245567571544,0.6874092511926986,,,,,,,
germ4,DB->DB,DB2+DB3,DB1,expr_mlp,0,58073,21574,0.7136243223624281,0.7137663406041792,0.7503012885881153,0.559947586809347,0.7076327320900846,0.7670906791638771,0.8198262913864037,,,,,,,
germ4,DB->DB,DB2+DB3,DB1,nbr_k15_mlp,0,58073,21574,0.7023303462301731,0.7005719690569401,0.7398720682302772,0.5522388059701493,0.6973322871714398,0.7478490039531819,0.8119012878259214,,,,,,,
germ4,DB->DB,DB2+DB3,DB1,sage_k15,0,58073,21574,0.7224179998376214,0.7285737349547637,0.752897005654955,0.5907328026127782,0.7173647824318828,0.7609144430002294,0.8206599713055954,,,,,,,
germ4,DB->DB,DB2+DB3,DB1,expr_mlp,1,58073,21574,0.7130359630229334,0.7175693272324339,0.7461759525354593,0.5755186721991701,0.697873206471965,0.7592550361079438,0.8194969373126547,,,,,,,
germ4,DB->DB,DB2+DB3,DB1,nbr_k15_mlp,1,58073,21574,0.7040766787989252,0.7027375426596002,0.7417725039399277,0.5504370422867942,0.7010368115666318,0.7493428173805474,0.8154900439617274,,,,,,,
germ4,DB->DB,DB2+DB3,DB1,sage_k15,1,58073,21574,0.7233430610976196,0.7294374120808995,0.754055807916937,0.5905463474524248,0.7181201255950572,0.7625822242618938,0.8221235470811022,,,,,,,
germ4,DB->DB,DB2+DB3,DB1,expr_mlp,2,58073,21574,0.7128415076184741,0.7177895605680527,0.7454806711782701,0.5732191351577188,0.7041384799044966,0.7564719358533791,0.8175364795583016,,,,,,,
germ4,DB->DB,DB2+DB3,DB1,nbr_k15_mlp,2,58073,21574,0.7070350430746337,0.7059282031168774,0.7447853898210809,0.550953932061424,0.7092459779026943,0.7522539878246127,0.8156862745098039,,,,,,,
germ4,DB->DB,DB2+DB3,DB1,sage_k15,2,58073,21574,0.7213241628216268,0.7277993807745802,0.751738203392973,0.58945654386322,0.7165482233502538,0.7602393005062126,0.8190525835668209,,,,,,,
germ4,WT->DB,WT1+WT2+WT3,DB2,expr,0,84926,31082,0.683939426398752,0.7550736372552372,0.7449971044334341,0.4549928560088903,0.7316078818951139,0.7123948925568359,0.8367620751341681,,,,,,,
germ4,WT->DB,WT1+WT2+WT3,DB2,smooth_a0.25,0,84926,31082,0.7009283961815891,0.7652974430720012,0.7621452930956824,0.4852233676975945,0.7436292959832171,0.725167107103995,0.8496938139415496,,,,,,,
germ4,WT->DB,WT1+WT2+WT3,DB2,smooth_a0.5,0,84926,31082,0.7115335728813252,0.7628980914057009,0.773405829740686,0.510184287099903,0.7501861504095308,0.7294837476099426,0.8562801064059242,,,,,,,
germ4,WT->DB,WT1+WT2+WT3,DB2,smooth_a0.75,0,84926,31082,0.6726235741208286,0.6996909793304249,0.7488900328164211,0.4383170905633468,0.7174225836721927,0.6970808273434062,0.8376737949043687,,,,,,,
germ4,WT->DB,WT1+WT2+WT3,DB2,smooth_a1.0,0,84926,31082,0.561425317361004,0.5773112848368324,0.6678141689723956,0.2395654659805603,0.612946514154259,0.6202665538396446,0.7729227354695519,,,,,,,
germ4,WT->DB,WT1+WT2+WT3,DB2,nbr_k5,0,84926,31082,0.6954859490237838,0.767799544762634,0.7552281062994659,0.4729664687951227,0.7422503222638267,0.7226746006890072,0.8440524043471788,,,,,,,
germ4,WT->DB,WT1+WT2+WT3,DB2,nbr_only_k5,0,84926,31082,0.609753762749971,0.6736480980849621,0.6714818866224824,0.3900414937759336,0.6252587991718427,0.6437177280550774,0.77999702999703,,,,,,,
germ4,WT->DB,WT1+WT2+WT3,DB2,nbr_k15,0,84926,31082,0.695501906676282,0.7635513850123249,0.7562576410784376,0.4735533079091361,0.7455845505102976,0.7191151269668172,0.8437546413188771,,,,,,,
germ4,WT->DB,WT1+WT2+WT3,DB2,nbr_only_k15,0,84926,31082,0.5773995457418502,0.6338030011958452,0.6424940480020591,0.3380024360535932,0.6042107885885137,0.6115102356122055,0.755874722713088,,,,,,,
germ4,WT->DB,WT1+WT2+WT3,DB2,nbr_k30,0,84926,31082,0.6927654555214307,0.7584138164262302,0.7547455118718229,0.4647108130762783,0.7467397928092626,0.7181437218686947,0.8414674943314872,,,,,,,
germ4,WT->DB,WT1+WT2+WT3,DB2,nbr_only_k30,0,84926,31082,0.5443165602898197,0.5930129385404018,0.6102567402355061,0.2857585139318885,0.5911121845187779,0.5822879891835049,0.7181075535251075,,,,,,,
germ4,WT->DB,WT1+WT2+WT3,DB2,expr_mlp,0,84926,31082,0.6813895592930133,0.7396464739789359,0.7445145100057912,0.4618913196894848,0.7145654108573124,0.7100731304552961,0.8390283761699598,,,,,,,
germ4,WT->DB,WT1+WT2+WT3,DB2,nbr_k15_mlp,0,84926,31082,0.6939246377123865,0.7357607252141558,0.7589601698732386,0.4834242551405791,0.7404126355053037,0.7085626911314985,0.843298969072165,,,,,,,
germ4,WT->DB,WT1+WT2+WT3,DB2,sage_k15,0,84926,31082,0.6978795510896503,0.7631079540135968,0.7608583746219677,0.4693877551020408,0.7441000677799002,0.7273296789350039,0.850700702541656,,,,,,,
germ4,WT->DB,WT1+WT2+WT3,DB2,expr_mlp,1,84926,31082,0.670790379718644,0.7380336875885614,0.7340582974068592,0.4312291302273811,0.7129310865494957,0.7073419709462112,0.8316593311514878,,,,,,,
germ4,WT->DB,WT1+WT2+WT3,DB2,nbr_k15_mlp,1,84926,31082,0.6859368776309268,0.7419927911180177,0.7508204105269931,0.4590341833966359,0.7322541966426859,0.7114228456913828,0.8410362847930025,,,,,,,
germ4,WT->DB,WT1+WT2+WT3,DB2,sage_k15,1,84926,31082,0.6931822269373142,0.7607707005146647,0.756418505887652,0.4587485704950171,0.7424364288807771,0.723781388478582,0.847762519894881,,,,,,,
germ4,WT->DB,WT1+WT2+WT3,DB2,expr_mlp,2,84926,31082,0.6685172944208385,0.7357372597936399,0.7333504922463162,0.4235890932149651,0.7133296494136427,0.7037294417419504,0.8334209933127958,,,,,,,
germ4,WT->DB,WT1+WT2+WT3,DB2,nbr_k15_mlp,2,84926,31082,0.6933853487928302,0.7373166055714849,0.7576089054758381,0.4836199836199836,0.7394627142195461,0.7083301106040684,0.8421285867277226,,,,,,,
germ4,WT->DB,WT1+WT2+WT3,DB2,sage_k15,2,84926,31082,0.7009136342031074,0.7630282101686314,0.7633356926838685,0.4826624847534413,0.7421560249053839,0.7259964121363388,0.8528396150172655,,,,,,,
germ4,DB->DB,DB1+DB3,DB2,expr,0,48565,31082,0.6932594465740431,0.760722651367597,0.752782961199408,0.4814498204821337,0.7336002463812751,0.7172906067279217,0.8406971127048419,,,,,,,
germ4,DB->DB,DB1+DB3,DB2,smooth_a0.25,0,48565,31082,0.7095985357492001,0.7702232857997628,0.7679042532655557,0.5143385753931545,0.7471809723334771,0.7260790824026562,0.8507955128675123,,,,,,,
germ4,DB->DB,DB1+DB3,DB2,smooth_a0.5,0,48565,31082,0.7196523166185591,0.767033198676536,0.7774596229328872,0.540472704455135,0.7551286024171057,0.7270711699061414,0.8559367896958545,,,,,,,
germ4,DB->DB,DB1+DB3,DB2,smooth_a0.75,0,48565,31082,0.6752822963302075,0.6960913322452646,0.7494369731677498,0.4565743479429954,0.7215568862275449,0.6878596491228071,0.8351383020274828,,,,,,,
germ4,DB->DB,DB1+DB3,DB2,smooth_a1.0,0,48565,31082,0.560457224502608,0.5776189870569994,0.6697123737211248,0.2334656084656084,0.6150512967565156,0.6229442169564342,0.7703677758318739,,,,,,,
germ4,DB->DB,DB1+DB3,DB2,nbr_k5,0,48565,31082,0.7094481636760237,0.7751356131062553,0.765877356669455,0.5152979066022544,0.7506899724011039,0.7250851305334847,0.8467196451672518,,,,,,,
germ4,DB->DB,DB1+DB3,DB2,nbr_only_k5,0,48565,31082,0.6176743645497148,0.678396159413569,0.6787851489608133,0.4095780308104487,0.6296132736104978,0.6501311352566504,0.7813750185212625,,,,,,,
germ4,DB->DB,DB1+DB3,DB2,nbr_k15,0,48565,31082,0.7069288755475551,0.7725677300513281,0.7638826330351972,0.5111866833721138,0.7490138067061144,0.7217423957942171,0.845772616317775,,,,,,,
germ4,DB->DB,DB1+DB3,DB2,nbr_only_k15,0,48565,31082,0.5867237348241958,0.6416972171944813,0.6517276880509619,0.3582538886101354,0.6111917229196896,0.6189606022951538,0.7584887254718043,,,,,,,
germ4,DB->DB,DB1+DB3,DB2,nbr_k30,0,48565,31082,0.7029429995064346,0.7697231681875966,0.7601827424232674,0.5050612679808204,0.7466880276049048,0.7164690971445612,0.843553605295452,,,,,,,
germ4,DB->DB,DB1+DB3,DB2,nbr_only_k30,0,48565,31082,0.5488185748588996,0.6012579945380669,0.6137314201145357,0.3080452236604948,0.5801795016632147,0.5855588526211671,0.7214907214907215,,,,,,,
germ4,DB->DB,DB1+DB3,DB2,expr_mlp,0,48565,31082,0.6643268304394512,0.7396052807943747,0.724663792548742,0.4504504504504504,0.6950290510006456,0.6846289131199437,0.8271989071867648,,,,,,,
germ4,DB->DB,DB1+DB3,DB2,nbr_k15_mlp,0,48565,31082,0.683482520566814,0.7422476731176096,0.7391094524161894,0.5024,0.7270047893896598,0.6795519737740746,0.8249733191035219,,,,,,,
germ4,DB->DB,DB1+DB3,DB2,sage_k15,0,48565,31082,0.6917935304533501,0.7639891734755777,0.7482144006177208,0.4933078393881453,0.7348924228250702,0.7037807590214507,0.8351931005787343,,,,,,,
germ4,DB->DB,DB1+DB3,DB2,expr_mlp,1,48565,31082,0.6626316543006752,0.7381200995487005,0.7216395341355125,0.4404684450227716,0.7057207094678991,0.6874512860483243,0.8168861766637056,,,,,,,
germ4,DB->DB,DB1+DB3,DB2,nbr_k15_mlp,1,48565,31082,0.6822959399913033,0.7371775960964643,0.7382729554082749,0.499271895152902,0.7353353231406469,0.6737650785093335,0.8208114631623309,,,,,,,
germ4,DB->DB,DB1+DB3,DB2,sage_k15,1,48565,31082,0.6872714846405075,0.760389986127302,0.7443214722347339,0.4848797250859106,0.730812711970858,0.700306464257715,0.8330870372475465,,,,,,,
germ4,DB->DB,DB1+DB3,DB2,expr_mlp,2,48565,31082,0.6682108205050388,0.7410502161049698,0.7262402676790425,0.4634520361219969,0.7012841291609525,0.6849160434598561,0.8231910732773496,,,,,,,
germ4,DB->DB,DB1+DB3,DB2,nbr_k15_mlp,2,48565,31082,0.6797678445968809,0.7439659161974451,0.7332539733607876,0.4967395473724588,0.7263663663663663,0.6815951344253232,0.814370330223375,,,,,,,
germ4,DB->DB,DB1+DB3,DB2,sage_k15,2,48565,31082,0.6931820016659713,0.7631486027493353,0.7496621839006499,0.496615603847524,0.7369012677199775,0.7037747920665387,0.8354363430298452,,,,,,,
germ4,WT->DB,WT1+WT2+WT3,DB3,expr,0,84926,26991,0.7348814073331169,0.7820620032301243,0.7871512726464377,0.5191416309012875,0.7524100994644224,0.7908980949501059,0.8770758040166522,,,,,,,
germ4,WT->DB,WT1+WT2+WT3,DB3,smooth_a0.25,0,84926,26991,0.747272054911537,0.7906314080566852,0.7991552739802156,0.5373831775700935,0.7655283062113225,0.8032995875515561,0.8828771483131763,,,,,,,
germ4,WT->DB,WT1+WT2+WT3,DB3,smooth_a0.5,0,84926,26991,0.7534041312989311,0.7893763455155969,0.8057871142232597,0.551205400192864,0.7707585363990528,0.8054693274205469,0.8861832611832612,,,,,,,
germ4,WT->DB,WT1+WT2+WT3,DB3,smooth_a0.75,0,84926,26991,0.7213459549541594,0.742317802387912,0.7820384572635323,0.5018466217684119,0.7403705696932421,0.773936548584436,0.8692300797705477,,,,,,,
germ4,WT->DB,WT1+WT2+WT3,DB3,smooth_a1.0,0,84926,26991,0.632176240888024,0.6392984457227862,0.7144233262939499,0.3501498501498502,0.652975495915986,0.7075582601479843,0.8180213573382755,,,,,,,
germ4,WT->DB,WT1+WT2+WT3,DB3,nbr_k5,0,84926,26991,0.7415853884055684,0.7891577564258263,0.7930050757659961,0.5289855072463768,0.7619338577866035,0.7951588502269289,0.8802633383623646,,,,,,,
germ4,WT->DB,WT1+WT2+WT3,DB3,nbr_only_k5,0,84926,26991,0.6559352823740479,0.7017418776717738,0.71260790633915,0.4284135753749013,0.6452423980513868,0.7205443841272269,0.8295407719426766,,,,,,,
germ4,WT->DB,WT1+WT2+WT3,DB3,nbr_k15,0,84926,26991,0.7400777421999013,0.7859062009521675,0.792486384350339,0.5220550077841204,0.764135212975595,0.7944053806175482,0.8797153674223418,,,,,,,
germ4,WT->DB,WT1+WT2+WT3,DB3,nbr_only_k15,0,84926,26991,0.6345909876178824,0.6772412445268466,0.6930828794783447,0.3927473878303626,0.6265379224419872,0.7024632838604398,0.81661535633874,,,,,,,
germ4,WT->DB,WT1+WT2+WT3,DB3,nbr_k30,0,84926,26991,0.7378488136483398,0.7832164165609099,0.7904486680745434,0.5189282627484875,0.7640704087028783,0.790330007674597,0.8780665754673963,,,,,,,
germ4,WT->DB,WT1+WT2+WT3,DB3,nbr_only_k30,0,84926,26991,0.5985366936125665,0.6387914011189739,0.6582564558556556,0.3455648656457671,0.5906071735563022,0.6613426108958647,0.7966321243523317,,,,,,,
germ4,WT->DB,WT1+WT2+WT3,DB3,expr_mlp,0,84926,26991,0.7329164599395699,0.7674203479220484,0.7867807787781113,0.5286343612334802,0.7500371968457075,0.7770382695507487,0.8759560121283432,,,,,,,
germ4,WT->DB,WT1+WT2+WT3,DB3,nbr_k15_mlp,0,84926,26991,0.7376140420215593,0.7605555995159625,0.7941165573709755,0.5217764428234285,0.778497686009256,0.7787756323903607,0.8714064068631925,,,,,,,
germ4,WT->DB,WT1+WT2+WT3,DB3,sage_k15,0,84926,26991,0.7438846450766161,0.7886937057975931,0.7950427920417917,0.5342756183745583,0.7693477269271705,0.7930956166250284,0.8788196183797077,,,,,,,
germ4,WT->DB,WT1+WT2+WT3,DB3,expr_mlp,1,84926,26991,0.7264098298054502,0.767321813854383,0.7806305805638917,0.5110432752738373,0.7435684647302905,0.7775514822358,0.873476096981873,,,,,,,
germ4,WT->DB,WT1+WT2+WT3,DB3,nbr_k15_mlp,1,84926,26991,0.7318704867097301,0.7676843382911975,0.785854544107295,0.5186862967157417,0.7616507372008594,0.7755840241145441,0.8715608888077748,,,,,,,
germ4,WT->DB,WT1+WT2+WT3,DB3,sage_k15,1,84926,26991,0.7423420943165908,0.7869024232436777,0.7933755696343225,0.5324583185526782,0.7701420001518718,0.7903686982693755,0.8763993602924377,,,,,,,
germ4,WT->DB,WT1+WT2+WT3,DB3,expr_mlp,2,84926,26991,0.7230876473682568,0.7627226055902787,0.7774443332962839,0.5093960956029921,0.7429835265405735,0.7700835119355554,0.8698874553939061,,,,,,,
germ4,WT->DB,WT1+WT2+WT3,DB3,nbr_k15_mlp,2,84926,26991,0.7409313225006351,0.7645337343606596,0.79585787855211,0.5344060978191827,0.774253332382921,0.7809014514896868,0.8741644083107498,,,,,,,
germ4,WT->DB,WT1+WT2+WT3,DB3,sage_k15,2,84926,26991,0.7439930875172134,0.7864996476088597,0.7960431254862732,0.5325911294666906,0.7698016053309102,0.7936123514720351,0.879967263799218,,,,,,,
germ4,DB->DB,DB1+DB2,DB3,expr,0,52656,26991,0.7374489246452735,0.7901611353626266,0.7898188284983884,0.5257595772787318,0.7344800625488663,0.8023441662226958,0.8872118925307997,,,,,,,
germ4,DB->DB,DB1+DB2,DB3,smooth_a0.25,0,52656,26991,0.7474682620156393,0.7970351765417726,0.7997110147827053,0.5422680412371134,0.743117107224096,0.8115920210764019,0.8928958785249458,,,,,,,
germ4,DB->DB,DB1+DB2,DB3,smooth_a0.5,0,52656,26991,0.7537909510874504,0.7980659110601884,0.8057871142232597,0.5583257506824386,0.7472995348103761,0.8147874852420307,0.894751033614956,,,,,,,
germ4,DB->DB,DB1+DB2,DB3,smooth_a0.75,0,52656,26991,0.7269162433328769,0.7565972849131497,0.7834092845763403,0.5296989422294548,0.721011611261333,0.7820157681653527,0.874938651675367,,,,,,,
germ4,DB->DB,DB1+DB2,DB3,smooth_a1.0,0,52656,26991,0.6379552499667015,0.6504340669587685,0.7145715238412804,0.3814169570267131,0.6335533730478183,0.7155053704213715,0.8213452993709032,,,,,,,
germ4,DB->DB,DB1+DB2,DB3,nbr_k5,0,52656,26991,0.7467235748495051,0.8005857432058047,0.7968582119965915,0.5453324378777703,0.7445324135768597,0.8084851210553932,0.8885443268879971,,,,,,,
germ4,DB->DB,DB1+DB2,DB3,nbr_only_k5,0,52656,26991,0.6567150043552545,0.712071453167311,0.7122744618576563,0.4375,0.6194834913370383,0.7342826844417513,0.8355938416422287,,,,,,,
germ4,DB->DB,DB1+DB2,DB3,nbr_k15,0,52656,26991,0.7384276063353268,0.7936181527810027,0.7895965321773925,0.5303104977821587,0.734493670886076,0.8043348281016443,0.8845714285714286,,,,,,,
germ4,DB->DB,DB1+DB2,DB3,nbr_only_k15,0,52656,26991,0.6244810836880408,0.6858414983938405,0.6799303471527546,0.4015090272163837,0.5714285714285714,0.7056751167955886,0.8193116193116193,,,,,,,
germ4,DB->DB,DB1+DB2,DB3,nbr_k30,0,52656,26991,0.7353736420391277,0.7917947389979442,0.7870030750991072,0.5249352331606217,0.7296759296122303,0.8023629701637628,0.8845204352198958,,,,,,,
germ4,DB->DB,DB1+DB2,DB3,nbr_only_k30,0,52656,26991,0.5862256425717278,0.6494196601714655,0.6407691452706458,0.3623529411764706,0.5217614804660726,0.6639657187378263,0.7968224299065421,,,,,,,
germ4,DB->DB,DB1+DB2,DB3,expr_mlp,0,52656,26991,0.7354416285242056,0.774725582967364,0.7886332481197437,0.5332837486054295,0.7441212871287128,0.7859354268022999,0.8784260515603799,,,,,,,
germ4,DB->DB,DB1+DB2,DB3,nbr_k15_mlp,0,52656,26991,0.7413028517157523,0.7765256561801505,0.7903004705272128,0.5578670975560492,0.7571701720841301,0.7785029856964311,0.8716711515263988,,,,,,,
germ4,DB->DB,DB1+DB2,DB3,sage_k15,0,52656,26991,0.7374721134412379,0.7896310820071306,0.7886702975065762,0.5353032125064422,0.7352964647673769,0.7972479036766287,0.8820408728145038,,,,,,,
germ4,DB->DB,DB1+DB2,DB3,expr_mlp,1,52656,26991,0.7326831738706414,0.770718536169175,0.7866696306176133,0.5290468133107727,0.7381592077991863,0.7848845757976768,0.8786420985749297,,,,,,,
germ4,DB->DB,DB1+DB2,DB3,nbr_k15_mlp,1,52656,26991,0.7359789040763078,0.7745581881837668,0.7862250379756215,0.547748447204969,0.7450768399104178,0.7783244307000281,0.8727658984898167,,,,,,,
germ4,DB->DB,DB1+DB2,DB3,sage_k15,1,52656,26991,0.7314441830971095,0.7853787982562149,0.7825200992923567,0.5255696202531646,0.7322923374114617,0.7920159113510442,0.8758988633727673,,,,,,,
germ4,DB->DB,DB1+DB2,DB3,expr_mlp,2,52656,26991,0.7349300958318008,0.7748861219800437,0.7883739024119151,0.5290108675630871,0.7482909593670789,0.7833555456833999,0.8790630107136372,,,,,,,
germ4,DB->DB,DB1+DB2,DB3,nbr_k15_mlp,2,52656,26991,0.7397000491958083,0.7783947504857107,0.7885591493460783,0.5557078519678872,0.7507489054458868,0.7802320704599469,0.8721113689095128,,,,,,,
germ4,DB->DB,DB1+DB2,DB3,sage_k15,2,52656,26991,0.7380915603148674,0.7906047125936649,0.7882627542514171,0.5376824034334764,0.7404871835694953,0.7952981651376146,0.8788984891188837,,,,,,,
germ4,WT->HU,WT1+WT2+WT3,HU1,expr,0,84926,24703,0.3814496368397012,0.4317540906936751,0.4052949034530219,0.2045120156939676,0.3697861899754644,0.4023753589141216,0.5491249827752515,,,,,,,
germ4,WT->HU,WT1+WT2+WT3,HU1,smooth_a0.25,0,84926,24703,0.3888050818810936,0.4468644468443241,0.4116099259199287,0.2156909220194358,0.3757072135785007,0.4015480082738373,0.5622741836526007,,,,,,,
germ4,WT->HU,WT1+WT2+WT3,HU1,smooth_a0.5,0,84926,24703,0.3975094171446614,0.4718662425454111,0.417763024733838,0.2343594836146971,0.3851132686084142,0.390288146235959,0.5802767701195755,,,,,,,
germ4,WT->HU,WT1+WT2+WT3,HU1,smooth_a0.75,0,84926,24703,0.3894268448438013,0.4832408153303738,0.4072784682022426,0.2427722373325274,0.3838158871566444,0.3495868383830864,0.581532416502947,,,,,,,
germ4,WT->HU,WT1+WT2+WT3,HU1,smooth_a1.0,0,84926,24703,0.3686121559598758,0.4665669643355796,0.3856616605270614,0.2453614518909054,0.3618976882369325,0.3179726977901803,0.5492167859214852,,,,,,,
germ4,WT->HU,WT1+WT2+WT3,HU1,nbr_k5,0,84926,24703,0.3928968428950525,0.4658711863187557,0.4099097275634538,0.234345665378244,0.393528714213112,0.3818181818181818,0.5618948101706722,,,,,,,
germ4,WT->HU,WT1+WT2+WT3,HU1,nbr_only_k5,0,84926,24703,0.3640518742269178,0.4507864863229369,0.3784560579686677,0.2398612014747343,0.3773139031114612,0.3025145660840233,0.5365178262374524,,,,,,,
germ4,WT->HU,WT1+WT2+WT3,HU1,nbr_k15,0,84926,24703,0.3928089369453347,0.4627766722440683,0.4107598267416913,0.234375,0.3879895999329028,0.3905987688864017,0.5582723789620342,,,,,,,
germ4,WT->HU,WT1+WT2+WT3,HU1,nbr_only_k15,0,84926,24703,0.3562917884770369,0.4575051765226197,0.3738007529449864,0.2529827662395051,0.3872434017595308,0.2408333333333333,0.5441076525757782,,,,,,,
germ4,WT->HU,WT1+WT2+WT3,HU1,nbr_k30,0,84926,24703,0.3889368680870824,0.4518296308504709,0.4085738574262235,0.2233372228704784,0.3905345305026433,0.3900179731784874,0.5518577457967204,,,,,,,
germ4,WT->HU,WT1+WT2+WT3,HU1,nbr_only_k30,0,84926,24703,0.3408780514096242,0.4328335778648388,0.3656640893818564,0.2409211691762622,0.3938716019252932,0.196027633851468,0.5326918006854733,,,,,,,
germ4,WT->HU,WT1+WT2+WT3,HU1,expr_mlp,0,84926,24703,0.366320176309009,0.4144063281825581,0.3925029348662106,0.1949408853450646,0.3869973809890618,0.3451533309834332,0.5381891079184764,,,,,,,
germ4,WT->HU,WT1+WT2+WT3,HU1,nbr_k15_mlp,0,84926,24703,0.3700624783191227,0.4226788752795757,0.3972392017163907,0.2033218785796105,0.4161610393318581,0.3231008210666469,0.5376661742983752,,,,,,,
germ4,WT->HU,WT1+WT2+WT3,HU1,sage_k15,0,84926,24703,0.3403807256113373,0.4488190551602247,0.3553414565032587,0.2199092607419268,0.3368969544515318,0.2468254626939995,0.5578912245578912,,,,,,,
germ4,WT->HU,WT1+WT2+WT3,HU1,expr_mlp,1,84926,24703,0.3642100997179655,0.4231218626698185,0.3842853094765818,0.2058965683905268,0.3753122230279591,0.3376807485114828,0.5379508589418931,,,,,,,
germ4,WT->HU,WT1+WT2+WT3,HU1,nbr_k15_mlp,1,84926,24703,0.3686285512245685,0.4452087879043296,0.3889810954135125,0.2262497038616441,0.4027029079037278,0.2925017410817921,0.5530598520511096,,,,,,,
germ4,WT->HU,WT1+WT2+WT3,HU1,sage_k15,1,84926,24703,0.3377177864306283,0.4460317452206449,0.3482572966846132,0.2156895967468654,0.3307100697549633,0.2498555032614978,0.5546159759591865,,,,,,,
germ4,WT->HU,WT1+WT2+WT3,HU1,expr_mlp,2,84926,24703,0.3601859226121932,0.4176466426976303,0.3804801036311379,0.1987944687389197,0.3642273712285381,0.3402763167122519,0.5374455337690632,,,,,,,
germ4,WT->HU,WT1+WT2+WT3,HU1,nbr_k15_mlp,2,84926,24703,0.3702340227319249,0.4334714740882003,0.3944864996154313,0.2262354752904942,0.4089255735870173,0.3000379794910748,0.5457370625591136,,,,,,,
germ4,WT->HU,WT1+WT2+WT3,HU1,sage_k15,2,84926,24703,0.3370437342916161,0.44217419904999,0.3540865481925272,0.2166573919495455,0.3458047000933231,0.2272920023746925,0.5584208427489034,,,,,,,
germ4,HU->HU,HU2,HU1,expr,0,26957,24703,0.4804917511343958,0.533749912379716,0.5050398736995506,0.3107148254495995,0.520070099307352,0.4948563953142653,0.5963256844663665,,,,,,,
germ4,HU->HU,HU2,HU1,smooth_a0.25,0,26957,24703,0.4873951931159446,0.5398073299324627,0.5119621098651985,0.3225907384230287,0.527701407981338,0.498435747594593,0.6008528784648187,,,,,,,
germ4,HU->HU,HU2,HU1,smooth_a0.5,0,26957,24703,0.4951580811429664,0.5424327520768275,0.5212727199125612,0.3326076034165131,0.5339396444811906,0.5088647328954252,0.6052203437787367,,,,,,,
germ4,HU->HU,HU2,HU1,smooth_a0.75,0,26957,24703,0.4866500314238278,0.5251851151772929,0.5146743310529086,0.3283964161638325,0.5229913271150385,0.5076782030712812,0.5875341793451588,,,,,,,
germ4,HU->HU,HU2,HU1,smooth_a1.0,0,26957,24703,0.4525205234867394,0.4850207091030979,0.48135853944865,0.3042897998093422,0.468567671953324,0.4843723313407344,0.5528522908435572,,,,,,,
germ4,HU->HU,HU2,HU1,nbr_k5,0,26957,24703,0.5044958707465808,0.5529622550787189,0.5307047726996721,0.3384819797375851,0.5505435664449132,0.5227272727272727,0.6062306640765522,,,,,,,
germ4,HU->HU,HU2,HU1,nbr_only_k5,0,26957,24703,0.4571774794490418,0.5071822447859343,0.4792130510464316,0.3182542210895189,0.4734976639278234,0.4815162539608027,0.5554417788180223,,,,,,,
germ4,HU->HU,HU2,HU1,nbr_k15,0,26957,24703,0.5057167011759134,0.5541003235855059,0.5319192000971542,0.340418410041841,0.551324370018517,0.5221404369669354,0.6089835876763605,,,,,,,
germ4,HU->HU,HU2,HU1,nbr_only_k15,0,26957,24703,0.4590449672779513,0.5047810590505891,0.4830992187183743,0.3141067897165458,0.4775903614457831,0.4882404435366209,0.5562422744128553,,,,,,,
germ4,HU->HU,HU2,HU1,nbr_k30,0,26957,24703,0.5019727555263,0.5479614362169474,0.5293284216491924,0.3317023789438164,0.5468837731611454,0.5210544733465531,0.6082503966536853,,,,,,,
germ4,HU->HU,HU2,HU1,nbr_only_k30,0,26957,24703,0.4442448701644423,0.4886852510514314,0.4680807999028458,0.2991202346041056,0.461391345923978,0.4744787077826725,0.5419891923470133,,,,,,,
germ4,HU->HU,HU2,HU1,expr_mlp,0,26957,24703,0.4672437569224292,0.5057032468540357,0.4988058130591426,0.2964257964257964,0.5289729485343984,0.4536597551836123,0.5899165275459098,,,,,,,
germ4,HU->HU,HU2,HU1,nbr_k15_mlp,0,26957,24703,0.4883622046122778,0.5134094714899631,0.523863498360523,0.3144974525243168,0.5475638051044084,0.4934202726733847,0.5979672881470014,,,,,,,
germ4,HU->HU,HU2,HU1,sage_k15,0,26957,24703,0.4947854510605303,0.5248297714087933,0.5309071772659191,0.3130511463844797,0.5652462890480762,0.4936439389331549,0.6072004298764105,,,,,,,
germ4,HU->HU,HU2,HU1,expr_mlp,1,26957,24703,0.4646393575804202,0.5045395628082853,0.4956078209124397,0.2792745201620003,0.5336731541550819,0.4624768946395564,0.5831328613650423,,,,,,,
germ4,HU->HU,HU2,HU1,nbr_k15_mlp,1,26957,24703,0.4859761336739147,0.5169445431161923,0.5196534833825851,0.3168888888888889,0.5550949159938905,0.4764362519201229,0.5954844778927564,,,,,,,
germ4,HU->HU,HU2,HU1,sage_k15,1,26957,24703,0.4952794910592943,0.5276190888715502,0.5292474598226936,0.3162481842705955,0.5619445499430308,0.4988009592326139,0.6041242707909374,,,,,,,
germ4,HU->HU,HU2,HU1,expr_mlp,2,26957,24703,0.4670919900941171,0.503700935100173,0.4978747520544063,0.2937746849727289,0.5196557338916027,0.467161208612267,0.58777633289987,,,,,,,
germ4,HU->HU,HU2,HU1,nbr_k15_mlp,2,26957,24703,0.4885842582266758,0.513202271167349,0.5234182083147796,0.3110720562390158,0.5463800045582314,0.5067004083510669,0.5901845637583892,,,,,,,
germ4,HU->HU,HU2,HU1,sage_k15,2,26957,24703,0.4975958445503886,0.5228273768685208,0.5361292150750921,0.3085450346420323,0.5698056801195814,0.5050047664442326,0.6070278969957081,,,,,,,
germ4,WTDB->HU,WT1+WT2+WT3+DB1+DB2+DB3,HU1,expr,0,164573,24703,0.3801901690908722,0.4307335645023556,0.4081285673804801,0.2054794520547945,0.370485571107655,0.38714859437751,0.5576470588235294,,,,,,,
germ4,WTDB->HU,WT1+WT2+WT3+DB1+DB2+DB3,HU1,smooth_a0.25,0,164573,24703,0.3864391116963543,0.4441430094550183,0.4140387807148929,0.2153767167244256,0.3793043478260869,0.381390874106652,0.5696845081282529,,,,,,,
germ4,WTDB->HU,WT1+WT2+WT3+DB1+DB2+DB3,HU1,smooth_a0.5,0,164573,24703,0.3949537654932913,0.4693291968109998,0.4209610168805408,0.2396201144526969,0.3904677846425419,0.3661485319516407,0.5835786309262855,,,,,,,
germ4,WTDB->HU,WT1+WT2+WT3+DB1+DB2+DB3,HU1,smooth_a0.75,0,164573,24703,0.3870399524218982,0.4822716004913031,0.4120147350524228,0.2535593220338983,0.3948952997213984,0.3164576559838984,0.5832475319483981,,,,,,,
germ4,WTDB->HU,WT1+WT2+WT3+DB1+DB2+DB3,HU1,smooth_a1.0,0,164573,24703,0.3656839886065698,0.4654492260564495,0.3899931182447476,0.2571981336064641,0.3686118158753171,0.2846341655509175,0.5522918393935805,,,,,,,
germ4,WTDB->HU,WT1+WT2+WT3+DB1+DB2+DB3,HU1,nbr_k5,0,164573,24703,0.3915571543316544,0.4629416208580809,0.4144031089341375,0.238095238095238,0.3946270649090606,0.361294964028777,0.5722113502935421,,,,,,,
germ4,WTDB->HU,WT1+WT2+WT3+DB1+DB2+DB3,HU1,nbr_only_k5,0,164573,24703,0.3611623917920962,0.453091673609175,0.3810468364166295,0.2535981919828714,0.3853392016998027,0.2612879942256796,0.5444241792600313,,,,,,,
germ4,WTDB->HU,WT1+WT2+WT3+DB1+DB2+DB3,HU1,nbr_k15,0,164573,24703,0.3901116547010135,0.4612521628527525,0.413350605189653,0.2363458241489101,0.3929579804019266,0.3587294696476376,0.5724133446055798,,,,,,,
germ4,WTDB->HU,WT1+WT2+WT3+DB1+DB2+DB3,HU1,nbr_only_k15,0,164573,24703,0.3494898635724567,0.4582139970098476,0.3740031575112335,0.2650142993326978,0.3930073988103874,0.1928110277438492,0.5471267284028923,,,,,,,
germ4,WTDB->HU,WT1+WT2+WT3+DB1+DB2+DB3,HU1,nbr_k30,0,164573,24703,0.3849154782574689,0.4522156166187735,0.4093429947779622,0.2265364164708792,0.3873881408380028,0.3550662061024755,0.5706711496185181,,,,,,,
germ4,WTDB->HU,WT1+WT2+WT3+DB1+DB2+DB3,HU1,nbr_only_k30,0,164573,24703,0.3322627017274084,0.4376316913603882,0.3615755171436667,0.2480831066040069,0.3875737541764413,0.1555475633878798,0.5378463827413056,,,,,,,
germ4,WTDB->HU,WT1+WT2+WT3+DB1+DB2+DB3,HU1,expr_mlp,0,164573,24703,0.3600968827444658,0.4153605065113617,0.3880095534955268,0.1968351987649556,0.348280365694384,0.3435565755615828,0.5517153909569409,,,,,,,
germ4,WTDB->HU,WT1+WT2+WT3+DB1+DB2+DB3,HU1,nbr_k15_mlp,0,164573,24703,0.3626385778494717,0.4411538409572407,0.3831923248188479,0.2197109638161469,0.345720620842572,0.3250810492189802,0.5600416775201875,,,,,,,
germ4,WTDB->HU,WT1+WT2+WT3+DB1+DB2+DB3,HU1,sage_k15,0,164573,24703,0.3390206071596719,0.4485843246905767,0.3593490669149496,0.2211494671645869,0.305621838312494,0.256368519573533,0.5729426035880738,,,,,,,
germ4,WTDB->HU,WT1+WT2+WT3+DB1+DB2+DB3,HU1,expr_mlp,1,164573,24703,0.363769710129641,0.4144598522982399,0.3895073472857547,0.1952594490711082,0.3562158469945355,0.3597415844950697,0.5438619599578504,,,,,,,
germ4,WTDB->HU,WT1+WT2+WT3+DB1+DB2+DB3,HU1,nbr_k15_mlp,1,164573,24703,0.3707023209904736,0.4356960183206447,0.3944055377889325,0.2179727534058242,0.3729504853576963,0.3310664158587759,0.5608196293395981,,,,,,,
germ4,WTDB->HU,WT1+WT2+WT3+DB1+DB2+DB3,HU1,sage_k15,1,164573,24703,0.3421435246484048,0.4488959544729811,0.3598348378739424,0.220331228840699,0.3275736631502364,0.2489972988458705,0.5716719077568134,,,,,,,
germ4,WTDB->HU,WT1+WT2+WT3+DB1+DB2+DB3,HU1,expr_mlp,2,164573,24703,0.3639445133580892,0.414354102926403,0.3885762862810185,0.1961921573572059,0.3495162257042555,0.3659322944653412,0.5441373759055541,,,,,,,
germ4,WTDB->HU,WT1+WT2+WT3+DB1+DB2+DB3,HU1,nbr_k15_mlp,2,164573,24703,0.3667923736080838,0.4386598036434607,0.3903979273772416,0.226197769881142,0.3599469935398376,0.3230666962109461,0.5579580348004094,,,,,,,
germ4,WTDB->HU,WT1+WT2+WT3+DB1+DB2+DB3,HU1,sage_k15,2,164573,24703,0.3446217449961992,0.4483564544036542,0.3638424482856333,0.2203358208955224,0.3180133432171979,0.2653061224489796,0.5748316934230968,,,,,,,
germ4,WT->HU,WT1+WT2+WT3,HU2,expr,0,84926,26957,0.3886842855481344,0.4426064977343915,0.4116185035426791,0.2249004627138706,0.3584298584298584,0.378428927680798,0.5929778933680104,,,,,,,
germ4,WT->HU,WT1+WT2+WT3,HU2,smooth_a0.25,0,84926,26957,0.3980208781371153,0.462176746226196,0.4200393218829988,0.2385828384190047,0.3627171165293973,0.3776143268308283,0.6131692307692308,,,,,,,
germ4,WT->HU,WT1+WT2+WT3,HU2,smooth_a0.5,0,84926,26957,0.4048865558321283,0.4849167237019898,0.4247876247356901,0.2517429809685321,0.3705780489816113,0.3631596638655462,0.6340655295128237,,,,,,,
germ4,WT->HU,WT1+WT2+WT3,HU2,smooth_a0.75,0,84926,26957,0.4010292763989036,0.497678494195525,0.419594168490559,0.2550335570469799,0.3752304340539634,0.3306486408744427,0.6432044736202286,,,,,,,
germ4,WT->HU,WT1+WT2+WT3,HU2,smooth_a1.0,0,84926,26957,0.3813839006103985,0.4784100450247379,0.4003783803835738,0.249762007788836,0.3571968107427612,0.3056851311953353,0.6128916527146616,,,,,,,
germ4,WT->HU,WT1+WT2+WT3,HU2,nbr_k5,0,84926,26957,0.4050316291145437,0.4828264076613177,0.4215231665244648,0.2549357868506804,0.3936211590820692,0.3598405513141004,0.6117290192113246,,,,,,,
germ4,WT->HU,WT1+WT2+WT3,HU2,nbr_only_k5,0,84926,26957,0.3784825420667207,0.4678048327705238,0.3947768668620395,0.25,0.3750638732754215,0.2840656901908566,0.6048006048006048,,,,,,,
germ4,WT->HU,WT1+WT2+WT3,HU2,nbr_k15,0,84926,26957,0.4022889409628287,0.4767265431873588,0.4193344956783025,0.2506324187585133,0.3914387266264874,0.3613451041175281,0.6057395143487859,,,,,,,
germ4,WT->HU,WT1+WT2+WT3,HU2,nbr_only_k15,0,84926,26957,0.3730247384098722,0.4756997268022688,0.3925140037838038,0.2577035950110051,0.3903371093216869,0.2312826698833936,0.6127755794234031,,,,,,,
germ4,WT->HU,WT1+WT2+WT3,HU2,nbr_k30,0,84926,26957,0.3984906006812869,0.4640937013258617,0.4169974403679934,0.2406563354603464,0.3906045437042741,0.3695781342840166,0.5931233892765102,,,,,,,
germ4,WT->HU,WT1+WT2+WT3,HU2,nbr_only_k30,0,84926,26957,0.3620738615416351,0.4594013893354052,0.3907333902140446,0.2520570773877721,0.4121395671651208,0.1831422114338327,0.6009565901798147,,,,,,,
germ4,WT->HU,WT1+WT2+WT3,HU2,expr_mlp,0,84926,26957,0.3787226348185263,0.4291390500560546,0.4050524910041919,0.2143370894269959,0.3870604781997187,0.3234421364985163,0.5900508351488744,,,,,,,
germ4,WT->HU,WT1+WT2+WT3,HU2,nbr_k15_mlp,0,84926,26957,0.3892681995827625,0.4440717864703437,0.4168119597878102,0.226583850931677,0.4227129337539432,0.3132242432755109,0.5945517703699189,,,,,,,
germ4,WT->HU,WT1+WT2+WT3,HU2,sage_k15,0,84926,26957,0.3545174387157407,0.4620235682345192,0.3724450050079756,0.2322256265221148,0.3365961997203257,0.235647635616005,0.6136002930045171,,,,,,,
germ4,WT->HU,WT1+WT2+WT3,HU2,expr_mlp,1,84926,26957,0.3752617992325744,0.4328597422394855,0.3975590755647883,0.2170509383378016,0.3629514735209395,0.3270219096564782,0.5940228754150781,,,,,,,
germ4,WT->HU,WT1+WT2+WT3,HU2,nbr_k15_mlp,1,84926,26957,0.3796679174406453,0.4558085407291398,0.4008606298920503,0.2439941508251514,0.392027972027972,0.2833600700014583,0.5992894769079995,,,,,,,
germ4,WT->HU,WT1+WT2+WT3,HU2,sage_k15,1,84926,26957,0.353001466853706,0.4598436880297268,0.3671031642986979,0.2261065266316579,0.3289115926505726,0.2392662291452518,0.6177215189873417,,,,,,,
germ4,WT->HU,WT1+WT2+WT3,HU2,expr_mlp,2,84926,26957,0.3742685162856107,0.4327530868320892,0.3957413658789924,0.2163742690058479,0.3608539291453057,0.3312203910055381,0.5886254759857511,,,,,,,
germ4,WT->HU,WT1+WT2+WT3,HU2,nbr_k15_mlp,2,84926,26957,0.3930286960797966,0.4543187300845233,0.4198909374188522,0.2399803897536462,0.4218294814527092,0.3028259934012337,0.6074789197115972,,,,,,,
germ4,WT->HU,WT1+WT2+WT3,HU2,sage_k15,2,84926,26957,0.3565004830880744,0.4620236245944112,0.3774529806729235,0.2308256581628494,0.352035203520352,0.2212862465575895,0.6218548241115067,,,,,,,
germ4,HU->HU,HU1,HU2,expr,0,24703,26957,0.4912403873876839,0.5570515597942378,0.5122602663501131,0.3214665878178592,0.5123250152160682,0.4749239668435804,0.6562459796732278,,,,,,,
germ4,HU->HU,HU1,HU2,smooth_a0.25,0,24703,26957,0.4999710970736091,0.567939859154063,0.5210149497347628,0.3335724533715925,0.5204855842185129,0.4815941769584154,0.6642321737459158,,,,,,,
germ4,HU->HU,HU1,HU2,smooth_a0.5,0,24703,26957,0.5061763448475837,0.5727214124974396,0.5279519234336165,0.3421799777805209,0.5284583490388239,0.4890129469058082,0.6650541056651814,,,,,,,
germ4,HU->HU,HU1,HU2,smooth_a0.75,0,24703,26957,0.50142483727919,0.5623431184422047,0.5242423118299514,0.3411414520512488,0.5207259690790947,0.4910735259572469,0.6527584020291693,,,,,,,
germ4,HU->HU,HU1,HU2,smooth_a1.0,0,24703,26957,0.4624406737133548,0.5139966383707426,0.4862929851244574,0.3118918918918918,0.4633256385434507,0.4612418949705006,0.6133032694475761,,,,,,,
germ4,HU->HU,HU1,HU2,nbr_k5,0,24703,26957,0.5182896791403335,0.5807512344889499,0.540230737841748,0.3530015392508979,0.5457380457380457,0.5099218975990744,0.664497233973316,,,,,,,
germ4,HU->HU,HU1,HU2,nbr_only_k5,0,24703,26957,0.4674371476515242,0.5305859496619922,0.4869978113291538,0.3191180033922946,0.4685404264938588,0.4628264842874831,0.6192636764324605,,,,,,,
germ4,HU->HU,HU1,HU2,nbr_k15,0,24703,26957,0.5206047830704548,0.5823138889337227,0.5428274659643135,0.3573749187784275,0.546605122096486,0.5157095177811025,0.6627295736258031,,,,,,,
germ4,HU->HU,HU1,HU2,nbr_only_k15,0,24703,26957,0.4680674217917197,0.5274400946990132,0.4888155210149497,0.3124009267162541,0.4667223191925324,0.4723577235772357,0.6207887176808566,,,,,,,
germ4,HU->HU,HU1,HU2,nbr_k30,0,24703,26957,0.5177297849631357,0.5801543357508472,0.540230737841748,0.3526093088857546,0.5384384834407313,0.512515174287531,0.6673561732385261,,,,,,,
germ4,HU->HU,HU1,HU2,nbr_only_k30,0,24703,26957,0.4573153225867123,0.5145888735385146,0.4784657046407241,0.3023199023199023,0.4561322921451539,0.4633451543514912,0.607463941530302,,,,,,,
germ4,HU->HU,HU1,HU2,expr_mlp,0,24703,26957,0.4846125231557621,0.5214957380857329,0.5161182624179248,0.2985797288573273,0.5367128298928665,0.464383074552566,0.6387744593202883,,,,,,,
germ4,HU->HU,HU1,HU2,nbr_k15_mlp,0,24703,26957,0.5059454460328231,0.5348935437090137,0.5400823533776014,0.3366137778670415,0.5605689063266307,0.4769175712751998,0.6496815286624203,,,,,,,
germ4,HU->HU,HU1,HU2,sage_k15,0,24703,26957,0.5133785795472289,0.5481376913656527,0.5459064435953556,0.333504185887579,0.5590865318475718,0.5064348223989018,0.6544887780548628,,,,,,,
germ4,HU->HU,HU1,HU2,expr_mlp,1,24703,26957,0.4805741034220657,0.5179572688317264,0.5099232110398041,0.2942852857357132,0.5189439036347083,0.4779659084430762,0.631101315874765,,,,,,,
germ4,HU->HU,HU1,HU2,nbr_k15_mlp,1,24703,26957,0.5116860911349408,0.5407644176062636,0.5447193678821828,0.3324789454412303,0.5571353343865192,0.5056236929859267,0.6515063917260873,,,,,,,
germ4,HU->HU,HU1,HU2,sage_k15,1,24703,26957,0.5178565895155165,0.5528216153957828,0.5500983047074971,0.336417157275021,0.5603448275862069,0.5169783603593423,0.6576860128414956,,,,,,,
germ4,HU->HU,HU1,HU2,expr_mlp,2,24703,26957,0.4864149506863676,0.5158995084490393,0.5207181808064696,0.2938775510204082,0.5325005147916809,0.4846907012281397,0.6345910357052418,,,,,,,
germ4,HU->HU,HU1,HU2,nbr_k15_mlp,2,24703,26957,0.50464048419333,0.5374063753657363,0.5374114330229625,0.3352941176470588,0.5512930183588867,0.4842538190364277,0.6477209817309467,,,,,,,
germ4,HU->HU,HU1,HU2,sage_k15,2,24703,26957,0.5125292712709932,0.5589217970791713,0.5419742552954706,0.3414936473504803,0.5540992749581707,0.4907654848862759,0.6637586778890459,,,,,,,
germ4,WTDB->HU,WT1+WT2+WT3+DB1+DB2+DB3,HU2,expr,0,164573,26957,0.3891140065985838,0.4422537579801536,0.4169232481359202,0.2260108282455938,0.3607986056092537,0.3703656353873689,0.5992809571521188,,,,,,,
germ4,WTDB->HU,WT1+WT2+WT3+DB1+DB2+DB3,HU2,smooth_a0.25,0,164573,26957,0.395148770051244,0.4567529958495998,0.4228586267017843,0.2360110803324099,0.3670076726342711,0.3619498717189658,0.6156264555193293,,,,,,,
germ4,WTDB->HU,WT1+WT2+WT3+DB1+DB2+DB3,HU2,smooth_a0.5,0,164573,26957,0.4041399373726033,0.4830615672712054,0.430648811069481,0.2571310458867301,0.3782304162305772,0.3450231721657328,0.6361751152073732,,,,,,,
germ4,WTDB->HU,WT1+WT2+WT3+DB1+DB2+DB3,HU2,smooth_a0.75,0,164573,26957,0.3977981916808976,0.4966335252775373,0.4243053752272137,0.2653795192125686,0.3826468437728491,0.300985368766796,0.6421810349713768,,,,,,,
germ4,WTDB->HU,WT1+WT2+WT3+DB1+DB2+DB3,HU2,smooth_a1.0,0,164573,26957,0.3794730575009657,0.4783029835711512,0.4056831249768149,0.2600913937547601,0.3715376492567622,0.274990541051835,0.6112726459405055,,,,,,,
germ4,WTDB->HU,WT1+WT2+WT3+DB1+DB2+DB3,HU2,nbr_k5,0,164573,26957,0.4016266731186204,0.4776057395533977,0.4250472975479467,0.2571727748691099,0.3867614461514943,0.3408034413376812,0.6217690301161963,,,,,,,
germ4,WTDB->HU,WT1+WT2+WT3+DB1+DB2+DB3,HU2,nbr_only_k5,0,164573,26957,0.3752179446691925,0.4690511901833852,0.3989687279741811,0.2610628409779753,0.3888772151012117,0.2424994185595782,0.6084323040380047,,,,,,,
germ4,WTDB->HU,WT1+WT2+WT3+DB1+DB2+DB3,HU2,nbr_k15,0,164573,26957,0.4010285368174678,0.4771737406012237,0.4246763363875802,0.2558795860771402,0.3871459031373743,0.3387085514834206,0.6223801065719361,,,,,,,
germ4,WTDB->HU,WT1+WT2+WT3+DB1+DB2+DB3,HU2,nbr_only_k15,0,164573,26957,0.3601354007659513,0.4709419095677961,0.3902511407055681,0.2663216560509554,0.3926610419177715,0.1694281587220664,0.6121307463730117,,,,,,,
germ4,WTDB->HU,WT1+WT2+WT3+DB1+DB2+DB3,HU2,nbr_k30,0,164573,26957,0.3945861536199578,0.4632419604190954,0.4201506102311088,0.240958698908624,0.3798865552659819,0.3396122265921479,0.6178871337130777,,,,,,,
germ4,WTDB->HU,WT1+WT2+WT3+DB1+DB2+DB3,HU2,nbr_only_k30,0,164573,26957,0.3487709853587477,0.4599220489450129,0.38579960678117,0.2586658288826055,0.4044389642416769,0.1269953258664785,0.60498382244423,,,,,,,
germ4,WTDB->HU,WT1+WT2+WT3+DB1+DB2+DB3,HU2,expr_mlp,0,164573,26957,0.3762916740505527,0.4331450612407305,0.4057202210928515,0.2166930558697127,0.3529878581064994,0.333776772648663,0.6017090095773355,,,,,,,
germ4,WTDB->HU,WT1+WT2+WT3+DB1+DB2+DB3,HU2,nbr_k15_mlp,0,164573,26957,0.3784394678725655,0.4578661476607354,0.4018993211410765,0.2360046012269938,0.3425136079291575,0.317315134032224,0.6179245283018868,,,,,,,
germ4,WTDB->HU,WT1+WT2+WT3+DB1+DB2+DB3,HU2,sage_k15,0,164573,26957,0.3550693705493754,0.4682799949339338,0.3788626330823162,0.236802769254976,0.3043824701195219,0.2480050070411516,0.6310872357818521,,,,,,,
germ4,WTDB->HU,WT1+WT2+WT3+DB1+DB2+DB3,HU2,expr_mlp,1,164573,26957,0.3749219658956448,0.4280943677536455,0.4019364172571131,0.212073958565382,0.3455290963570415,0.3442175100819565,0.5978672985781991,,,,,,,
germ4,WTDB->HU,WT1+WT2+WT3+DB1+DB2+DB3,HU2,nbr_k15_mlp,1,164573,26957,0.384907042460609,0.4537850422544845,0.4104685239455429,0.2378530462071204,0.3680322364002686,0.3151278111468082,0.6186150760882387,,,,,,,
germ4,WTDB->HU,WT1+WT2+WT3+DB1+DB2+DB3,HU2,sage_k15,1,164573,26957,0.3612661481501313,0.4725271091919428,0.3832770708906777,0.2385394243801323,0.3278220730172052,0.2417339028634709,0.6369691923397169,,,,,,,
germ4,WTDB->HU,WT1+WT2+WT3+DB1+DB2+DB3,HU2,expr_mlp,2,164573,26957,0.3750045760763398,0.4272583854215899,0.4004896687316838,0.212051366480079,0.341313107371415,0.3539094650205761,0.5927443654332891,,,,,,,
germ4,WTDB->HU,WT1+WT2+WT3+DB1+DB2+DB3,HU2,nbr_k15_mlp,2,164573,26957,0.3850803767915464,0.4587497816726846,0.4113959268464592,0.2456178316381735,0.370148359058894,0.3086981239340534,0.6158571925350643,,,,,,,
germ4,WTDB->HU,WT1+WT2+WT3+DB1+DB2+DB3,HU2,sage_k15,2,164573,26957,0.359334053144961,0.4693328091599861,0.3823496679897615,0.2384127239135673,0.313755929279862,0.2523320895522388,0.6328354698341762,,,,,,,
coarse6,WT->WT,WT2+WT3,WT1,expr,0,68788,29178,0.5122882027006668,0.5273343260424804,0.6319144560970594,0.29665271966527196,0.6518753301637612,0.7356286504764833,0.8178787365090129,0.3341222879684418,0.23757149142102948,,,,,
coarse6,WT->WT,WT2+WT3,WT1,smooth_a0.25,0,68788,29178,0.5200461204466306,0.5341943166910178,0.6450407841524436,0.3034814977008977,0.6592220640035974,0.7462172284644195,0.8247296242613447,0.33243187018930725,0.254194438060216,,,,,
coarse6,WT->WT,WT2+WT3,WT1,smooth_a0.5,0,68788,29178,0.5173216439353633,0.5300286625613296,0.6480910274864624,0.2992089343880875,0.6590858416945373,0.7423232908458864,0.8216789006015784,0.3191681735985534,0.26246472248353714,,,,,
coarse6,WT->WT,WT2+WT3,WT1,smooth_a0.75,0,68788,29178,0.49212845396205385,0.5045864715474728,0.6311261909657961,0.2748292170257488,0.6357997341603899,0.7146017699115044,0.799477038731819,0.2627182991647684,0.26534466477809254,,,,,
coarse6,WT->WT,WT2+WT3,WT1,smooth_a1.0,0,68788,29178,0.4358546925176389,0.4522449343951993,0.5881143327164302,0.20298332845861364,0.5756501182033097,0.6747696006411112,0.7592542846397679,0.15935591338145474,0.24311490978157646,,,,,
coarse6,WT->WT,WT2+WT3,WT1,nbr_k15,0,68788,29178,0.5199450350142226,0.5362505405444393,0.640242648570841,0.29952524816573156,0.6572519083969466,0.7475742874469375,0.82531788640859,0.3379737045630317,0.25202717510409817,,,,,
coarse6,WT->WT,WT2+WT3,WT1,nbr_only_k15,0,68788,29178,0.4505202801657571,0.46670773684176137,0.57697580368771,0.2313208420078649,0.5763379002346529,0.6900064567042112,0.7644871574852697,0.2113646147223418,0.22960470984020184,,,,,
coarse6,WT->WT,WT1+WT3,WT2,expr,0,68359,29607,0.5147335086807067,0.5294914644665464,0.656229945620968,0.3206075533661741,0.6618548700038804,0.7223955084217093,0.8537930349247355,0.30708035003977724,0.22266973532796316,,,,,
coarse6,WT->WT,WT1+WT3,WT2,smooth_a0.25,0,68359,29607,0.5267245318706759,0.539191762759501,0.6757185800655251,0.33657377403326855,0.6771544777837465,0.7345885211053751,0.8638949671772429,0.3046186895810956,0.24351676154332702,,,,,
coarse6,WT->WT,WT1+WT3,WT2,smooth_a0.5,0,68359,29607,0.5250235652222034,0.534141430944025,0.6801769851724254,0.33814823585129056,0.6799516908212561,0.7263908282501653,0.8586307390951221,0.28370126820103336,0.26331862911435355,,,,,
coarse6,WT->WT,WT1+WT3,WT2,smooth_a0.75,0,68359,29607,0.49686699627955705,0.5055263515846125,0.662613571114939,0.3147262094630516,0.6544040675938388,0.6989337822671156,0.8389622641509434,0.21581592171383232,0.25835973248856037,,,,,
coarse6,WT->WT,WT1+WT3,WT2,smooth_a1.0,0,68359,29607,0.4297767976500213,0.44154299576216355,0.6115783429594353,0.22812311406155703,0.5819133034379671,0.6506724336014057,0.7955234320354395,0.12271689497716895,0.19971160778658975,,,,,
coarse6,WT->WT,WT1+WT3,WT2,nbr_k15,0,68359,29607,0.5283119983052117,0.542724462398435,0.6713277265511535,0.3390264730999146,0.6792919533122053,0.7332921747183208,0.8600471420153212,0.3141683778234086,0.2440458688620994,,,,,
coarse6,WT->WT,WT1+WT3,WT2,nbr_only_k15,0,68359,29607,0.4524731658545406,0.46845682220331236,0.5991826257304016,0.27298850574712646,0.5771863702792093,0.6632437330111749,0.8040017741855995,0.1954337899543379,0.20198482194979567,,,,,
coarse6,WT->WT,WT1+WT2,WT3,expr,0,58785,39181,0.5444882502302892,0.5617475747885244,0.6932186518976035,0.33715665559915486,0.7156343792633015,0.7138668295662798,0.8753061518513182,0.3495613280578015,0.2754041570438799,,,,,
coarse6,WT->WT,WT1+WT2,WT3,smooth_a0.25,0,58785,39181,0.5547483267865675,0.566557087836811,0.7068477067966616,0.3456561922365989,0.7248271796795456,0.7205740472744814,0.88137877229689,0.3511994002998501,0.3048543689320388,,,,,
coarse6,WT->WT,WT1+WT2,WT3,smooth_a0.5,0,58785,39181,0.551331670580584,0.5590707807848511,0.70906817079707,0.3531295021610373,0.7255334805003679,0.7153336488405111,0.8772139024304703,0.3222967309304275,0.31448275862068964,,,,,
coarse6,WT->WT,WT1+WT2,WT3,smooth_a0.75,0,58785,39181,0.5234266175993197,0.5275209655434732,0.6911513233454991,0.33909668313338037,0.695384299430097,0.6940759377859104,0.8568649925323886,0.24849506380929448,0.3066427289048474,,,,,
coarse6,WT->WT,WT1+WT2,WT3,smooth_a1.0,0,58785,39181,0.4438949342024112,0.44923889359160135,0.6363798780020928,0.25475728155339805,0.6229924781459646,0.6473333333333333,0.811604142377066,0.11242448121880746,0.21425788858589795,,,,,
coarse6,WT->WT,WT1+WT2,WT3,nbr_k15,0,58785,39181,0.5521965780698027,0.5684689055935234,0.7031979786120824,0.3477043673012318,0.726895119418484,0.7242477025647186,0.8820250979828126,0.3392497712717292,0.2930574098798398,,,,,
coarse6,WT->WT,WT1+WT2,WT3,nbr_only_k15,0,58785,39181,0.45728382292373815,0.47880843062022854,0.6150174829636814,0.2810542489067486,0.6130540068705299,0.6541264989419233,0.8169168401446258,0.17089005235602095,0.20766129032258066,,,,,
coarse6,WT->DB,WT1+WT2+WT3,DB1,expr,0,97966,25377,0.5394203136400969,0.5445507631404886,0.6444024116325807,0.4102463054187192,0.6676445934618609,0.7498286497601097,0.8075839802157038,0.39666666666666667,0.20455168631752124,,,,,
coarse6,WT->DB,WT1+WT2+WT3,DB1,smooth_a0.25,0,97966,25377,0.5464772714840352,0.5496261395850341,0.6556330535524294,0.41834862385321103,0.6815186695952307,0.7624259689631906,0.8119256687768022,0.40341151385927504,0.20123318385650224,,,,,
coarse6,WT->DB,WT1+WT2+WT3,DB1,smooth_a0.5,0,97966,25377,0.5477805848212487,0.5480815987886472,0.6584702683532332,0.42276070964950235,0.678154880739729,0.7652414596838808,0.8062318742834019,0.4068871771635705,0.2074074074074074,,,,,
coarse6,WT->DB,WT1+WT2+WT3,DB1,smooth_a0.75,0,97966,25377,0.5117103503229145,0.5095415798943644,0.629467628167238,0.36346060898985016,0.6302264349657715,0.7369952206137009,0.7762429095762429,0.3539156626506024,0.20942126514131898,,,,,
coarse6,WT->DB,WT1+WT2+WT3,DB1,smooth_a1.0,0,97966,25377,0.4258747230120983,0.4281912256506315,0.5573156795523505,0.23551401869158878,0.5277865989202921,0.6768693784400591,0.7087829442155517,0.22301565503982423,0.1832797427652733,,,,,
coarse6,WT->DB,WT1+WT2+WT3,DB1,nbr_k15,0,97966,25377,0.5473149740153734,0.554149208245566,0.6490916972061316,0.4092753623188406,0.685155668898098,0.7550520514390692,0.8113378368967198,0.4147355912061794,0.20833333333333334,,,,,
coarse6,WT->DB,WT1+WT2+WT3,DB1,nbr_only_k15,0,97966,25377,0.4368184631137164,0.44181019165677077,0.5353666706072427,0.29981916817359855,0.5306831758444661,0.6598427533006972,0.7129622980251347,0.24187315298931575,0.17573023034908572,,,,,
coarse6,DB->DB,DB2+DB3,DB1,expr,0,65702,25377,0.5398595423771323,0.5431634515073945,0.6425503408598338,0.4389344262295082,0.6667362270450752,0.7284217016029593,0.7955263157894736,0.4015514487793749,0.2079871348164031,,,,,
coarse6,DB->DB,DB2+DB3,DB1,smooth_a0.25,0,65702,25377,0.5453794626391327,0.5471978115116811,0.6492493202506207,0.44923857868020306,0.6753056745741457,0.7353433835845896,0.7962140992167102,0.4015097900448219,0.2146652497343252,,,,,
coarse6,DB->DB,DB2+DB3,DB1,smooth_a0.5,0,65702,25377,0.5395579566689929,0.5386229551721056,0.6466485400165504,0.44236343366778147,0.6722513089005235,0.7308232857459871,0.7857786938039418,0.38461538461538464,0.22151563328033916,,,,,
coarse6,DB->DB,DB2+DB3,DB1,smooth_a0.75,0,65702,25377,0.49345297407661004,0.49109091786447195,0.6119714702289475,0.36528758829465185,0.6215764164750157,0.6961053595323614,0.7506776776145748,0.3115373437954083,0.21553345874764848,,,,,
coarse6,DB->DB,DB2+DB3,DB1,smooth_a1.0,0,65702,25377,0.40823371416506643,0.41323093751364787,0.5453757339323009,0.24048875312413218,0.5166737019839595,0.6492816776741336,0.6906777043306357,0.16856780735107732,0.1837126405264601,,,,,
coarse6,DB->DB,DB2+DB3,DB1,nbr_k15,0,65702,25377,0.5450181924580172,0.5501272808892629,0.6427867754265674,0.4479166666666667,0.6743989877688739,0.7268920595533499,0.7950623838598354,0.4032187907785994,0.2226202661207779,,,,,
coarse6,DB->DB,DB2+DB3,DB1,nbr_only_k15,0,65702,25377,0.4318388273628894,0.4364593967028232,0.5300862986168577,0.2933840625660537,0.5314144560197616,0.6458348650834498,0.6947057997472265,0.2394460576278758,0.18624772313296903,,,,,
coarse6,WT->DB,WT1+WT2+WT3,DB2,expr,0,97966,35629,0.5440879925504611,0.5847294982286483,0.65932246203935,0.38386308068459657,0.7008900589193933,0.7018874011937409,0.8055981595092024,0.4866989117291415,0.18559034326669183,,,,,
coarse6,WT->DB,WT1+WT2+WT3,DB2,smooth_a0.25,0,97966,35629,0.5614276138419951,0.5972427719744461,0.6821690196188498,0.4081272084805654,0.7152993900161833,0.7140136486272021,0.8234942236512506,0.5049535603715171,0.2026776519052523,,,,,
coarse6,WT->DB,WT1+WT2+WT3,DB2,smooth_a0.5,0,97966,35629,0.5689946873408227,0.5953710077993134,0.6961463975974628,0.4153612935826175,0.717834631071561,0.7147156416390154,0.8323644819066996,0.5155598331729226,0.21813224267211997,,,,,
coarse6,WT->DB,WT1+WT2+WT3,DB2,smooth_a0.75,0,97966,35629,0.5284822972113624,0.5431895823816405,0.6695949928429089,0.34347965395706503,0.6747105423522243,0.6743072682431452,0.8112972646106783,0.45507297344821523,0.21202608065684617,,,,,
coarse6,WT->DB,WT1+WT2+WT3,DB2,smooth_a1.0,0,97966,35629,0.40649103844739076,0.42374819053823076,0.5805102584972915,0.1402961808261886,0.5504127178232956,0.5896660711831799,0.7480613415863964,0.2520483808037456,0.15846153846153846,,,,,
coarse6,WT->DB,WT1+WT2+WT3,DB2,nbr_k15,0,97966,35629,0.5515359851536799,0.5901493558059511,0.6691739874821073,0.39012669287898644,0.7078123065494615,0.7087135589114109,0.8122450535625786,0.4947521865889213,0.1955661124307205,,,,,
coarse6,WT->DB,WT1+WT2+WT3,DB2,nbr_only_k15,0,97966,35629,0.41713609016193454,0.44262073217499043,0.5468859636812708,0.2281607904783292,0.5441845961958216,0.5850329585110507,0.7314976800791055,0.2679087696755541,0.14603174603174604,,,,,
coarse6,DB->DB,DB1+DB3,DB2,expr,0,55450,35629,0.5488741146011942,0.5909920843910103,0.6540458615173034,0.4080560420315236,0.7008168175774077,0.7070834982192323,0.7939502611678491,0.5055384615384615,0.17779960707269155,,,,,
coarse6,DB->DB,DB1+DB3,DB2,smooth_a0.25,0,55450,35629,0.5633603971640483,0.60067092169392,0.6745347890763143,0.42911153119092627,0.7141779788838613,0.7157927396835246,0.8134661628306424,0.5181182453909726,0.18949572500436224,,,,,
coarse6,DB->DB,DB1+DB3,DB2,smooth_a0.5,0,55450,35629,0.5686963678250555,0.5967555411709077,0.687164949900362,0.43718189124028933,0.7180509689077201,0.7073442964506288,0.8228899065490153,0.5262458471760797,0.20046529662659945,,,,,
coarse6,DB->DB,DB1+DB3,DB2,smooth_a0.75,0,55450,35629,0.5223459354641465,0.5411312798046138,0.6595750652558309,0.33876442634080106,0.6724307088545499,0.6634933774834437,0.8031254564042647,0.4504932407745707,0.20576840292724924,,,,,
coarse6,DB->DB,DB1+DB3,DB2,smooth_a1.0,0,55450,35629,0.40018367853193393,0.42466116930737674,0.5731005641471835,0.12489660876757651,0.5496239222161071,0.5909652258693533,0.7392286995515696,0.23932676518883417,0.15706084959816302,,,,,
coarse6,DB->DB,DB1+DB3,DB2,nbr_k15,0,55450,35629,0.5551712199680927,0.5983674148494235,0.6634483145752056,0.4290876242095754,0.7105897273303742,0.7082748948106592,0.802865440464666,0.48884197828709286,0.19136765470618824,,,,,
coarse6,DB->DB,DB1+DB3,DB2,nbr_only_k15,0,55450,35629,0.4157905069863115,0.44731022578801,0.5406831513654607,0.25761772853185594,0.5405645417063114,0.5936374990816251,0.7212349807520317,0.23703206311901964,0.1446562287270252,,,,,
coarse6,WT->DB,WT1+WT2+WT3,DB3,expr,0,97966,30073,0.5564898175859029,0.5788799312682388,0.7058823529411765,0.4191593352883676,0.7230968134458894,0.7709325549239514,0.857064321055525,0.3476297968397291,0.22105608396195475,,,,,
coarse6,WT->DB,WT1+WT2+WT3,DB3,smooth_a0.25,0,97966,30073,0.5666645066869755,0.5836814925647067,0.7235393874904399,0.4232081911262799,0.7369450714823176,0.7874465049928673,0.8670911800569029,0.3492757584039355,0.23602033405954975,,,,,
coarse6,WT->DB,WT1+WT2+WT3,DB3,smooth_a0.5,0,97966,30073,0.5669691230184978,0.5787259708762721,0.7299903567984571,0.4259958071278826,0.7410050550104074,0.7854693996644541,0.8674321969527724,0.3322012966965113,0.24971098265895952,,,,,
coarse6,WT->DB,WT1+WT2+WT3,DB3,smooth_a0.75,0,97966,30073,0.5303230189844933,0.536907180855036,0.7067469158381272,0.3901869158878505,0.7017621470176215,0.7475687691025285,0.8502206531332744,0.2502768549280177,0.24192277383766744,,,,,
coarse6,WT->DB,WT1+WT2+WT3,DB3,smooth_a1.0,0,97966,30073,0.44595214055666244,0.45171406633026184,0.6425364945299771,0.26246719160104987,0.6107119045855248,0.6801641218806753,0.8011774382061383,0.14138923140156187,0.17980295566502463,,,,,
coarse6,WT->DB,WT1+WT2+WT3,DB3,nbr_k15,0,97966,30073,0.5612466268052457,0.5824082387849944,0.7136966714328468,0.41286660359508043,0.7365174877773599,0.7772300107841627,0.8613152010222243,0.34462982273201254,0.23492063492063492,,,,,
coarse6,WT->DB,WT1+WT2+WT3,DB3,nbr_only_k15,0,97966,30073,0.4504633210941214,0.4700472191619253,0.6119775213646793,0.29320066334991707,0.5906419357300969,0.6781724323907851,0.7985713631576538,0.16184971098265896,0.18034382095361662,,,,,
coarse6,DB->DB,DB1+DB2,DB3,expr,0,61006,30073,0.5588602513830138,0.585838262762545,0.7108369633890865,0.4316797214969539,0.7045366119368143,0.7848332571950662,0.8677287209831589,0.31984478935698446,0.244538407329105,,,,,
coarse6,DB->DB,DB1+DB2,DB3,smooth_a0.25,0,61006,30073,0.5691412832587183,0.5931744149214286,0.7266983673062215,0.44432773109243695,0.7201550387596899,0.7951215884583922,0.8761527734041118,0.31835205992509363,0.2607385079125848,,,,,
coarse6,DB->DB,DB1+DB2,DB3,smooth_a0.5,0,61006,30073,0.564467294110411,0.5857319877103175,0.730389385827819,0.4446827524575514,0.7224276032039433,0.7908082408874801,0.8755632891625396,0.28477064220183484,0.26855123674911663,,,,,
coarse6,DB->DB,DB1+DB2,DB3,smooth_a0.75,0,61006,30073,0.5203013221262199,0.5414179576622042,0.705716090845609,0.41220495106505467,0.6894599969404925,0.7534378437843784,0.8541547151493756,0.15688032272523533,0.2556701030927835,,,,,
coarse6,DB->DB,DB1+DB2,DB3,smooth_a1.0,0,61006,30073,0.4417468152581394,0.45778277387965854,0.6419712034050478,0.2999781992587748,0.598634236169723,0.6833740025061004,0.8037748977994259,0.0728667305848514,0.19185282522996058,,,,,
coarse6,DB->DB,DB1+DB2,DB3,nbr_k15,0,61006,30073,0.5579276844323157,0.58871538560417,0.7120340504771722,0.43260798960701524,0.707556117609864,0.7877611940298508,0.866563156452644,0.2930559804221474,0.2600216684723727,,,,,
coarse6,DB->DB,DB1+DB2,DB3,nbr_only_k15,0,61006,30073,0.4408080066131285,0.4811132099062944,0.6046619891597114,0.3226412562072205,0.5545996029119789,0.6878172588832487,0.7977949691944226,0.08244994110718493,0.19954501137471564,,,,,
coarse6,WT->HU,WT1+WT2+WT3,HU1,expr,0,97966,30464,0.29869884236195887,0.330809123773618,0.3289128151260504,0.13771929824561405,0.30936358392616803,0.31763386599383236,0.5061671996345363,0.23541559112028912,0.2858935152513134,,,,,
coarse6,WT->HU,WT1+WT2+WT3,HU1,smooth_a0.25,0,97966,30464,0.30683981185663084,0.34536932085852773,0.33669248949579833,0.14345794392523364,0.3176050753370341,0.30768104268873103,0.523350176083295,0.24995530126944396,0.29898933183604715,,,,,
coarse6,WT->HU,WT1+WT2+WT3,HU1,smooth_a0.5,0,97966,30464,0.31186113782378505,0.3578745416747644,0.34082851890756305,0.14474379292128897,0.3283983849259758,0.2840597855857266,0.5380585516178736,0.272108843537415,0.3037974683544304,,,,,
coarse6,WT->HU,WT1+WT2+WT3,HU1,smooth_a0.75,0,97966,30464,0.3073304373992182,0.3600839561830687,0.33442752100840334,0.1422032346658529,0.32671558049201554,0.24100235452404978,0.5360698422423036,0.2982885085574572,0.29970310391363025,,,,,
coarse6,WT->HU,WT1+WT2+WT3,HU1,smooth_a1.0,0,97966,30464,0.28402700148700427,0.339219056630983,0.31476496848739494,0.12857142857142856,0.2985399869252561,0.2122560766860664,0.507672537606773,0.2626865671641791,0.29443541196832224,,,,,
coarse6,WT->HU,WT1+WT2+WT3,HU1,nbr_k15,0,97966,30464,0.30541230836135086,0.35489918473131876,0.33547794117647056,0.12560128273650453,0.3308300009753243,0.2836607570675611,0.5220916092419943,0.25503788489440593,0.31525231525231523,,,,,
coarse6,WT->HU,WT1+WT2+WT3,HU1,nbr_only_k15,0,97966,30464,0.2750006480714521,0.3407382681398019,0.31804753151260506,0.08302718589272594,0.31969285513624873,0.17351841964762413,0.5063643013899048,0.24152330048438284,0.3258778258778259,,,,,
coarse6,HU->HU,HU2,HU1,expr,0,33389,30464,0.41705472983765285,0.44600007361344546,0.45538996848739494,0.22492863939105615,0.4899284168470118,0.43639080889221,0.5835468260745801,0.2934040940106141,0.4741295938104449,,,,,
coarse6,HU->HU,HU2,HU1,smooth_a0.25,0,33389,30464,0.4279333807559127,0.4565473664880762,0.46710871848739494,0.23779623252987644,0.4991276896236604,0.4457185130386536,0.5890883491728265,0.30572259941804075,0.4901469007524185,,,,,
coarse6,HU->HU,HU2,HU1,smooth_a0.5,0,33389,30464,0.43274898272628265,0.4592584737847704,0.4735753676470588,0.24389140271493212,0.5039588605011835,0.44690482016148764,0.5898149436482538,0.3149669404928872,0.4969569288389513,,,,,
coarse6,HU->HU,HU2,HU1,smooth_a0.75,0,33389,30464,0.42319061584488776,0.44541421325659086,0.46664915966386555,0.23578947368421052,0.4908201715705925,0.4403115753879597,0.5737603730882656,0.3076280041797283,0.4908340971585701,,,,,
coarse6,HU->HU,HU2,HU1,smooth_a1.0,0,33389,30464,0.3851491691248916,0.4038557075962858,0.43083639705882354,0.2043275814845248,0.43454530861224816,0.41643770158881854,0.537422813327,0.26054806437581557,0.4576135453609427,,,,,
coarse6,HU->HU,HU2,HU1,nbr_k15,0,33389,30464,0.43970153208009394,0.4682311608564822,0.47935267857142855,0.24263938191689288,0.5213813135388091,0.46431875655338306,0.5929350574297478,0.3201332346410067,0.4968014484007242,,,,,
coarse6,HU->HU,HU2,HU1,nbr_only_k15,0,33389,30464,0.38702045624718967,0.4144736246363105,0.4252560399159664,0.20831470719713902,0.4430877982167242,0.4149016641452345,0.5369497425484081,0.2679654475280279,0.4509033778476041,,,,,
coarse6,WTDB->HU,WT1+WT2+WT3+DB1+DB2+DB3,HU1,expr,0,189045,30464,0.29506093892498947,0.3261243163657784,0.3269104516806723,0.15249780893952672,0.30619822907740646,0.3081832364203659,0.5113761065183993,0.2158671586715867,0.27624309392265195,,,,,
coarse6,WTDB->HU,WT1+WT2+WT3+DB1+DB2+DB3,HU1,smooth_a0.25,0,189045,30464,0.3037850991465801,0.3409790256133187,0.33508403361344535,0.1633036133270765,0.3124141988625221,0.2966372206963106,0.5305078553160395,0.23141463414634147,0.28843307253119055,,,,,
coarse6,WTDB->HU,WT1+WT2+WT3+DB1+DB2+DB3,HU1,smooth_a0.5,0,189045,30464,0.3136978434767294,0.36067441379106274,0.3439141281512605,0.1758974358974359,0.325951627717114,0.27042074286168777,0.5487545006980674,0.25472298874973465,0.3064397649363369,,,,,
coarse6,WTDB->HU,WT1+WT2+WT3+DB1+DB2+DB3,HU1,smooth_a0.75,0,189045,30464,0.3060094420767444,0.35934078316448453,0.3359046743697479,0.17346352670878806,0.32479914301017676,0.22572358280527488,0.546464868026614,0.26303204208512676,0.30257348982448584,,,,,
coarse6,WTDB->HU,WT1+WT2+WT3+DB1+DB2+DB3,HU1,smooth_a1.0,0,189045,30464,0.27899504093394856,0.3359365760879234,0.31469931722689076,0.1512450046111282,0.29632838730640093,0.19368898186889819,0.5153674512344346,0.21966794380587484,0.2976724767769544,,,,,
coarse6,WTDB->HU,WT1+WT2+WT3+DB1+DB2+DB3,HU1,nbr_k15,0,189045,30464,0.30421714016672224,0.3549034721602076,0.3371520483193277,0.15171732147269582,0.32888803607406697,0.26044545602341085,0.5343137254901961,0.22644406064095182,0.3234942412990119,,,,,
coarse6,WTDB->HU,WT1+WT2+WT3+DB1+DB2+DB3,HU1,nbr_only_k15,0,189045,30464,0.2729945058548413,0.34106446163118315,0.31863839285714285,0.10933940774487472,0.3231270358306189,0.13906005702198104,0.5158352308010764,0.216265169353378,0.3343401343771189,,,,,
coarse6,WT->HU,WT1+WT2+WT3,HU2,expr,0,97966,33389,0.3037331428766986,0.3368481007105917,0.3328940669082632,0.15322269394056348,0.30942605049357913,0.2969420600858369,0.5657003522080737,0.24397429030530263,0.25313341022683583,,,,,
coarse6,WT->HU,WT1+WT2+WT3,HU2,smooth_a0.25,0,97966,33389,0.3128307305395232,0.35335588049868166,0.3414897121806583,0.15930664465538588,0.3183496982253851,0.28844666338513464,0.5893404124974474,0.2577460926789142,0.2637948717948718,,,,,
coarse6,WT->HU,WT1+WT2+WT3,HU2,smooth_a0.5,0,97966,33389,0.3202246526352483,0.37094103199038053,0.3481386085237653,0.16890951276102087,0.32486643546724153,0.266015037593985,0.6117535029247722,0.2769405743531419,0.27286285271132854,,,,,
coarse6,WT->HU,WT1+WT2+WT3,HU2,smooth_a0.75,0,97966,33389,0.31996296614075875,0.378255999513365,0.3461319596274222,0.17247007616974971,0.319192710884687,0.23351892197208102,0.6189704094041346,0.3067829170976799,0.26884276131622037,,,,,
coarse6,WT->HU,WT1+WT2+WT3,HU2,smooth_a1.0,0,97966,33389,0.300751228356468,0.36208224201277145,0.3293000688849621,0.15452668829253907,0.2946384163931165,0.20698131760078664,0.5920956492859515,0.29241036784106783,0.2638549307253464,,,,,
coarse6,WT->HU,WT1+WT2+WT3,HU2,nbr_k15,0,97966,33389,0.30974708070359014,0.36122431294248686,0.337236814519752,0.1422094965402052,0.3273566483223859,0.25961834410587875,0.5911018471932725,0.2612359550561798,0.2769601930036188,,,,,
coarse6,WT->HU,WT1+WT2+WT3,HU2,nbr_only_k15,0,97966,33389,0.2841932507540451,0.3563010114108453,0.32849141932971937,0.07742377526550188,0.31486532560518243,0.16311510483525887,0.586627945350142,0.2709628314093619,0.29216452205882354,,,,,
coarse6,HU->HU,HU1,HU2,expr,0,30464,33389,0.4181408035631892,0.45927347128219304,0.4551498996675552,0.22196455192976644,0.47419379431272396,0.40920910762985985,0.6434927341399398,0.31794871794871793,0.4420359154181277,,,,,
coarse6,HU->HU,HU1,HU2,smooth_a0.25,0,30464,33389,0.42707091743237396,0.4701689568327239,0.4656922938692384,0.23141082519964506,0.4851981175041749,0.41710074958709187,0.6507542486156196,0.3280738314974695,0.4498877321902429,,,,,
coarse6,HU->HU,HU1,HU2,smooth_a0.5,0,30464,33389,0.4326347964280999,0.476013214865119,0.47300008984995057,0.23866827115924588,0.492588710884863,0.4199974460477589,0.6517857142857143,0.34500452761847267,0.44776410857254445,,,,,
coarse6,HU->HU,HU1,HU2,smooth_a0.75,0,30464,33389,0.42581982548088426,0.46677610295521205,0.4674593428973614,0.2300185873605948,0.4795805331954804,0.41472892909473147,0.6384194831013916,0.3582871226124461,0.43388429752066116,,,,,
coarse6,HU->HU,HU1,HU2,smooth_a1.0,0,30464,33389,0.3914233236350489,0.4291294337603506,0.4336158615112762,0.20440881763527055,0.4262535790323765,0.38478150406504064,0.6012554086172223,0.3239213197969543,0.40791931266342923,,,,,
coarse6,HU->HU,HU1,HU2,nbr_k15,0,30464,33389,0.44209585387690414,0.48374803944950734,0.4787504866872323,0.24272711047653042,0.5008003658815459,0.4448305821025195,0.651912782347565,0.35189372526851326,0.4604105571847507,,,,,
coarse6,HU->HU,HU1,HU2,nbr_only_k15,0,30464,33389,0.3948811001733912,0.4342610078267956,0.43086046302674536,0.19446128967050738,0.42486967187979147,0.3939796370075255,0.6058488612836439,0.337212449255751,0.41291469194312796,,,,,
coarse6,WTDB->HU,WT1+WT2+WT3+DB1+DB2+DB3,HU2,expr,0,189045,33389,0.3028935396156501,0.3373368654246556,0.3342717661505286,0.1677762982689747,0.3065630397236615,0.28979426096372496,0.5717270649689846,0.22833404956309986,0.253166524205455,,,,,
coarse6,WTDB->HU,WT1+WT2+WT3+DB1+DB2+DB3,HU2,smooth_a0.25,0,189045,33389,0.3089750204581832,0.35134556663920097,0.340411512773668,0.17483228298434642,0.3119217081850534,0.27785282616423745,0.5922870424932888,0.23263424066636917,0.26432202225580437,,,,,
coarse6,WTDB->HU,WT1+WT2+WT3+DB1+DB2+DB3,HU2,smooth_a0.5,0,189045,33389,0.3160769769662934,0.3688579810209205,0.34664110934738984,0.19066846119336026,0.31965243113329633,0.2529281175840159,0.6167048804454635,0.24524714828897337,0.27126082315265093,,,,,
coarse6,WTDB->HU,WT1+WT2+WT3+DB1+DB2+DB3,HU2,smooth_a0.75,0,189045,33389,0.3136088005938912,0.374736020403524,0.34271766150528615,0.20136260408781226,0.31885182311869664,0.21546052631578946,0.6187787943676595,0.25816378868182593,0.26903526699156316,,,,,
coarse6,WTDB->HU,WT1+WT2+WT3+DB1+DB2+DB3,HU2,smooth_a1.0,0,189045,33389,0.29445847950574233,0.3590187686096649,0.32711372008745393,0.1722723543888433,0.29702580263935396,0.18909212394554414,0.594867856914315,0.24800868935553946,0.2654840497908582,,,,,
coarse6,WTDB->HU,WT1+WT2+WT3+DB1+DB2+DB3,HU2,nbr_k15,0,189045,33389,0.3077276957279693,0.36444519939505565,0.3394231633172602,0.16666666666666666,0.32607167955024596,0.24176687888076712,0.6037529853292392,0.2222222222222222,0.285885741718675,,,,,
coarse6,WTDB->HU,WT1+WT2+WT3+DB1+DB2+DB3,HU2,nbr_only_k15,0,189045,33389,0.2835856524808716,0.36007790300209547,0.32912036898379704,0.12171344165435746,0.3130479189718274,0.12443418833762315,0.5935676145535825,0.2470701778574383,0.30168057351040073,,,,,
full9,WT->WT,WT2+WT3,WT1,expr,0,68788,29178,0.3923888631898952,0.41488105224335814,0.595996984029063,0.28432799611838916,0.6364551863041289,0.7266491186089176,0.8124245038826574,,,0.320127625631481,0.14803149606299212,0.48,0.05684007707129094,0.06664376502919958
full9,WT->WT,WT2+WT3,WT1,smooth_a0.25,0,68788,29178,0.40163781532443715,0.42108038619941923,0.6169031462060457,0.2844198338786811,0.6510388918486947,0.7438715131022823,0.8217955957086391,,,0.3202011735121542,0.1582815149802148,0.5055555555555555,0.06050605060506051,0.06907020872865276
full9,WT->WT,WT2+WT3,WT1,smooth_a0.5,0,68788,29178,0.4001918768154684,0.41570314723547264,0.6259510590170676,0.2814934192855224,0.6534549805563865,0.738831111762121,0.818797159343098,,,0.303951367781155,0.17464114832535885,0.5085714285714286,0.04908747640025173,0.07289879931389365
full9,WT->WT,WT2+WT3,WT1,smooth_a0.75,0,68788,29178,0.377493418354262,0.3881066175537161,0.613784358078004,0.2570162481536189,0.6289955176721287,0.7100477145425628,0.7963174810698916,,,0.25245441795231416,0.16753246753246753,0.46726190476190477,0.05291005291005291,0.06490496059341679
full9,WT->WT,WT2+WT3,WT1,smooth_a1.0,0,68788,29178,0.32633541797228094,0.33682556298811345,0.5745424634998972,0.18158066623122143,0.5715335980002941,0.6688428485777097,0.7572680632749038,,,0.13213448006254885,0.15691672401927048,0.346875,0.06346623270951994,0.05840114887505984
full9,WT->WT,WT2+WT3,WT1,nbr_k15,0,68788,29178,0.39200232158774045,0.4145994688871303,0.5996298581122764,0.2801120448179272,0.6444896681277396,0.736817251692114,0.8157242492362672,,,0.3180345572354212,0.14166256763403837,0.4605087014725569,0.06551410373066424,0.06515775034293553
full9,WT->WT,WT2+WT3,WT1,nbr_only_k15,0,68788,29178,0.3194368271134718,0.3633505898730806,0.5483583521831517,0.1925343811394892,0.5663237682728749,0.6877017904314646,0.7608846688281612,,,0.20191765369430345,0.09963293130571578,0.27482014388489207,0.04147982062780269,0.049636285836542574
full9,WT->WT,WT1+WT3,WT2,expr,0,68359,29607,0.3849085211907495,0.41653273343661307,0.6225217009490999,0.3049751243781095,0.6541533546325878,0.717767232365479,0.8477136773801075,,,0.29659549913444894,0.12996075010902747,0.40594059405940597,0.03819628647214854,0.06887417218543046
full9,WT->WT,WT1+WT3,WT2,smooth_a0.25,0,68359,29607,0.39415324012310854,0.4250445975016507,0.6525821596244131,0.3177857508969759,0.6723802103622906,0.7358606873169979,0.8617470767416724,,,0.2978853815507202,0.13916710595677384,0.41186161449752884,0.04037490987743331,0.07031642390758412
full9,WT->WT,WT1+WT3,WT2,smooth_a0.5,0,68359,29607,0.38923786098535784,0.4177624012475806,0.6609585570979836,0.31057268722466963,0.6764237506635322,0.7215692036438437,0.8561528466239954,,,0.2807017543859649,0.143290831815422,0.40789473684210525,0.037075180226570546,0.06945975744211687
full9,WT->WT,WT1+WT3,WT2,smooth_a0.75,0,68359,29607,0.3671315892845339,0.3929742106819852,0.6468740500557301,0.2844932844932845,0.6497953107554894,0.6923774321779762,0.8325847477660631,,,0.2137465236392531,0.11412665274878218,0.3859060402684564,0.055248618784530384,0.07590569292696953
full9,WT->WT,WT1+WT3,WT2,smooth_a1.0,0,68359,29607,0.3063084291978792,0.3258330238454709,0.6007363123585638,0.19910437478470547,0.5785613749166605,0.6455866523143164,0.7908168017137003,,,0.09837505489679403,0.07017543859649122,0.2522202486678508,0.054628224582701064,0.0673076923076923
full9,WT->WT,WT1+WT3,WT2,nbr_k15,0,68359,29607,0.38797850056139066,0.4229567113404808,0.6324180092545681,0.31619736502195817,0.6661875099824309,0.7245409015025042,0.8518388440118408,,,0.2990280160091481,0.13312852022529442,0.39258114374034003,0.04818042029728344,0.060123784261715295
full9,WT->WT,WT1+WT3,WT2,nbr_only_k15,0,68359,29607,0.31711253895811,0.35903779076350895,0.5724659708852636,0.23882195448460508,0.5654516640253566,0.6579149393520651,0.7995022399203584,,,0.19230769230769232,0.0994733762434172,0.19548872180451127,0.053742802303262956,0.05130946018172101
full9,WT->WT,WT1+WT2,WT3,expr,0,58785,39181,0.39398620198430123,0.4652155683973944,0.672468798652408,0.30578361612844374,0.7109262340543538,0.7102653111827424,0.8718284260268994,,,0.39197214826950644,0.12141176470588236,0.3748148148148148,0.03355704697986577,0.02531645569620253
full9,WT->WT,WT1+WT2,WT3,smooth_a0.25,0,58785,39181,0.39765611443375004,0.46813135109341747,0.6934738776447769,0.3138658628485305,0.7228617536309844,0.7182026814832709,0.8801167509076672,,,0.39913793103448275,0.11764705882352941,0.3742690058479532,0.031331592689295036,0.02147239263803681
full9,WT->WT,WT1+WT2,WT3,smooth_a0.5,0,58785,39181,0.3906614842843734,0.4601958844863667,0.698782573185983,0.32245143200480675,0.7220447284345048,0.7115395920286873,0.8739613645128492,,,0.39276362770768863,0.09041095890410959,0.36044880785413747,0.023411371237458192,0.01892147587511826
full9,WT->WT,WT1+WT2,WT3,smooth_a0.75,0,58785,39181,0.358944413060321,0.4241436466409044,0.6786452617340037,0.27695800227014755,0.6884294153595437,0.6869875021206808,0.8525794269479957,,,0.3146382501402131,0.029944838455476755,0.34156378600823045,0.022556390977443608,0.016842105263157894
full9,WT->WT,WT1+WT2,WT3,smooth_a1.0,0,58785,39181,0.30495912976272777,0.3469184742776641,0.6294887828284117,0.1947755516104489,0.6174868898749496,0.6424175824175824,0.8078616030299929,,,0.18050314465408804,0.01468189233278956,0.26332288401253917,0.008130081300813009,0.01545253863134658
full9,WT->WT,WT1+WT2,WT3,nbr_k15,0,58785,39181,0.39505611690905046,0.4685259266866741,0.6808912483091294,0.3174872665534805,0.7201781241302533,0.7200971463266546,0.8751500163654217,,,0.3852040816326531,0.11569416498993963,0.35911994322214336,0.03222748815165877,0.030346820809248554
full9,WT->WT,WT1+WT2,WT3,nbr_only_k15,0,58785,39181,0.31249033906971746,0.38227056684537764,0.5991424414894975,0.2517482517482518,0.6073686008769432,0.6507103696280139,0.8146763433765853,,,0.1843494959193471,0.05521811154058531,0.22120750887874174,0.01818181818181818,0.008952551477170993
full9,WT->DB,WT1+WT2+WT3,DB1,expr,0,97966,25377,0.4025179934348882,0.40392856325093823,0.6089372266225322,0.38112688960146585,0.6678910976663786,0.73625,0.804022220659588,,,0.3963381798599892,0.13626126126126126,0.3853211009174312,0.05033112582781457,0.06512006512006512
full9,WT->DB,WT1+WT2+WT3,DB1,smooth_a0.25,0,97966,25377,0.4084830303915406,0.407046461873722,0.6256846750994995,0.38226227175717337,0.6803726309026662,0.7555047619047619,0.812253101393028,,,0.4035232590145885,0.13849033063006863,0.3847376788553259,0.060984060984060985,0.05821917808219178
full9,WT->DB,WT1+WT2+WT3,DB1,smooth_a0.5,0,97966,25377,0.4063972025463477,0.400834398632954,0.6287977302281593,0.36636942675159234,0.6703483432455395,0.7578330893118594,0.8029177176358306,,,0.4003471217818918,0.1377245508982036,0.40387722132471726,0.060073260073260075,0.05808409189423494
full9,WT->DB,WT1+WT2+WT3,DB1,smooth_a0.75,0,97966,25377,0.3717504391053399,0.36347984877068185,0.6009378571147101,0.2894131185270426,0.619715340010543,0.7274238227146814,0.7672223338019682,,,0.3456712672521957,0.09706959706959707,0.3793103448275862,0.0499194847020934,0.07000864304235091
full9,WT->DB,WT1+WT2+WT3,DB1,smooth_a1.0,0,97966,25377,0.29529150518284697,0.29395495024576235,0.5370611183355006,0.1679823176507736,0.5222081218274112,0.6726505459173421,0.7046571035566909,,,0.2002791346824843,0.07178464606181456,0.18823529411764706,0.051926298157453935,0.07790008467400508
full9,WT->DB,WT1+WT2+WT3,DB1,nbr_k15,0,97966,25377,0.405225478504918,0.4078175006538245,0.607912676833353,0.3790060380863911,0.6782570422535211,0.740229163396641,0.8087564175698803,,,0.39873584408743745,0.14855875831485588,0.3716535433070866,0.05996843766438716,0.06186406186406186
full9,WT->DB,WT1+WT2+WT3,DB1,nbr_only_k15,0,97966,25377,0.306617397459017,0.3156209201627485,0.5000197028805612,0.26556776556776557,0.5237400381636548,0.649458784346378,0.7057274522712311,,,0.20125427594070697,0.10102224894768491,0.20020855057351408,0.04663487016428193,0.06594259115593483
full9,DB->DB,DB2+DB3,DB1,expr,0,65702,25377,0.40563853108210385,0.4040710389776984,0.6073215904165189,0.42045454545454547,0.6604771672244413,0.7181266261925412,0.7949728260869565,,,0.40304182509505704,0.15224063842848373,0.3701399688958009,0.05693519079345851,0.07435799156765044
full9,DB->DB,DB2+DB3,DB1,smooth_a0.25,0,65702,25377,0.41230219937067936,0.4056190024393217,0.6200496512590141,0.4252151663177483,0.6722418784174976,0.7304855562384758,0.7972084283988726,,,0.40835266821345706,0.15660252156602522,0.3844856661045531,0.05905511811023622,0.07707279096924874
full9,DB->DB,DB2+DB3,DB1,smooth_a0.5,0,65702,25377,0.40851553702034743,0.3946107139809511,0.6222957796429838,0.41595302177636406,0.6663832500797109,0.7277267719427103,0.786316899551806,,,0.39431616341030196,0.14378029079159935,0.41081081081081083,0.060514372163388806,0.07083825265643448
full9,DB->DB,DB2+DB3,DB1,smooth_a0.75,0,65702,25377,0.3681108404805097,0.35070336919299927,0.5901406785672065,0.33133187772925765,0.6126486372724402,0.6908738133185504,0.7494042635409287,,,0.30538679627379506,0.11089108910891089,0.38445807770961143,0.0504364694471387,0.07756653992395438
full9,DB->DB,DB2+DB3,DB1,smooth_a1.0,0,65702,25377,0.27979291532946854,0.27716175513284363,0.5261063167435079,0.19759036144578312,0.508063666069358,0.646174406949549,0.6888860887096774,,,0.11336032388663968,0.06941431670281996,0.18018018018018017,0.04214963119072708,0.07231726283048212
full9,DB->DB,DB2+DB3,DB1,nbr_k15,0,65702,25377,0.4058860167569165,0.40802390018814066,0.6027899278874571,0.4191449814126394,0.6677617170389838,0.7179608960658592,0.791864220435649,,,0.3994910941475827,0.1535855448898927,0.3554868624420402,0.06862745098039216,0.07905138339920949
full9,DB->DB,DB2+DB3,DB1,nbr_only_k15,0,65702,25377,0.3023924192798639,0.31550190350359114,0.4956456633959885,0.2626360338573156,0.5266187050359712,0.6407911368875009,0.6876131180771736,,,0.17294464461185718,0.10816432657306292,0.204,0.06570433051269288,0.05305947796320069
full9,WT->DB,WT1+WT2+WT3,DB2,expr,0,97966,35629,0.42105089950752395,0.48163876168567565,0.6247158213814589,0.39423546653639474,0.6947259699180169,0.7097422162705055,0.7860935226334211,,,0.5114391143911439,0.12144008597528211,0.48477466504263095,0.03752931978107897,0.04947773501924134
full9,WT->DB,WT1+WT2+WT3,DB2,smooth_a0.25,0,97966,35629,0.4336798809930059,0.4900917260082997,0.6554492127199752,0.4069767441860465,0.7119782099195541,0.72121014964216,0.8121027592768791,,,0.5268419104035542,0.1366954213669542,0.4894932014833127,0.04261501210653753,0.05520552055205521
full9,WT->DB,WT1+WT2+WT3,DB2,smooth_a0.5,0,97966,35629,0.4320988105133935,0.4814905748032596,0.6738892475230851,0.39951937518774405,0.7116937989312787,0.7132335839987596,0.8235250926979698,,,0.5346385542168675,0.12956810631229235,0.48284313725490197,0.040376850605652756,0.05349079541507468
full9,WT->DB,WT1+WT2+WT3,DB2,smooth_a0.75,0,97966,35629,0.39430449269601064,0.43810066251600666,0.649499003620646,0.2898550724637681,0.664067734665286,0.6658464210754867,0.8016431505626005,,,0.4649387181032751,0.0908130939809926,0.4628712871287129,0.051517939282428704,0.0571870170015456
full9,WT->DB,WT1+WT2+WT3,DB2,smooth_a1.0,0,97966,35629,0.28875005147976923,0.31323255324306587,0.5665328805186786,0.0920353982300885,0.5446352454025088,0.5844218012719689,0.7412826139965862,,,0.23022566674264874,0.04014167650531287,0.2654600301659125,0.04771784232365145,0.052830188679245285
full9,WT->DB,WT1+WT2+WT3,DB2,nbr_k15,0,97966,35629,0.42696573151326733,0.4760455809107084,0.6258104353195431,0.38699360341151384,0.6982575708866456,0.7072881355932203,0.7907524433803038,,,0.5235909675050486,0.1411192214111922,0.5090403337969402,0.03462603878116344,0.05102326885337819
full9,WT->DB,WT1+WT2+WT3,DB2,nbr_only_k15,0,97966,35629,0.29760991919157137,0.33132020509618676,0.5119144517106852,0.19772528433945757,0.5297039282719473,0.5814383286460426,0.7193316495045657,,,0.23357664233576642,0.0963371801304566,0.24822695035460993,0.03338278931750742,0.038766519823788544
full9,DB->DB,DB1+DB3,DB2,expr,0,55450,35629,0.40498704112902395,0.4799179253785899,0.611889191389037,0.405920722528851,0.6918813172481252,0.7104786971541371,0.7691194209891435,,,0.5293885601577909,0.10545454545454545,0.3417172593235039,0.03975741239892183,0.051165434906196704
full9,DB->DB,DB1+DB3,DB2,smooth_a0.25,0,55450,35629,0.4204505288437696,0.4901766737099864,0.6442785371467064,0.4241617881852049,0.7090536560379049,0.7208290483347837,0.7986154324828874,,,0.5403032721468476,0.11469933184855234,0.3780718336483932,0.044962531223980015,0.05335786568537258
full9,DB->DB,DB1+DB3,DB2,smooth_a0.5,0,55450,35629,0.4233949967920835,0.48283182590101703,0.663027309214404,0.40765092647937834,0.7097823367525644,0.7011010123402054,0.8123167155425219,,,0.5400082068116536,0.12788104089219332,0.4098867147270855,0.04783599088838269,0.05409202669476642
full9,DB->DB,DB1+DB3,DB2,smooth_a0.75,0,55450,35629,0.3848045935410789,0.4321567618785106,0.6391142047208734,0.3029400818756978,0.6615590417122704,0.650172378827824,0.7917694261420105,,,0.4581030289630776,0.08016443987667009,0.41363636363636364,0.04692556634304207,0.057971014492753624
full9,DB->DB,DB1+DB3,DB2,smooth_a1.0,0,55450,35629,0.281261861614135,0.3096087139185373,0.5578882371102192,0.1,0.5443865810827176,0.5807270189684705,0.7306331672803408,,,0.19658119658119658,0.04491725768321513,0.2545968882602546,0.03682170542635659,0.042692939244663386
full9,DB->DB,DB1+DB3,DB2,nbr_k15,0,55450,35629,0.3995821158545976,0.4829418579520012,0.611692722220663,0.42066805845511485,0.6963605308106687,0.7084486407292854,0.7694662638469285,,,0.5273492286115007,0.0898876404494382,0.28771929824561404,0.04561267877850792,0.05072670276432032
full9,DB->DB,DB1+DB3,DB2,nbr_only_k15,0,55450,35629,0.28358219919628286,0.34396145871500683,0.5006595750652558,0.22386784391911135,0.5241988658842147,0.5893335373785293,0.7004253270203034,,,0.23373493975903614,0.0654911838790932,0.14679854242581988,0.036611323967645805,0.03177822853279243
full9,WT->DB,WT1+WT2+WT3,DB3,expr,0,97966,30073,0.40352544843330757,0.43814323579124165,0.6757224088052406,0.3992589161648912,0.7155806926474007,0.765991133628879,0.8501648326136416,,,0.35064935064935066,0.12252252252252252,0.36682242990654207,0.024944974321349962,0.035794183445190156
full9,WT->DB,WT1+WT2+WT3,DB3,smooth_a0.25,0,97966,30073,0.4110619159644976,0.44440135009632775,0.7031889069929838,0.39726350554376033,0.7318223303924551,0.7856979492261951,0.8646514161220044,,,0.3654439492629414,0.11634756995581738,0.3689095127610209,0.026236125126135216,0.043184885290148446
full9,WT->DB,WT1+WT2+WT3,DB3,smooth_a0.5,0,97966,30073,0.40860901479912376,0.43893884067742217,0.7145612343297975,0.3916083916083916,0.7362392145194883,0.7813048566413107,0.8651208506455792,,,0.3643321852277076,0.09827115559599636,0.36610169491525424,0.02677376171352075,0.04772902232486528
full9,WT->DB,WT1+WT2+WT3,DB3,smooth_a0.75,0,97966,30073,0.374923532728464,0.4009380874993845,0.6923486183619858,0.337248322147651,0.6946335749322791,0.740997710400333,0.8453517532667517,,,0.28611764705882353,0.06583427922814983,0.34273318872017355,0.006688963210702341,0.054706355591311345
full9,WT->DB,WT1+WT2+WT3,DB3,smooth_a1.0,0,97966,30073,0.30575371473327,0.3221566841857188,0.632361254281249,0.2216640502354788,0.6081260120712498,0.6728332998190227,0.7969127285270783,,,0.14790647090810222,0.03140096618357488,0.22324510932105868,0.007285974499089253,0.04240882103477523
full9,WT->DB,WT1+WT2+WT3,DB3,nbr_k15,0,97966,30073,0.40679357699515445,0.44189615160534973,0.6822066305323712,0.3850903270066316,0.7295491205161687,0.7669471344657882,0.8541570332007768,,,0.35662491760052734,0.13201727328809376,0.3706293706293706,0.028391167192429023,0.03773584905660377
full9,WT->DB,WT1+WT2+WT3,DB3,nbr_only_k15,0,97966,30073,0.3114852550602852,0.350755946397592,0.5890333521763709,0.25675383617894965,0.5818322981366459,0.6731462611694623,0.7957863611162447,,,0.15730337078651685,0.0830130668716372,0.20357634112792297,0.022988505747126436,0.028967254408060455
full9,DB->DB,DB1+DB2,DB3,expr,0,61006,30073,0.4051736362833286,0.4443315322213101,0.6835034748777974,0.4284624189240748,0.7006097078153456,0.7825070159027128,0.85928531753379,,,0.3381014304291287,0.12289156626506025,0.34285714285714286,0.03197674418604651,0.03987138263665595
full9,DB->DB,DB1+DB2,DB3,smooth_a0.25,0,61006,30073,0.4154762912677856,0.4530025427977525,0.7103714295214977,0.4427889207258835,0.7196072319201995,0.7951771137572081,0.8719902054142293,,,0.3479504289799809,0.1280120481927711,0.352067868504772,0.0411522633744856,0.04054054054054054
full9,DB->DB,DB1+DB2,DB3,smooth_a0.5,0,61006,30073,0.4048746375791477,0.4403207013112164,0.7167558939912879,0.4344278220322518,0.7212487565995868,0.7853463079564968,0.8698381383670358,,,0.3154399557277255,0.0873015873015873,0.34126163391933817,0.042735042735042736,0.04627249357326478
full9,DB->DB,DB1+DB2,DB3,smooth_a0.75,0,61006,30073,0.36776151239882293,0.40071498743953676,0.6940777441558873,0.39940323955669227,0.6837181228308435,0.7428109637012593,0.8477556275806953,,,0.1959694232105629,0.04970414201183432,0.3270042194092827,0.029038112522686024,0.03444976076555024
full9,DB->DB,DB1+DB2,DB3,smooth_a1.0,0,61006,30073,0.30152223362379554,0.3254295256601472,0.6348219332956473,0.2761121856866538,0.5990936555891239,0.6796971069833668,0.79882795416776,,,0.06722689075630252,0.020330368487928845,0.23255813953488372,0.008264462809917356,0.0315893385982231
full9,DB->DB,DB1+DB2,DB3,nbr_k15,0,61006,30073,0.3983197458009787,0.4473511346331302,0.6861636684068766,0.4361586031284103,0.7004504504504504,0.7884264884568651,0.8577922077922078,,,0.3039348710990502,0.11484593837535013,0.3000882612533098,0.04716981132075472,0.036011080332409975
full9,DB->DB,DB1+DB2,DB3,nbr_only_k15,0,61006,30073,0.30100091240709137,0.35657077473356313,0.5870382070295614,0.3099081987970877,0.5523730912092447,0.6878059802666265,0.7930695387497073,,,0.06984478935698447,0.07355242566510173,0.1647183846971307,0.03508771929824561,0.02264808362369338
full9,WT->HU,WT1+WT2+WT3,HU1,expr,0,97966,30464,0.17622738897543155,0.2194159107828998,0.24031643907563024,0.13556575749392386,0.2857142857142857,0.2755079258763117,0.48995325186582467,,,0.1415001637733377,0.0752651385562778,0.04294149221685454,0.07167235494880546,0.06792613033326257
full9,WT->HU,WT1+WT2+WT3,HU1,smooth_a0.25,0,97966,30464,0.17732001123613617,0.22627168585665677,0.23706670168067226,0.13548573075814355,0.2916845263609087,0.26008898602763253,0.5028117763810784,,,0.15723941657773036,0.0640374853572823,0.03837719298245614,0.07426841574167507,0.07188657093831843
full9,WT->HU,WT1+WT2+WT3,HU1,smooth_a0.5,0,97966,30464,0.17491734825101102,0.23036825403993433,0.22935267857142858,0.14107883817427386,0.2937047353760446,0.2316930775646372,0.5145096731154103,,,0.17497057669674382,0.04604966139954853,0.019165727170236752,0.08054805895785759,0.07253578580434622
full9,WT->HU,WT1+WT2+WT3,HU1,smooth_a0.75,0,97966,30464,0.16654967630775527,0.22854423344266614,0.21487657563025211,0.13299964247407936,0.2890280677337045,0.1860630903582249,0.5055569482744213,,,0.19384474046853467,0.024793388429752067,0.004584527220630372,0.08485139022051774,0.07722529158993248
full9,WT->HU,WT1+WT2+WT3,HU1,smooth_a1.0,0,97966,30464,0.15006109472547594,0.21140864465942205,0.19826680672268907,0.1111111111111111,0.2617788743978381,0.1611271676300578,0.47873491468997087,,,0.15843621399176955,0.012965964343598054,0.004592422502870264,0.0830539076605623,0.0787492762015055
full9,WT->HU,WT1+WT2+WT3,HU1,nbr_k15,0,97966,30464,0.17375489311897463,0.22504162986588044,0.22167148109243698,0.10796036897847626,0.29491813735913247,0.2300989763979359,0.4946538124452235,,,0.15586206896551724,0.09040928527794746,0.05402485143165856,0.05691382765531062,0.07895270955956972
full9,WT->HU,WT1+WT2+WT3,HU1,nbr_only_k15,0,97966,30464,0.15584961169666223,0.20755701858662545,0.20765493697478993,0.060552092609082814,0.2770362585391487,0.1439574546121401,0.4883757216414417,,,0.1267605633802817,0.11587485515643106,0.05057724024189115,0.05125665469852668,0.08825566439101613
full9,HU->HU,HU2,HU1,expr,0,33389,30464,0.310330424514108,0.3710658222674269,0.40158876050420167,0.20350877192982456,0.47606499780412825,0.4213263979193758,0.5782362342002034,,,0.26300294406280667,0.20182961692395654,0.397544128933231,0.15845198977729097,0.09300873907615481
full9,HU->HU,HU2,HU1,smooth_a0.25,0,33389,30464,0.32083052231133674,0.3794748015616072,0.41616334033613445,0.2177293934681182,0.48915016858303795,0.43241511851377323,0.587614907717523,,,0.27879626426841925,0.20740305522914218,0.4103206412825651,0.17142857142857143,0.09261658031088082
full9,HU->HU,HU2,HU1,smooth_a0.5,0,33389,30464,0.3282311830626503,0.3825685733367815,0.42745535714285715,0.22203098106712565,0.5005,0.4353356000503715,0.5877272410670753,,,0.2986425339366516,0.2140266021765417,0.4143540669856459,0.18821379625399726,0.09324982602644398
full9,HU->HU,HU2,HU1,smooth_a0.75,0,33389,30464,0.32305615555733064,0.36641685267479823,0.4251575630252101,0.21656050955414013,0.48734228080045006,0.43247894769192946,0.5707297187117815,,,0.2981787378229564,0.2037567653613499,0.407567813995897,0.209106239460371,0.08178438661710037
full9,HU->HU,HU2,HU1,smooth_a1.0,0,33389,30464,0.28707363783963097,0.31567270041929085,0.39282431722689076,0.18193717277486912,0.4350866041633561,0.4114119571143013,0.535025041736227,,,0.2103825136612022,0.16794401866044653,0.3631019669907303,0.1926782273603083,0.0860952380952381
full9,HU->HU,HU2,HU1,nbr_k15,0,33389,30464,0.32998580057451865,0.3896683817749317,0.4223673844537815,0.222640494756655,0.5072513222999488,0.44693098764633593,0.5880528686406261,,,0.2755066987289591,0.24345479082321186,0.4051855617691917,0.18345618345618345,0.097393297049556
full9,HU->HU,HU2,HU1,nbr_only_k15,0,33389,30464,0.2766032519921844,0.3310584479979537,0.3635438550420168,0.1899506244554168,0.414473105026851,0.3961289478846531,0.5317553660688032,,,0.18332381496287836,0.17912946428571427,0.3479645212644985,0.1611750694720127,0.08552835450883173
full9,WTDB->HU,WT1+WT2+WT3+DB1+DB2+DB3,HU1,expr,0,189045,30464,0.17953983056784528,0.2210617485745485,0.24625787815126052,0.14948061819103117,0.2832328599162154,0.27409570882947654,0.49760915575762327,,,0.13726884779516357,0.04763764154627099,0.0797979797979798,0.08142954082786699,0.0653061224489796
full9,WTDB->HU,WT1+WT2+WT3+DB1+DB2+DB3,HU1,smooth_a0.25,0,189045,30464,0.18000403246449748,0.22696895593091895,0.24310661764705882,0.15597075548334688,0.2873055905842791,0.2560125342734038,0.5120643431635389,,,0.15194908512330946,0.04264577893820714,0.06006322444678609,0.08525445846020009,0.06877052170740605
full9,WTDB->HU,WT1+WT2+WT3+DB1+DB2+DB3,HU1,smooth_a0.5,0,189045,30464,0.17887350452989445,0.23525070981086868,0.23572085084033614,0.15863689776733256,0.2956140350877193,0.22306016423663483,0.520764983596063,,,0.17473884140550808,0.028254288597376387,0.03746556473829201,0.09474161378059837,0.07658515155952555
full9,WTDB->HU,WT1+WT2+WT3+DB1+DB2+DB3,HU1,smooth_a0.75,0,189045,30464,0.1706992151381306,0.22858715860148507,0.22124474789915966,0.16150654324928185,0.288735632183908,0.18100598588403466,0.5166545689168481,,,0.1860737273259216,0.012242626599888704,0.018140589569160998,0.09229098805646037,0.07964227445767116
full9,WTDB->HU,WT1+WT2+WT3+DB1+DB2+DB3,HU1,smooth_a1.0,0,189045,30464,0.154008574854278,0.21188423834291678,0.20463497899159663,0.14266666666666666,0.2627839254513687,0.1569445704436179,0.48786738207736047,,,0.15279672578444747,0.006783493499152063,0.006864988558352402,0.08834865105247554,0.08102077015506094
full9,WTDB->HU,WT1+WT2+WT3+DB1+DB2+DB3,HU1,nbr_k15,0,189045,30464,0.17693046689249664,0.23026384591691748,0.23237263655462184,0.1348973607038123,0.2992888797279192,0.21940209522187207,0.5146122448979592,,,0.1488673139158576,0.04375497215592681,0.08210846426761277,0.06930278049462064,0.08014009064688916
full9,WTDB->HU,WT1+WT2+WT3+DB1+DB2+DB3,HU1,nbr_only_k15,0,189045,30464,0.16600612888649155,0.22329865691416895,0.22048975840336135,0.07584050039093042,0.29512836062259956,0.11676365684250047,0.5033045246568378,,,0.129202871174915,0.0544435548438751,0.16838166510757718,0.05912162162162162,0.09186840471756673
full9,WT->HU,WT1+WT2+WT3,HU2,expr,0,97966,33389,0.18515245115334233,0.23144046965546128,0.25196921141693374,0.14048232264106766,0.29208809906418376,0.25803680103100163,0.5538661093896375,,,0.12492803684513529,0.08866761498340446,0.07542579075425791,0.08386508659981769,0.049012199071575085
full9,WT->HU,WT1+WT2+WT3,HU2,smooth_a0.25,0,97966,33389,0.185309248964567,0.23988756414043966,0.24966306268531552,0.14239157683629983,0.29581177389436686,0.24245608767452334,0.5749474751865536,,,0.14140166718122876,0.07466943220119264,0.0583756345177665,0.0857336496103016,0.05199594357886973
full9,WT->HU,WT1+WT2+WT3,HU2,smooth_a0.5,0,97966,33389,0.1824305409016229,0.24495115677669135,0.24304411632573603,0.14995787700084245,0.29831677144595414,0.21265985683262287,0.5924098396342791,,,0.15560165975103735,0.056708564747149956,0.03398692810457516,0.08775749455702563,0.05447587604111953
full9,WT->HU,WT1+WT2+WT3,HU2,smooth_a0.75,0,97966,33389,0.17450051310039602,0.2450554344672182,0.23226212225583276,0.14817190506735087,0.28456404280114417,0.18220628415300547,0.5958702064896755,,,0.17001180637544275,0.027994791666666668,0.00801068090787717,0.09888888888888889,0.05478601155351264
full9,WT->HU,WT1+WT2+WT3,HU2,smooth_a1.0,0,97966,33389,0.15929969226967608,0.22549150853254224,0.2162089310850879,0.13845621322256838,0.2601887601887602,0.15431191073436554,0.5710229289415774,,,0.13910761154855644,0.02221474251093908,0.0,0.09488768396591789,0.05350737931439995
full9,WT->HU,WT1+WT2+WT3,HU2,nbr_k15,0,97966,33389,0.18119378417082208,0.23521481812426437,0.23486777082272606,0.11066952002445735,0.3012455344211644,0.2081529286822972,0.5702958218969197,,,0.13957816377171217,0.10775295663600526,0.0718266253869969,0.05947781290247044,0.06174469381537524
full9,WT->HU,WT1+WT2+WT3,HU2,nbr_only_k15,0,97966,33389,0.1650350482994264,0.21479784108785094,0.22519392614334063,0.04617968094038623,0.27971097166761744,0.13458831808585503,0.5745656706045865,,,0.12929475587703435,0.14651553316540722,0.0620253164556962,0.04598671026263052,0.06644847763562432
full9,HU->HU,HU1,HU2,expr,0,30464,33389,0.30779094499222276,0.38737194631106453,0.40267752852735933,0.1978551105274677,0.4562706936929662,0.39270724029380905,0.6411906154546045,,,0.23023658395845356,0.24314039655517725,0.3742587305073578,0.1716589861751152,0.06280014776505356
full9,HU->HU,HU1,HU2,smooth_a0.25,0,30464,33389,0.31992509809585534,0.40136994447212904,0.4172032705382012,0.20183908045977011,0.4702719797596458,0.403991651447952,0.6493539721120635,,,0.25,0.2550253807106599,0.384418901660281,0.19097651421508036,0.07344840249724569
full9,HU->HU,HU1,HU2,smooth_a0.5,0,30464,33389,0.32718818296799357,0.4056116974667161,0.42831471442690705,0.21122789028454242,0.483044345557772,0.4123228909398154,0.6505268439538384,,,0.2696397941680961,0.26151012891344383,0.38085742771684944,0.212707182320442,0.06285714285714286
full9,HU->HU,HU1,HU2,smooth_a0.75,0,30464,33389,0.32409839221645464,0.39300671145191,0.42633801551409145,0.17692307692307693,0.4774050866199779,0.4053460743801653,0.6363301400147384,,,0.2737341772151899,0.2777663301050896,0.3657164291072768,0.24609053497942388,0.05757368060315284
full9,HU->HU,HU1,HU2,smooth_a1.0,0,30464,33389,0.2903592241498303,0.34391601981215786,0.3927640839797538,0.16234567901234567,0.4226826608505998,0.37847199948681765,0.5973122150227982,,,0.20666385491353859,0.23469818488813846,0.32729289940828404,0.23004059539918809,0.053724928366762174
full9,HU->HU,HU1,HU2,nbr_k15,0,30464,33389,0.3292476852653063,0.40906641713544484,0.42196531791907516,0.2077383694150161,0.48099838969404185,0.42338865302971823,0.6487238979118329,,,0.24719101123595505,0.2872628726287263,0.38051948051948054,0.21533442088091354,0.07207207207207207
full9,HU->HU,HU1,HU2,nbr_only_k15,0,30464,33389,0.28305655829692766,0.3567971701394938,0.3732067447362904,0.16720257234726688,0.4012864918357249,0.3789651586063443,0.6038032786885246,,,0.18138041733547353,0.25262354512497615,0.31785995279307633,0.18479604449938195,0.05959156344158018
full9,WTDB->HU,WT1+WT2+WT3+DB1+DB2+DB3,HU2,expr,0,189045,33389,0.1843233699675791,0.22798524265380765,0.25403576028033187,0.1595791319596668,0.2886788956827867,0.2532500179559003,0.5528839471855456,,,0.12084783296425182,0.057385759829968117,0.09257142857142857,0.087281305287989,0.04643201027067508
full9,WTDB->HU,WT1+WT2+WT3+DB1+DB2+DB3,HU2,smooth_a0.25,0,189045,33389,0.18397456614464203,0.2350461171613671,0.25169966156518614,0.16752941176470587,0.29191473017092373,0.23465540642437038,0.5763539921831379,,,0.12932226832641772,0.042282073559223865,0.07255139056831923,0.09236363636363637,0.048798185941043085
full9,WTDB->HU,WT1+WT2+WT3+DB1+DB2+DB3,HU2,smooth_a0.5,0,189045,33389,0.1835981562208896,0.2469398740034465,0.24660816436550959,0.17553735926305014,0.29384738314023173,0.20564222779080107,0.5944085417252037,,,0.15142972211035038,0.02737981534543139,0.04361770365618987,0.10730977752851001,0.05321087542823821
full9,WTDB->HU,WT1+WT2+WT3+DB1+DB2+DB3,HU2,smooth_a0.75,0,189045,33389,0.17784191389546686,0.24698962460567028,0.23579622031207884,0.1787453451733028,0.2863417695042878,0.16844643472270066,0.600042078687145,,,0.1715686274509804,0.010369858278603527,0.013280212483399735,0.1159860990443093,0.05579679971447267
full9,WTDB->HU,WT1+WT2+WT3+DB1+DB2+DB3,HU2,smooth_a1.0,0,189045,33389,0.16067848963374415,0.22505615485522754,0.22058162868010422,0.15528700906344411,0.2618514967508256,0.14866393942031508,0.5788744108677571,,,0.13274336283185842,0.008432888264230498,0.0013422818791946308,0.10284360189573459,0.05606741573033708
full9,WTDB->HU,WT1+WT2+WT3+DB1+DB2+DB3,HU2,nbr_k15,0,189045,33389,0.18241166695094602,0.23604804562077808,0.2419659169187457,0.14351851851851852,0.29811676082862526,0.20138317141445744,0.5857595848947823,,,0.1324314702741189,0.047800108636610536,0.10646823125357756,0.07118887823585811,0.05503827850196565
full9,WTDB->HU,WT1+WT2+WT3+DB1+DB2+DB3,HU2,nbr_only_k15,0,189045,33389,0.16907184476222342,0.21975574486509028,0.23196262242055768,0.08554996405463695,0.28950032207600995,0.10581437342000723,0.5832361704884053,,,0.09925093632958802,0.06743377040406744,0.17795753286147623,0.04954845008542836,0.0633550831403915
